session_id,timestamp_iso,event_type,prev,b,run_len,prev_run_len,single_change,run_boundary_change,burst_change
ses_20260630-121953-LAPTOP-R36BQBTE,2026-06-30T12:21:41.508Z,app_switch,screenshot_smart,True,2,1.0,True,False,False
ses_20260630-121953-LAPTOP-R36BQBTE,2026-06-30T12:22:29.004Z,mouse_click,mouse_click,True,2,2.0,False,False,False
ses_20260630-121953-LAPTOP-R36BQBTE,2026-06-30T12:23:25.385Z,mouse_click,mouse_click,True,2,2.0,False,False,False
ses_20260630-121953-LAPTOP-R36BQBTE,2026-06-30T12:23:46.174Z,app_switch,screenshot_smart,True,2,1.0,True,False,False
ses_20260630-121953-LAPTOP-R36BQBTE,2026-06-30T12:24:21.234Z,app_switch,screenshot_smart,True,2,1.0,True,False,False
ses_20260630-121953-LAPTOP-R36BQBTE,2026-06-30T12:24:57.272Z,mouse_click,mouse_click,True,2,2.0,False,False,False
ses_20260630-121953-LAPTOP-R36BQBTE,2026-06-30T12:26:32.659Z,app_switch,screenshot_smart,True,3,1.0,True,False,True
ses_20260630-121953-LAPTOP-R36BQBTE,2026-06-30T12:26:55.669Z,app_switch,screenshot_smart,True,2,1.0,True,False,False
ses_20260630-121953-LAPTOP-R36BQBTE,2026-06-30T12:28:33.680Z,app_switch,keystroke,False,2,6.0,True,True,True
ses_20260630-121953-LAPTOP-R36BQBTE,2026-06-30T12:28:49.210Z,mouse_click,screenshot_smart,True,1,1.0,True,False,False
ses_20260630-121953-LAPTOP-R36BQBTE,2026-06-30T12:29:48.908Z,app_switch,screenshot_smart,True,1,1.0,True,False,False
ses_20260630-121953-LAPTOP-R36BQBTE,2026-06-30T12:30:20.229Z,mouse_click,mouse_click,True,2,2.0,False,False,False
ses_20260630-121953-LAPTOP-R36BQBTE,2026-06-30T12:31:03.248Z,mouse_click,screenshot_smart,True,1,1.0,True,False,False
ses_20260630-121953-LAPTOP-R36BQBTE,2026-06-30T12:32:09.830Z,mouse_click,upload_completed,True,1,1.0,True,False,False
ses_20260630-121953-LAPTOP-R36BQBTE,2026-06-30T12:32:36.666Z,screenshot_smart,keystroke,False,2,24.0,True,True,True
ses_20260630-121953-LAPTOP-R36BQBTE,2026-06-30T12:32:50.620Z,mouse_click,screenshot_smart,True,1,2.0,True,False,False
ses_20260630-121953-LAPTOP-R36BQBTE,2026-06-30T12:34:28.912Z,app_switch,screenshot_smart,True,2,1.0,True,False,False
ses_20260630-121953-LAPTOP-R36BQBTE,2026-06-30T12:34:57.107Z,mouse_click,mouse_click,True,2,2.0,False,False,False
ses_20260630-121953-LAPTOP-R36BQBTE,2026-06-30T12:35:20.436Z,mouse_click,mouse_click,True,2,2.0,False,False,False
ses_20260630-121953-LAPTOP-R36BQBTE,2026-06-30T12:36:03.971Z,mouse_click,screenshot_smart,True,1,1.0,True,False,False
ses_20260630-121953-LAPTOP-R36BQBTE,2026-06-30T12:36:29.109Z,app_switch,screenshot_smart,True,2,1.0,True,False,False
ses_20260630-121953-LAPTOP-R36BQBTE,2026-06-30T12:37:00.365Z,app_switch,screenshot_smart,True,1,1.0,True,False,False
ses_20260630-121953-LAPTOP-R36BQBTE,2026-06-30T12:37:32.379Z,mouse_click,mouse_click,True,2,2.0,False,False,False
ses_20260630-121953-LAPTOP-R36BQBTE,2026-06-30T12:38:00.437Z,screenshot_smart,keystroke,False,2,2.0,True,True,False
ses_20260630-121953-LAPTOP-R36BQBTE,2026-06-30T12:38:13.357Z,mouse_click,mouse_click,True,2,2.0,False,False,False
ses_20260630-124826-CHAITANYA0BCF,2026-06-30T12:50:00.360Z,browser_navigation,screenshot_smart,True,1,1.0,True,False,False
ses_20260630-124826-CHAITANYA0BCF,2026-06-30T12:51:00.935Z,app_switch,screenshot_smart,True,1,1.0,True,False,False
ses_20260630-124826-CHAITANYA0BCF,2026-06-30T12:51:26.410Z,app_switch,screenshot_smart,True,2,1.0,True,False,False
ses_20260630-124826-CHAITANYA0BCF,2026-06-30T12:52:08.686Z,browser_navigation,screenshot_smart,True,1,1.0,True,False,False
ses_20260630-124826-CHAITANYA0BCF,2026-06-30T12:54:46.956Z,app_switch,screenshot_smart,True,2,1.0,True,False,False
ses_20260630-124826-CHAITANYA0BCF,2026-06-30T12:55:12.684Z,app_switch,screenshot_smart,True,2,1.0,True,False,False
ses_20260630-124826-CHAITANYA0BCF,2026-06-30T12:56:38.153Z,app_switch,screenshot_smart,True,1,1.0,True,False,False
ses_20260630-124826-CHAITANYA0BCF,2026-06-30T12:57:06.426Z,app_switch,screenshot_smart,True,2,1.0,True,False,False
ses_20260630-124826-CHAITANYA0BCF,2026-06-30T12:57:36.670Z,app_switch,screenshot_smart,True,2,1.0,True,False,False
ses_20260630-124826-CHAITANYA0BCF,2026-06-30T12:58:06.097Z,app_switch,screenshot_smart,True,2,1.0,True,False,False
ses_20260630-124826-CHAITANYA0BCF,2026-06-30T12:58:29.734Z,app_switch,screenshot_smart,True,4,1.0,True,False,True
ses_20260630-124826-CHAITANYA0BCF,2026-06-30T12:59:29.713Z,app_switch,screenshot_smart,True,1,1.0,True,False,False
ses_20260630-124826-CHAITANYA0BCF,2026-06-30T13:00:03.626Z,browser_navigation,screenshot_smart,True,1,1.0,True,False,False
ses_20260630-124826-CHAITANYA0BCF,2026-06-30T13:00:35.843Z,app_switch,screenshot_smart,True,3,1.0,True,False,True
ses_20260630-124826-CHAITANYA0BCF,2026-06-30T13:01:02.178Z,app_switch,screenshot_smart,True,2,1.0,True,False,False
ses_20260630-124826-CHAITANYA0BCF,2026-06-30T13:01:27.952Z,app_switch,screenshot_smart,True,3,1.0,True,False,True
ses_20260630-124826-CHAITANYA0BCF,2026-06-30T13:02:42.513Z,app_switch,screenshot_smart,True,5,1.0,True,False,True
ses_20260630-124826-CHAITANYA0BCF,2026-06-30T13:03:52.087Z,app_switch,keystroke,False,2,12.0,True,True,True
ses_20260630-124826-CHAITANYA0BCF,2026-06-30T13:04:02.613Z,app_switch,screenshot_smart,True,3,1.0,True,False,True
ses_20260630-124826-CHAITANYA0BCF,2026-06-30T13:04:33.080Z,browser_navigation,screenshot_smart,True,1,1.0,True,False,False
ses_20260630-124826-CHAITANYA0BCF,2026-06-30T13:05:00.605Z,app_switch,screenshot_smart,True,2,1.0,True,False,False
ses_20260630-124826-CHAITANYA0BCF,2026-06-30T13:05:34.776Z,app_switch,screenshot_smart,True,2,1.0,True,False,False
ses_20260630-124826-CHAITANYA0BCF,2026-06-30T13:05:59.213Z,app_switch,screenshot_smart,True,2,1.0,True,False,False
ses_20260630-124826-CHAITANYA0BCF,2026-06-30T13:06:36.635Z,app_switch,screenshot_smart,True,3,1.0,True,False,True
ses_20260630-124826-CHAITANYA0BCF,2026-06-30T13:07:15.837Z,app_switch,screenshot_smart,True,1,1.0,True,False,False
ses_20260630-124826-CHAITANYA0BCF,2026-06-30T13:07:39.866Z,app_switch,screenshot_smart,True,2,1.0,True,False,False
ses_20260630-124826-CHAITANYA0BCF,2026-06-30T13:08:27.577Z,screenshot_smart,keystroke,False,2,22.0,True,True,True
ses_20260630-125757-LAPTOP-R36BQBTE,2026-06-30T12:59:33.592Z,app_switch,screenshot_smart,True,2,1.0,True,False,False
ses_20260630-125757-LAPTOP-R36BQBTE,2026-06-30T13:03:40.903Z,app_switch,screenshot_smart,True,2,1.0,True,False,False
ses_20260630-125757-LAPTOP-R36BQBTE,2026-06-30T13:08:05.691Z,app_switch,screenshot_smart,True,3,1.0,True,False,True
ses_20260630-125757-LAPTOP-R36BQBTE,2026-06-30T13:09:08.406Z,app_switch,screenshot_smart,True,2,1.0,True,False,False
ses_20260630-125757-LAPTOP-R36BQBTE,2026-06-30T13:09:34.413Z,app_switch,screenshot_smart,True,1,1.0,True,False,False
ses_20260630-125757-LAPTOP-R36BQBTE,2026-06-30T13:10:16.527Z,app_switch,screenshot_smart,True,3,1.0,True,False,True
ses_20260630-125757-LAPTOP-R36BQBTE,2026-06-30T13:10:46.710Z,app_switch,screenshot_smart,True,2,1.0,True,False,False
ses_20260630-125757-LAPTOP-R36BQBTE,2026-06-30T13:11:41.836Z,mouse_click,mouse_click,True,2,2.0,False,False,False
ses_20260630-125757-LAPTOP-R36BQBTE,2026-06-30T13:12:16.956Z,app_switch,screenshot_smart,True,1,1.0,True,False,False
ses_20260630-125757-LAPTOP-R36BQBTE,2026-06-30T13:12:43.241Z,app_switch,screenshot_smart,True,2,1.0,True,False,False
ses_20260630-125757-LAPTOP-R36BQBTE,2026-06-30T13:13:16.709Z,mouse_click,mouse_click,True,2,2.0,False,False,False
ses_20260630-125757-LAPTOP-R36BQBTE,2026-06-30T13:14:54.842Z,app_switch,keystroke,False,2,2.0,True,True,False
ses_20260630-131729-CHAITANYA0BCF,2026-06-30T13:19:47.962Z,app_switch,keystroke,False,2,2.0,True,True,False
ses_20260630-131729-CHAITANYA0BCF,2026-06-30T13:20:51.043Z,app_switch,screenshot_smart,True,3,1.0,True,False,True
ses_20260630-131729-CHAITANYA0BCF,2026-06-30T13:21:21.876Z,browser_navigation,screenshot_smart,True,1,1.0,True,False,False
ses_20260630-131729-CHAITANYA0BCF,2026-06-30T13:21:54.981Z,app_switch,screenshot_smart,True,3,1.0,True,False,True
ses_20260630-131729-CHAITANYA0BCF,2026-06-30T13:22:21.745Z,browser_navigation,screenshot_smart,True,1,1.0,True,False,False
ses_20260630-131729-CHAITANYA0BCF,2026-06-30T13:22:39.266Z,app_switch,screenshot_smart,True,1,1.0,True,False,False
ses_20260630-131729-CHAITANYA0BCF,2026-06-30T13:24:41.252Z,app_switch,screenshot_smart,True,5,1.0,True,False,True
ses_20260630-131729-CHAITANYA0BCF,2026-06-30T13:25:53.844Z,app_switch,screenshot_smart,True,2,1.0,True,False,False
ses_20260630-131729-CHAITANYA0BCF,2026-06-30T13:26:32.875Z,app_switch,screenshot_smart,True,3,1.0,True,False,True
ses_20260630-131729-CHAITANYA0BCF,2026-06-30T13:27:10.088Z,app_switch,screenshot_smart,True,1,1.0,True,False,False
ses_20260630-131729-CHAITANYA0BCF,2026-06-30T13:27:36.010Z,browser_navigation,screenshot_smart,True,1,1.0,True,False,False
ses_20260630-131729-CHAITANYA0BCF,2026-06-30T13:28:08.158Z,browser_navigation,screenshot_smart,True,1,1.0,True,False,False
ses_20260630-131729-CHAITANYA0BCF,2026-06-30T13:32:35.325Z,app_switch,screenshot_smart,True,3,1.0,True,False,True
ses_20260630-131729-CHAITANYA0BCF,2026-06-30T13:33:02.619Z,app_switch,screenshot_smart,True,1,1.0,True,False,False
ses_20260630-131729-CHAITANYA0BCF,2026-06-30T13:33:40.146Z,app_switch,screenshot_smart,True,1,1.0,True,False,False
ses_20260630-132737-LAPTOP-R36BQBTE,2026-06-30T13:29:26.371Z,app_switch,screenshot_smart,True,2,1.0,True,False,False
ses_20260630-132737-LAPTOP-R36BQBTE,2026-06-30T13:31:14.634Z,mouse_click,mouse_click,True,2,2.0,False,False,False
ses_20260630-132737-LAPTOP-R36BQBTE,2026-06-30T13:32:02.237Z,mouse_click,mouse_click,True,2,2.0,False,False,False
ses_20260630-132737-LAPTOP-R36BQBTE,2026-06-30T13:34:14.353Z,app_switch,screenshot_smart,True,2,1.0,True,False,False
ses_20260630-132737-LAPTOP-R36BQBTE,2026-06-30T13:34:45.435Z,app_switch,screenshot_smart,True,2,1.0,True,False,False
ses_20260630-132737-LAPTOP-R36BQBTE,2026-06-30T13:36:17.057Z,app_switch,screenshot_smart,True,2,1.0,True,False,False
ses_20260630-132737-LAPTOP-R36BQBTE,2026-06-30T13:36:56.687Z,app_switch,screenshot_smart,True,2,1.0,True,False,False
ses_20260630-132737-LAPTOP-R36BQBTE,2026-06-30T13:37:25.164Z,app_switch,screenshot_smart,True,2,1.0,True,False,False
ses_20260630-132737-LAPTOP-R36BQBTE,2026-06-30T13:38:10.805Z,mouse_click,mouse_click,True,2,2.0,False,False,False
ses_20260630-132737-LAPTOP-R36BQBTE,2026-06-30T13:38:37.144Z,mouse_click,mouse_click,True,2,2.0,False,False,False
ses_20260630-132737-LAPTOP-R36BQBTE,2026-06-30T13:39:01.205Z,app_switch,screenshot_smart,True,2,1.0,True,False,False
ses_20260630-132737-LAPTOP-R36BQBTE,2026-06-30T13:40:35.633Z,app_switch,screenshot_smart,True,1,1.0,True,False,False
ses_20260630-132737-LAPTOP-R36BQBTE,2026-06-30T13:41:14.759Z,mouse_click,mouse_click,True,2,2.0,False,False,False
ses_20260630-132737-LAPTOP-R36BQBTE,2026-06-30T13:42:04.918Z,app_switch,screenshot_smart,True,2,1.0,True,False,False
ses_20260630-132737-LAPTOP-R36BQBTE,2026-06-30T13:42:45.430Z,app_switch,screenshot_smart,True,2,1.0,True,False,False
ses_20260630-132737-LAPTOP-R36BQBTE,2026-06-30T13:43:15.513Z,app_switch,screenshot_smart,True,3,1.0,True,False,True
ses_20260630-132737-LAPTOP-R36BQBTE,2026-06-30T13:44:17.449Z,mouse_click,mouse_click,True,2,2.0,False,False,False
ses_20260630-132737-LAPTOP-R36BQBTE,2026-06-30T13:44:46.204Z,mouse_click,mouse_click,True,2,2.0,False,False,False
ses_20260630-132737-LAPTOP-R36BQBTE,2026-06-30T13:45:42.330Z,screenshot_smart,keystroke,False,2,20.0,True,True,True
ses_20260630-132737-LAPTOP-R36BQBTE,2026-06-30T13:46:42.864Z,app_switch,screenshot_smart,True,1,1.0,True,False,False
ses_20260630-132737-LAPTOP-R36BQBTE,2026-06-30T13:47:10.754Z,app_switch,screenshot_smart,True,1,1.0,True,False,False
ses_20260630-135201-LAPTOP-R36BQBTE,2026-06-30T13:54:10.875Z,app_switch,screenshot_smart,True,2,1.0,True,False,False
ses_20260630-135201-LAPTOP-R36BQBTE,2026-06-30T13:55:19.919Z,app_switch,screenshot_smart,True,2,1.0,True,False,False
ses_20260630-135201-LAPTOP-R36BQBTE,2026-06-30T13:56:08.660Z,mouse_click,mouse_click,True,2,2.0,False,False,False
ses_20260630-135201-LAPTOP-R36BQBTE,2026-06-30T13:59:45.326Z,app_switch,screenshot_smart,True,3,1.0,True,False,True
ses_20260630-135201-LAPTOP-R36BQBTE,2026-06-30T14:00:07.930Z,app_switch,screenshot_smart,True,2,1.0,True,False,False
ses_20260630-135201-LAPTOP-R36BQBTE,2026-06-30T14:00:32.432Z,app_switch,screenshot_smart,True,2,1.0,True,False,False
ses_20260630-135201-LAPTOP-R36BQBTE,2026-06-30T14:01:24.649Z,mouse_click,mouse_click,True,2,2.0,False,False,False
ses_20260630-135201-LAPTOP-R36BQBTE,2026-06-30T14:04:05.473Z,mouse_click,mouse_click,True,2,2.0,False,False,False
ses_20260630-135201-LAPTOP-R36BQBTE,2026-06-30T14:04:29.900Z,app_switch,screenshot_smart,True,2,1.0,True,False,False
ses_20260630-135201-LAPTOP-R36BQBTE,2026-06-30T14:05:24.349Z,app_switch,screenshot_smart,True,1,1.0,True,False,False
ses_20260630-135201-LAPTOP-R36BQBTE,2026-06-30T14:05:51.819Z,mouse_click,mouse_click,True,2,2.0,False,False,False
ses_20260630-135201-LAPTOP-R36BQBTE,2026-06-30T14:06:19.233Z,app_switch,keystroke,False,2,10.0,True,True,True
ses_20260630-135201-LAPTOP-R36BQBTE,2026-06-30T14:06:33.728Z,mouse_click,screenshot_smart,True,1,1.0,True,False,False
ses_20260630-135201-LAPTOP-R36BQBTE,2026-06-30T14:07:11.646Z,app_switch,screenshot_smart,True,2,1.0,True,False,False
ses_20260630-135201-LAPTOP-R36BQBTE,2026-06-30T14:07:33.395Z,app_switch,screenshot_smart,True,2,1.0,True,False,False
ses_20260630-135201-LAPTOP-R36BQBTE,2026-06-30T14:08:04.856Z,mouse_click,mouse_click,True,2,2.0,False,False,False
ses_20260630-135201-LAPTOP-R36BQBTE,2026-06-30T14:08:23.789Z,app_switch,screenshot_smart,True,1,1.0,True,False,False
ses_20260630-135201-LAPTOP-R36BQBTE,2026-06-30T14:11:10.889Z,app_switch,screenshot_smart,True,2,1.0,True,False,False
ses_20260630-135201-LAPTOP-R36BQBTE,2026-06-30T14:11:35.511Z,app_switch,screenshot_smart,True,2,1.0,True,False,False
ses_20260630-135201-LAPTOP-R36BQBTE,2026-06-30T14:12:05.633Z,app_switch,screenshot_smart,True,2,1.0,True,False,False
ses_20260630-135451-CHAITANYA0BCF,2026-06-30T13:56:10.691Z,browser_navigation,screenshot_smart,True,1,1.0,True,False,False
ses_20260630-135451-CHAITANYA0BCF,2026-06-30T13:56:34.531Z,app_switch,screenshot_smart,True,1,1.0,True,False,False
ses_20260630-135451-CHAITANYA0BCF,2026-06-30T13:57:15.416Z,browser_navigation,screenshot_smart,True,1,1.0,True,False,False
ses_20260630-135451-CHAITANYA0BCF,2026-06-30T13:57:52.819Z,browser_navigation,screenshot_smart,True,1,1.0,True,False,False
ses_20260630-135451-CHAITANYA0BCF,2026-06-30T13:58:34.318Z,screenshot_smart,keystroke,False,2,14.0,True,True,True
ses_20260630-135451-CHAITANYA0BCF,2026-06-30T13:59:51.679Z,app_switch,screenshot_smart,True,2,1.0,True,False,False
ses_20260630-135451-CHAITANYA0BCF,2026-06-30T14:00:17.536Z,app_switch,screenshot_smart,True,10,1.0,True,False,True
ses_20260630-135451-CHAITANYA0BCF,2026-06-30T14:00:46.333Z,browser_navigation,screenshot_smart,True,1,1.0,True,False,False
ses_20260630-135451-CHAITANYA0BCF,2026-06-30T14:01:16.538Z,browser_navigation,screenshot_smart,True,1,1.0,True,False,False
ses_20260630-135451-CHAITANYA0BCF,2026-06-30T14:01:39.254Z,app_switch,screenshot_smart,True,2,1.0,True,False,False
ses_20260630-135451-CHAITANYA0BCF,2026-06-30T14:02:19.120Z,app_switch,screenshot_smart,True,3,1.0,True,False,True
ses_20260630-135451-CHAITANYA0BCF,2026-06-30T14:02:47.132Z,app_switch,screenshot_smart,True,1,1.0,True,False,False
ses_20260630-135451-CHAITANYA0BCF,2026-06-30T14:03:13.419Z,app_switch,screenshot_smart,True,1,1.0,True,False,False
ses_20260630-135451-CHAITANYA0BCF,2026-06-30T14:03:17.539Z,keystroke,app_switch,False,2,5.0,True,True,True
ses_20260630-135451-CHAITANYA0BCF,2026-06-30T14:03:17.547Z,app_switch,keystroke,False,2,2.0,True,True,False
ses_20260630-135451-CHAITANYA0BCF,2026-06-30T14:03:17.594Z,keystroke,app_switch,False,2,2.0,True,True,False
ses_20260630-135451-CHAITANYA0BCF,2026-06-30T14:03:17.626Z,app_switch,keystroke,False,2,2.0,True,True,False
ses_20260630-135451-CHAITANYA0BCF,2026-06-30T14:03:52.566Z,app_switch,screenshot_smart,True,3,1.0,True,False,True
ses_20260630-135451-CHAITANYA0BCF,2026-06-30T14:04:23.374Z,app_switch,screenshot_smart,True,2,1.0,True,False,False
ses_20260630-135451-CHAITANYA0BCF,2026-06-30T14:06:00.530Z,browser_navigation,screenshot_smart,True,1,1.0,True,False,False
ses_20260630-135451-CHAITANYA0BCF,2026-06-30T14:06:36.602Z,app_switch,screenshot_smart,True,1,1.0,True,False,False
ses_20260630-135451-CHAITANYA0BCF,2026-06-30T14:07:05.649Z,app_switch,screenshot_smart,True,3,1.0,True,False,True
ses_20260630-135451-CHAITANYA0BCF,2026-06-30T14:07:33.162Z,app_switch,screenshot_smart,True,2,1.0,True,False,False
ses_20260630-135451-CHAITANYA0BCF,2026-06-30T14:08:28.286Z,app_switch,screenshot_smart,True,1,1.0,True,False,False
ses_20260630-135451-CHAITANYA0BCF,2026-06-30T14:08:57.776Z,app_switch,screenshot_smart,True,4,1.0,True,False,True
ses_20260630-135451-CHAITANYA0BCF,2026-06-30T14:10:43.068Z,app_switch,screenshot_smart,True,2,1.0,True,False,False
ses_20260630-135451-CHAITANYA0BCF,2026-06-30T14:11:51.052Z,app_switch,screenshot_smart,True,2,1.0,True,False,False
ses_20260630-135451-CHAITANYA0BCF,2026-06-30T14:12:30.531Z,app_switch,screenshot_smart,True,3,1.0,True,False,True
ses_20260630-135451-CHAITANYA0BCF,2026-06-30T14:13:38.252Z,app_switch,screenshot_smart,True,3,1.0,True,False,True
ses_20260630-135451-CHAITANYA0BCF,2026-06-30T14:14:12.101Z,app_switch,screenshot_smart,True,2,1.0,True,False,False
ses_20260630-145433-JAYESH,2026-06-30T14:55:52.523Z,app_switch,screenshot_smart,True,1,1.0,True,False,False
ses_20260630-145433-JAYESH,2026-06-30T14:55:54.132Z,browser_navigation,app_switch,False,2,2.0,True,True,False
ses_20260630-145433-JAYESH,2026-06-30T14:56:17.367Z,app_switch,screenshot_smart,True,2,1.0,True,False,False
ses_20260630-145433-JAYESH,2026-06-30T14:56:45.594Z,browser_navigation,screenshot_smart,True,2,1.0,True,False,False
ses_20260630-145433-JAYESH,2026-06-30T14:57:11.548Z,browser_navigation,screenshot_smart,True,2,1.0,True,False,False
ses_20260630-145433-JAYESH,2026-06-30T14:57:48.657Z,app_switch,screenshot_smart,True,1,1.0,True,False,False
ses_20260630-145433-JAYESH,2026-06-30T14:58:12.145Z,app_switch,screenshot_smart,True,2,1.0,True,False,False
ses_20260630-145433-JAYESH,2026-06-30T14:58:55.248Z,browser_navigation,screenshot_smart,True,2,1.0,True,False,False
ses_20260630-145433-JAYESH,2026-06-30T14:59:22.068Z,app_switch,screenshot_smart,True,3,1.0,True,False,True
ses_20260630-145433-JAYESH,2026-06-30T14:59:23.455Z,browser_navigation,app_switch,False,2,7.0,True,True,True
ses_20260630-145433-JAYESH,2026-06-30T14:59:49.505Z,app_switch,screenshot_smart,True,2,1.0,True,False,False
ses_20260630-145433-JAYESH,2026-06-30T15:02:04.569Z,app_switch,screenshot_smart,True,1,1.0,True,False,False
ses_20260630-145433-JAYESH,2026-06-30T15:02:32.951Z,app_switch,screenshot_smart,True,2,1.0,True,False,False
ses_20260630-145433-JAYESH,2026-06-30T15:03:00.857Z,clipboard_change,keystroke,False,2,2.0,True,True,False
ses_20260630-145433-JAYESH,2026-06-30T15:03:17.088Z,browser_navigation,screenshot_smart,True,2,1.0,True,False,False
ses_20260630-145433-JAYESH,2026-06-30T15:03:46.517Z,app_switch,screenshot_smart,True,2,1.0,True,False,False
ses_20260630-145433-JAYESH,2026-06-30T15:04:13.943Z,screenshot_smart,keystroke,False,2,2.0,True,True,False
ses_20260630-145433-JAYESH,2026-06-30T15:04:14.716Z,clipboard_change,screenshot_smart,False,2,2.0,True,True,False
ses_20260630-145433-JAYESH,2026-06-30T15:04:23.967Z,app_switch,screenshot_smart,True,2,1.0,True,False,False
ses_20260630-145433-JAYESH,2026-06-30T15:04:49.924Z,app_switch,screenshot_smart,True,1,1.0,True,False,False
ses_20260630-145433-JAYESH,2026-06-30T15:05:09.792Z,app_switch,screenshot_smart,True,1,1.0,True,False,False
ses_20260630-145433-JAYESH,2026-06-30T15:05:42.135Z,app_switch,screenshot_smart,True,3,1.0,True,False,True
ses_20260630-145433-JAYESH,2026-06-30T15:06:07.916Z,browser_navigation,screenshot_smart,True,2,1.0,True,False,False
ses_20260630-145433-JAYESH,2026-06-30T15:06:25.914Z,clipboard_change,keystroke,False,2,2.0,True,True,False
ses_20260630-145433-JAYESH,2026-06-30T15:06:37.814Z,browser_navigation,screenshot_smart,True,2,1.0,True,False,False
ses_20260630-145433-JAYESH,2026-06-30T15:07:05.507Z,browser_navigation,screenshot_smart,True,2,1.0,True,False,False
ses_20260630-145433-JAYESH,2026-06-30T15:08:28.159Z,browser_navigation,screenshot_smart,True,2,1.0,True,False,False
ses_20260630-145433-JAYESH,2026-06-30T15:09:58.910Z,screenshot_smart,app_switch,False,2,10.0,True,True,True
ses_20260630-145433-JAYESH,2026-06-30T15:10:00.653Z,screenshot_smart,keystroke,False,2,20.0,True,True,True
ses_20260630-145433-JAYESH,2026-06-30T15:10:11.764Z,app_switch,screenshot_smart,True,2,1.0,True,False,False
ses_20260630-145433-JAYESH,2026-06-30T15:10:39.900Z,app_switch,screenshot_smart,True,1,1.0,True,False,False
ses_20260630-145433-JAYESH,2026-06-30T15:11:52.983Z,app_switch,keystroke,False,2,10.0,True,True,True
ses_20260630-145433-JAYESH,2026-06-30T15:12:22.548Z,browser_navigation,screenshot_smart,True,2,1.0,True,False,False
ses_20260630-145433-JAYESH,2026-06-30T15:12:49.680Z,app_switch,screenshot_smart,True,1,1.0,True,False,False
ses_20260630-145433-JAYESH,2026-06-30T15:13:29.077Z,app_switch,screenshot_smart,True,1,1.0,True,False,False
ses_20260630-145433-JAYESH,2026-06-30T15:13:30.436Z,browser_navigation,app_switch,False,2,2.0,True,True,False
ses_20260630-145433-JAYESH,2026-06-30T15:13:54.363Z,browser_navigation,screenshot_smart,True,2,1.0,True,False,False
ses_20260630-145433-JAYESH,2026-06-30T15:14:53.265Z,app_switch,screenshot_smart,True,3,1.0,True,False,True
ses_20260630-145433-JAYESH,2026-06-30T15:15:18.926Z,app_switch,screenshot_smart,True,1,1.0,True,False,False
ses_20260630-145433-JAYESH,2026-06-30T15:16:01.558Z,app_switch,screenshot_smart,True,1,1.0,True,False,False
ses_20260630-145433-JAYESH,2026-06-30T15:17:22.115Z,clipboard_change,keystroke,False,2,2.0,True,True,False
ses_20260630-163424-SIDDHIGUPTAB00B,2026-06-30T16:36:25.749Z,browser_navigation,screenshot_smart,True,1,1.0,True,False,False
ses_20260630-163424-SIDDHIGUPTAB00B,2026-06-30T16:36:44.186Z,app_switch,screenshot_smart,True,2,1.0,True,False,False
ses_20260630-163424-SIDDHIGUPTAB00B,2026-06-30T16:37:03.887Z,app_switch,screenshot_smart,True,3,1.0,True,False,True
ses_20260630-163424-SIDDHIGUPTAB00B,2026-06-30T16:37:28.304Z,app_switch,screenshot_smart,True,4,1.0,True,False,True
ses_20260630-163424-SIDDHIGUPTAB00B,2026-06-30T16:37:57.393Z,app_switch,screenshot_smart,True,2,1.0,True,False,False
ses_20260630-163424-SIDDHIGUPTAB00B,2026-06-30T16:38:56.481Z,browser_navigation,screenshot_smart,True,1,1.0,True,False,False
ses_20260630-163424-SIDDHIGUPTAB00B,2026-06-30T16:39:36.095Z,browser_navigation,screenshot_smart,True,1,1.0,True,False,False
ses_20260630-163424-SIDDHIGUPTAB00B,2026-06-30T16:40:15.653Z,app_switch,screenshot_smart,True,3,1.0,True,False,True
ses_20260630-163424-SIDDHIGUPTAB00B,2026-06-30T16:40:45.352Z,app_switch,screenshot_smart,True,2,1.0,True,False,False
ses_20260630-163424-SIDDHIGUPTAB00B,2026-06-30T16:41:19.299Z,app_switch,screenshot_smart,True,3,1.0,True,False,True
ses_20260630-163424-SIDDHIGUPTAB00B,2026-06-30T16:41:47.281Z,browser_navigation,screenshot_smart,True,1,1.0,True,False,False
ses_20260630-163424-SIDDHIGUPTAB00B,2026-06-30T16:42:15.419Z,browser_navigation,screenshot_smart,True,1,1.0,True,False,False
ses_20260630-163424-SIDDHIGUPTAB00B,2026-06-30T16:42:37.622Z,browser_navigation,screenshot_smart,True,1,1.0,True,False,False
ses_20260630-163424-SIDDHIGUPTAB00B,2026-06-30T16:43:02.276Z,browser_navigation,screenshot_smart,True,1,1.0,True,False,False
ses_20260630-163424-SIDDHIGUPTAB00B,2026-06-30T16:43:42.443Z,app_switch,screenshot_smart,True,5,1.0,True,False,True
ses_20260630-163424-SIDDHIGUPTAB00B,2026-06-30T16:45:37.965Z,app_switch,screenshot_smart,True,1,1.0,True,False,False
ses_20260630-163424-SIDDHIGUPTAB00B,2026-06-30T16:46:06.756Z,app_switch,screenshot_smart,True,1,1.0,True,False,False
ses_20260630-163424-SIDDHIGUPTAB00B,2026-06-30T16:47:00.405Z,app_switch,screenshot_smart,True,4,1.0,True,False,True
ses_20260630-163424-SIDDHIGUPTAB00B,2026-06-30T16:47:30.330Z,browser_navigation,screenshot_smart,True,1,1.0,True,False,False
ses_20260630-163424-SIDDHIGUPTAB00B,2026-06-30T16:48:04.206Z,app_switch,screenshot_smart,True,1,1.0,True,False,False
ses_20260630-163424-SIDDHIGUPTAB00B,2026-06-30T16:49:57.435Z,app_switch,screenshot_smart,True,3,1.0,True,False,True
ses_20260630-163424-SIDDHIGUPTAB00B,2026-06-30T16:50:25.820Z,app_switch,screenshot_smart,True,2,1.0,True,False,False
ses_20260630-163424-SIDDHIGUPTAB00B,2026-06-30T16:51:55.404Z,browser_navigation,screenshot_smart,True,1,1.0,True,False,False
ses_20260630-163424-SIDDHIGUPTAB00B,2026-06-30T16:54:26.634Z,app_switch,screenshot_smart,True,2,1.0,True,False,False
ses_20260630-164418-MSI,2026-06-30T16:45:47.091Z,browser_navigation,screenshot_smart,True,1,1.0,True,False,False
ses_20260630-164418-MSI,2026-06-30T16:46:05.626Z,browser_navigation,screenshot_smart,True,1,1.0,True,False,False
ses_20260630-164418-MSI,2026-06-30T16:46:33.513Z,app_switch,screenshot_smart,True,2,1.0,True,False,False
ses_20260630-164418-MSI,2026-06-30T16:46:58.433Z,app_switch,screenshot_smart,True,2,1.0,True,False,False
ses_20260630-164418-MSI,2026-06-30T16:49:11.535Z,app_switch,screenshot_smart,True,1,1.0,True,False,False
ses_20260630-164418-MSI,2026-06-30T16:49:33.091Z,browser_navigation,screenshot_smart,True,1,1.0,True,False,False
ses_20260630-164418-MSI,2026-06-30T16:51:39.566Z,browser_navigation,screenshot_smart,True,1,1.0,True,False,False
ses_20260630-164418-MSI,2026-06-30T16:52:16.099Z,app_switch,screenshot_smart,True,1,1.0,True,False,False
ses_20260630-164418-MSI,2026-06-30T16:52:46.543Z,app_switch,screenshot_smart,True,1,1.0,True,False,False
ses_20260630-164418-MSI,2026-06-30T16:53:11.289Z,browser_navigation,screenshot_smart,True,1,1.0,True,False,False
ses_20260630-164418-MSI,2026-06-30T16:53:33.233Z,browser_navigation,screenshot_smart,True,1,1.0,True,False,False
ses_20260630-164418-MSI,2026-06-30T16:54:12.228Z,browser_navigation,screenshot_smart,True,1,1.0,True,False,False
ses_20260630-164418-MSI,2026-06-30T16:54:48.692Z,app_switch,screenshot_smart,True,2,1.0,True,False,False
ses_20260630-164418-MSI,2026-06-30T16:55:29.036Z,app_switch,screenshot_smart,True,2,1.0,True,False,False
ses_20260630-164418-MSI,2026-06-30T16:55:54.084Z,app_switch,screenshot_smart,True,1,1.0,True,False,False
ses_20260630-164418-MSI,2026-06-30T16:58:07.386Z,app_switch,screenshot_smart,True,2,1.0,True,False,False
ses_20260630-164418-MSI,2026-06-30T16:58:36.879Z,app_switch,screenshot_smart,True,2,1.0,True,False,False
ses_20260630-164418-MSI,2026-06-30T16:59:16.436Z,app_switch,screenshot_smart,True,1,1.0,True,False,False
ses_20260630-164418-MSI,2026-06-30T16:59:43.733Z,app_switch,screenshot_smart,True,2,1.0,True,False,False
ses_20260630-164418-MSI,2026-06-30T17:00:21.956Z,browser_navigation,screenshot_smart,True,1,1.0,True,False,False
ses_20260630-164418-MSI,2026-06-30T17:00:58.920Z,browser_navigation,screenshot_smart,True,1,1.0,True,False,False
ses_20260630-164418-MSI,2026-06-30T17:01:31.405Z,browser_navigation,screenshot_smart,True,1,1.0,True,False,False
ses_20260630-164418-MSI,2026-06-30T17:02:10.780Z,browser_navigation,screenshot_smart,True,1,1.0,True,False,False
ses_20260630-164418-MSI,2026-06-30T17:03:57.193Z,app_switch,screenshot_smart,True,2,1.0,True,False,False
ses_20260630-164418-MSI,2026-06-30T17:04:27.680Z,app_switch,screenshot_smart,True,2,1.0,True,False,False
ses_20260701-005920-yuvraj,2026-07-01T01:00:41.194Z,app_switch,screenshot_smart,True,2,1.0,True,False,False
ses_20260701-005920-yuvraj,2026-07-01T01:01:06.809Z,browser_navigation,screenshot_smart,True,1,1.0,True,False,False
ses_20260701-005920-yuvraj,2026-07-01T01:01:29.607Z,browser_navigation,screenshot_smart,True,1,1.0,True,False,False
ses_20260701-005920-yuvraj,2026-07-01T01:02:03.961Z,browser_navigation,screenshot_smart,True,1,1.0,True,False,False
ses_20260701-005920-yuvraj,2026-07-01T01:02:20.846Z,app_switch,screenshot_smart,True,2,1.0,True,False,False
ses_20260701-005920-yuvraj,2026-07-01T01:02:50.413Z,browser_navigation,screenshot_smart,True,1,1.0,True,False,False
ses_20260701-005920-yuvraj,2026-07-01T01:03:14.063Z,browser_navigation,screenshot_smart,True,1,1.0,True,False,False
ses_20260701-005920-yuvraj,2026-07-01T01:04:14.640Z,browser_navigation,screenshot_smart,True,1,1.0,True,False,False
ses_20260701-005920-yuvraj,2026-07-01T01:04:36.142Z,app_switch,screenshot_smart,True,2,1.0,True,False,False
ses_20260701-005920-yuvraj,2026-07-01T01:05:36.306Z,browser_navigation,screenshot_smart,True,1,1.0,True,False,False
ses_20260701-005920-yuvraj,2026-07-01T01:07:12.358Z,app_switch,screenshot_smart,True,4,1.0,True,False,True
ses_20260701-005920-yuvraj,2026-07-01T01:09:49.252Z,app_switch,screenshot_smart,True,3,1.0,True,False,True
ses_20260701-005920-yuvraj,2026-07-01T01:10:19.543Z,app_switch,screenshot_smart,True,1,1.0,True,False,False
ses_20260701-005920-yuvraj,2026-07-01T01:12:14.192Z,app_switch,screenshot_smart,True,1,1.0,True,False,False
ses_20260701-005920-yuvraj,2026-07-01T01:12:55.022Z,app_switch,screenshot_smart,True,2,1.0,True,False,False
ses_20260701-005920-yuvraj,2026-07-01T01:13:18.372Z,app_switch,screenshot_smart,True,2,1.0,True,False,False
ses_20260701-005920-yuvraj,2026-07-01T01:13:42.711Z,app_switch,screenshot_smart,True,2,1.0,True,False,False
ses_20260701-005920-yuvraj,2026-07-01T01:14:10.981Z,app_switch,screenshot_smart,True,1,1.0,True,False,False
ses_20260701-005920-yuvraj,2026-07-01T01:14:40.089Z,app_switch,screenshot_smart,True,2,1.0,True,False,False
ses_20260701-005920-yuvraj,2026-07-01T01:15:31.794Z,browser_navigation,screenshot_smart,True,1,1.0,True,False,False
ses_20260701-005920-yuvraj,2026-07-01T01:17:07.943Z,app_switch,screenshot_smart,True,3,1.0,True,False,True
ses_20260701-005920-yuvraj,2026-07-01T01:19:16.372Z,app_switch,screenshot_smart,True,2,1.0,True,False,False
ses_20260701-005920-yuvraj,2026-07-01T01:19:27.175Z,app_switch,keystroke,False,2,2.0,True,True,False
ses_20260701-005920-yuvraj,2026-07-01T01:20:17.944Z,browser_navigation,screenshot_smart,True,1,1.0,True,False,False
ses_20260701-014804-yuvraj,2026-07-01T01:50:32.458Z,app_switch,screenshot_smart,True,2,1.0,True,False,False
ses_20260701-014804-yuvraj,2026-07-01T01:51:08.044Z,app_switch,screenshot_smart,True,3,1.0,True,False,True
ses_20260701-014804-yuvraj,2026-07-01T01:51:37.687Z,app_switch,screenshot_smart,True,1,1.0,True,False,False
ses_20260701-014804-yuvraj,2026-07-01T01:52:41.748Z,browser_navigation,screenshot_smart,True,1,1.0,True,False,False
ses_20260701-014804-yuvraj,2026-07-01T01:53:05.153Z,browser_navigation,screenshot_smart,True,1,1.0,True,False,False
ses_20260701-014804-yuvraj,2026-07-01T01:53:23.726Z,app_switch,screenshot_smart,True,1,1.0,True,False,False
ses_20260701-014804-yuvraj,2026-07-01T01:53:53.893Z,app_switch,screenshot_smart,True,1,1.0,True,False,False
ses_20260701-014804-yuvraj,2026-07-01T01:57:45.040Z,app_switch,screenshot_smart,True,1,1.0,True,False,False
ses_20260701-014804-yuvraj,2026-07-01T01:58:10.240Z,app_switch,screenshot_smart,True,1,1.0,True,False,False
ses_20260701-014804-yuvraj,2026-07-01T01:58:57.456Z,browser_navigation,screenshot_smart,True,1,1.0,True,False,False
ses_20260701-014804-yuvraj,2026-07-01T02:00:10.290Z,app_switch,screenshot_smart,True,1,1.0,True,False,False
ses_20260701-014804-yuvraj,2026-07-01T02:00:36.441Z,app_switch,screenshot_smart,True,1,1.0,True,False,False
ses_20260701-014804-yuvraj,2026-07-01T02:01:08.974Z,app_switch,screenshot_smart,True,1,1.0,True,False,False
ses_20260701-014804-yuvraj,2026-07-01T02:01:46.761Z,app_switch,screenshot_smart,True,1,1.0,True,False,False
ses_20260701-014804-yuvraj,2026-07-01T02:02:24.258Z,app_switch,screenshot_smart,True,2,1.0,True,False,False
ses_20260701-014804-yuvraj,2026-07-01T02:02:58.806Z,app_switch,screenshot_smart,True,1,1.0,True,False,False
ses_20260701-014804-yuvraj,2026-07-01T02:04:11.179Z,browser_navigation,screenshot_smart,True,1,1.0,True,False,False
ses_20260701-014804-yuvraj,2026-07-01T02:04:57.339Z,app_switch,screenshot_smart,True,1,1.0,True,False,False
ses_20260701-014804-yuvraj,2026-07-01T02:05:33.448Z,app_switch,screenshot_smart,True,2,1.0,True,False,False
ses_20260701-014804-yuvraj,2026-07-01T02:06:02.670Z,app_switch,screenshot_smart,True,1,1.0,True,False,False
ses_20260701-014804-yuvraj,2026-07-01T02:09:35.200Z,app_switch,screenshot_smart,True,2,1.0,True,False,False
ses_20260701-022828-yuvraj,2026-07-01T02:30:31.133Z,browser_navigation,screenshot_smart,True,1,1.0,True,False,False
ses_20260701-022828-yuvraj,2026-07-01T02:33:14.562Z,app_switch,screenshot_smart,True,1,1.0,True,False,False
ses_20260701-022828-yuvraj,2026-07-01T02:33:52.642Z,app_switch,screenshot_smart,True,3,1.0,True,False,True
ses_20260701-022828-yuvraj,2026-07-01T02:34:24.866Z,app_switch,keystroke,False,2,10.0,True,True,True
ses_20260701-022828-yuvraj,2026-07-01T02:34:38.427Z,browser_navigation,screenshot_smart,True,1,1.0,True,False,False
ses_20260701-022828-yuvraj,2026-07-01T02:36:53.250Z,app_switch,screenshot_smart,True,2,1.0,True,False,False
ses_20260701-022828-yuvraj,2026-07-01T02:40:48.939Z,app_switch,screenshot_smart,True,1,1.0,True,False,False
ses_20260701-022828-yuvraj,2026-07-01T02:41:16.485Z,app_switch,screenshot_smart,True,1,1.0,True,False,False
ses_20260701-022828-yuvraj,2026-07-01T02:41:56.829Z,browser_navigation,screenshot_smart,True,1,1.0,True,False,False
ses_20260701-022828-yuvraj,2026-07-01T02:42:34.106Z,app_switch,screenshot_smart,True,1,1.0,True,False,False
ses_20260701-022828-yuvraj,2026-07-01T02:43:07.015Z,app_switch,keystroke,False,2,14.0,True,True,True
ses_20260701-022828-yuvraj,2026-07-01T02:43:07.609Z,screenshot_smart,app_switch,False,2,10.0,True,True,True
ses_20260701-022828-yuvraj,2026-07-01T02:43:09.431Z,screenshot_smart,keystroke,False,2,20.0,True,True,True
ses_20260701-022828-yuvraj,2026-07-01T02:43:20.133Z,app_switch,screenshot_smart,True,2,1.0,True,False,False
ses_20260701-022828-yuvraj,2026-07-01T02:43:52.523Z,app_switch,screenshot_smart,True,2,1.0,True,False,False
ses_20260701-022828-yuvraj,2026-07-01T02:44:17.628Z,app_switch,screenshot_smart,True,1,1.0,True,False,False
ses_20260701-022828-yuvraj,2026-07-01T02:44:46.368Z,app_switch,screenshot_smart,True,1,1.0,True,False,False
ses_20260701-022828-yuvraj,2026-07-01T02:45:24.504Z,browser_navigation,screenshot_smart,True,1,1.0,True,False,False
ses_20260701-022828-yuvraj,2026-07-01T02:45:46.973Z,browser_navigation,screenshot_smart,True,1,1.0,True,False,False
ses_20260701-022828-yuvraj,2026-07-01T02:46:25.727Z,app_switch,screenshot_smart,True,2,1.0,True,False,False
ses_20260701-022828-yuvraj,2026-07-01T02:46:51.090Z,app_switch,screenshot_smart,True,3,1.0,True,False,True
ses_20260701-022828-yuvraj,2026-07-01T02:47:15.867Z,browser_navigation,screenshot_smart,True,1,1.0,True,False,False
ses_20260701-022828-yuvraj,2026-07-01T02:47:42.988Z,app_switch,screenshot_smart,True,2,1.0,True,False,False
ses_20260701-022828-yuvraj,2026-07-01T02:48:56.724Z,app_switch,screenshot_smart,True,1,1.0,True,False,False
ses_20260701-030836-yuvraj,2026-07-01T03:10:03.916Z,browser_navigation,screenshot_smart,True,1,1.0,True,False,False
ses_20260701-030836-yuvraj,2026-07-01T03:11:04.645Z,browser_navigation,screenshot_smart,True,1,1.0,True,False,False
ses_20260701-030836-yuvraj,2026-07-01T03:11:35.148Z,app_switch,screenshot_smart,True,2,1.0,True,False,False
ses_20260701-030836-yuvraj,2026-07-01T03:12:11.101Z,app_switch,screenshot_smart,True,2,1.0,True,False,False
ses_20260701-030836-yuvraj,2026-07-01T03:12:55.471Z,app_switch,keystroke,False,2,8.0,True,True,True
ses_20260701-030836-yuvraj,2026-07-01T03:13:25.949Z,browser_navigation,window_state_change,True,1,1.0,True,False,False
ses_20260701-030836-yuvraj,2026-07-01T03:13:32.065Z,app_switch,keystroke,False,2,2.0,True,True,False
ses_20260701-030836-yuvraj,2026-07-01T03:13:32.102Z,app_switch,keystroke,False,5,2.0,True,True,True
ses_20260701-030836-yuvraj,2026-07-01T03:13:44.139Z,browser_navigation,screenshot_smart,True,1,1.0,True,False,False
ses_20260701-030836-yuvraj,2026-07-01T03:14:06.597Z,app_switch,screenshot_smart,True,2,1.0,True,False,False
ses_20260701-030836-yuvraj,2026-07-01T03:14:42.290Z,app_switch,screenshot_smart,True,3,1.0,True,False,True
ses_20260701-030836-yuvraj,2026-07-01T03:15:07.063Z,app_switch,screenshot_smart,True,1,1.0,True,False,False
ses_20260701-030836-yuvraj,2026-07-01T03:17:10.396Z,browser_navigation,screenshot_smart,True,1,1.0,True,False,False
ses_20260701-030836-yuvraj,2026-07-01T03:17:48.269Z,app_switch,screenshot_smart,True,1,1.0,True,False,False
ses_20260701-030836-yuvraj,2026-07-01T03:18:59.962Z,browser_navigation,screenshot_smart,True,1,1.0,True,False,False
ses_20260701-030836-yuvraj,2026-07-01T03:19:26.971Z,app_switch,screenshot_smart,True,1,1.0,True,False,False
ses_20260701-030836-yuvraj,2026-07-01T03:21:58.744Z,browser_navigation,screenshot_smart,True,1,1.0,True,False,False
ses_20260701-030836-yuvraj,2026-07-01T03:22:22.062Z,app_switch,screenshot_smart,True,3,1.0,True,False,True
ses_20260701-030836-yuvraj,2026-07-01T03:23:02.270Z,app_switch,screenshot_smart,True,2,1.0,True,False,False
ses_20260701-030836-yuvraj,2026-07-01T03:23:34.500Z,app_switch,screenshot_smart,True,4,1.0,True,False,True
ses_20260701-030836-yuvraj,2026-07-01T03:25:17.149Z,app_switch,screenshot_smart,True,2,1.0,True,False,False
ses_20260701-030836-yuvraj,2026-07-01T03:25:51.658Z,app_switch,keystroke,False,2,14.0,True,True,True
ses_20260701-030836-yuvraj,2026-07-01T03:25:52.271Z,screenshot_smart,app_switch,False,2,6.0,True,True,True
ses_20260701-030836-yuvraj,2026-07-01T03:26:04.243Z,app_switch,screenshot_smart,True,2,1.0,True,False,False
ses_20260701-032825-CHAITANYA0BCF,2026-07-01T03:29:59.690Z,app_switch,screenshot_smart,True,2,1.0,True,False,False
ses_20260701-032825-CHAITANYA0BCF,2026-07-01T03:30:39.135Z,app_switch,screenshot_smart,True,2,1.0,True,False,False
ses_20260701-032825-CHAITANYA0BCF,2026-07-01T03:31:44.992Z,app_switch,screenshot_smart,True,2,1.0,True,False,False
ses_20260701-032825-CHAITANYA0BCF,2026-07-01T03:32:11.396Z,app_switch,screenshot_smart,True,2,1.0,True,False,False
ses_20260701-032825-CHAITANYA0BCF,2026-07-01T03:34:41.825Z,app_switch,screenshot_smart,True,4,1.0,True,False,True
ses_20260701-032825-CHAITANYA0BCF,2026-07-01T03:35:15.965Z,app_switch,screenshot_smart,True,3,1.0,True,False,True
ses_20260701-032825-CHAITANYA0BCF,2026-07-01T03:35:43.019Z,browser_navigation,screenshot_smart,True,1,1.0,True,False,False
ses_20260701-032825-CHAITANYA0BCF,2026-07-01T03:36:44.735Z,app_switch,screenshot_smart,True,1,1.0,True,False,False
ses_20260701-032825-CHAITANYA0BCF,2026-07-01T03:37:50.335Z,app_switch,screenshot_smart,True,2,1.0,True,False,False
ses_20260701-032825-CHAITANYA0BCF,2026-07-01T03:40:30.269Z,app_switch,screenshot_smart,True,1,1.0,True,False,False
ses_20260701-032825-CHAITANYA0BCF,2026-07-01T03:41:01.636Z,browser_navigation,screenshot_smart,True,1,1.0,True,False,False
ses_20260701-032825-CHAITANYA0BCF,2026-07-01T03:46:14.682Z,app_switch,screenshot_smart,True,2,1.0,True,False,False
ses_20260701-032825-CHAITANYA0BCF,2026-07-01T03:46:41.858Z,browser_navigation,screenshot_smart,True,1,1.0,True,False,False
ses_20260701-032825-CHAITANYA0BCF,2026-07-01T03:48:26.769Z,app_switch,screenshot_smart,True,3,1.0,True,False,True
ses_20260701-032825-CHAITANYA0BCF,2026-07-01T03:48:56.518Z,app_switch,screenshot_smart,True,1,1.0,True,False,False
ses_20260701-032825-CHAITANYA0BCF,2026-07-01T03:49:26.920Z,app_switch,screenshot_smart,True,2,1.0,True,False,False
ses_20260701-032825-CHAITANYA0BCF,2026-07-01T03:49:56.130Z,app_switch,screenshot_smart,True,3,1.0,True,False,True
ses_20260701-032825-CHAITANYA0BCF,2026-07-01T03:50:27.689Z,browser_navigation,screenshot_smart,True,1,1.0,True,False,False
ses_20260701-032825-CHAITANYA0BCF,2026-07-01T03:51:04.948Z,browser_navigation,screenshot_smart,True,1,1.0,True,False,False
ses_20260701-032825-CHAITANYA0BCF,2026-07-01T03:51:30.165Z,app_switch,screenshot_smart,True,3,1.0,True,False,True
ses_20260701-035622-SIDDHIGUPTAB00B,2026-07-01T03:58:13.882Z,app_switch,screenshot_smart,True,2,1.0,True,False,False
ses_20260701-035622-SIDDHIGUPTAB00B,2026-07-01T03:58:34.554Z,app_switch,screenshot_smart,True,1,1.0,True,False,False
ses_20260701-035622-SIDDHIGUPTAB00B,2026-07-01T04:00:47.354Z,app_switch,screenshot_smart,True,5,1.0,True,False,True
ses_20260701-035622-SIDDHIGUPTAB00B,2026-07-01T04:00:48.199Z,screenshot_smart,app_switch,False,2,5.0,True,True,True
ses_20260701-035622-SIDDHIGUPTAB00B,2026-07-01T04:00:48.396Z,app_switch,screenshot_smart,False,2,2.0,True,True,False
ses_20260701-035622-SIDDHIGUPTAB00B,2026-07-01T04:01:27.940Z,app_switch,screenshot_smart,True,3,1.0,True,False,True
ses_20260701-035622-SIDDHIGUPTAB00B,2026-07-01T04:02:34.423Z,browser_navigation,screenshot_smart,True,1,1.0,True,False,False
ses_20260701-035622-SIDDHIGUPTAB00B,2026-07-01T04:03:00.993Z,app_switch,screenshot_smart,True,1,1.0,True,False,False
ses_20260701-035622-SIDDHIGUPTAB00B,2026-07-01T04:03:32.373Z,app_switch,screenshot_smart,True,2,1.0,True,False,False
ses_20260701-035622-SIDDHIGUPTAB00B,2026-07-01T04:06:46.945Z,browser_navigation,screenshot_smart,True,1,1.0,True,False,False
ses_20260701-035622-SIDDHIGUPTAB00B,2026-07-01T04:07:27.684Z,app_switch,screenshot_smart,True,2,1.0,True,False,False
ses_20260701-035622-SIDDHIGUPTAB00B,2026-07-01T04:08:49.567Z,browser_navigation,screenshot_smart,True,1,1.0,True,False,False
ses_20260701-035622-SIDDHIGUPTAB00B,2026-07-01T04:09:12.834Z,browser_navigation,screenshot_smart,True,1,1.0,True,False,False
ses_20260701-035622-SIDDHIGUPTAB00B,2026-07-01T04:10:15.029Z,browser_navigation,screenshot_smart,True,1,1.0,True,False,False
ses_20260701-035622-SIDDHIGUPTAB00B,2026-07-01T04:10:32.466Z,app_switch,screenshot_smart,True,3,1.0,True,False,True
ses_20260701-035622-SIDDHIGUPTAB00B,2026-07-01T04:10:36.070Z,keystroke,app_switch,False,4,3.0,True,True,True
ses_20260701-035622-SIDDHIGUPTAB00B,2026-07-01T04:10:54.648Z,browser_navigation,screenshot_smart,True,1,1.0,True,False,False
ses_20260701-035622-SIDDHIGUPTAB00B,2026-07-01T04:11:33.552Z,browser_navigation,screenshot_smart,True,1,1.0,True,False,False
ses_20260701-035622-SIDDHIGUPTAB00B,2026-07-01T04:12:30.438Z,app_switch,screenshot_smart,True,3,1.0,True,False,True
ses_20260701-035622-SIDDHIGUPTAB00B,2026-07-01T04:12:57.885Z,app_switch,screenshot_smart,True,1,1.0,True,False,False
ses_20260701-035622-SIDDHIGUPTAB00B,2026-07-01T04:13:43.644Z,app_switch,screenshot_smart,True,1,1.0,True,False,False
ses_20260701-035622-SIDDHIGUPTAB00B,2026-07-01T04:14:12.452Z,app_switch,screenshot_smart,True,2,1.0,True,False,False
ses_20260701-035622-SIDDHIGUPTAB00B,2026-07-01T04:16:19.427Z,app_switch,screenshot_smart,True,5,1.0,True,False,True
ses_20260701-035622-SIDDHIGUPTAB00B,2026-07-01T04:16:48.514Z,browser_navigation,screenshot_smart,True,1,1.0,True,False,False
ses_20260701-035622-SIDDHIGUPTAB00B,2026-07-01T04:17:21.379Z,app_switch,screenshot_smart,True,3,1.0,True,False,True
ses_20260701-035622-SIDDHIGUPTAB00B,2026-07-01T04:17:56.802Z,app_switch,screenshot_smart,True,1,1.0,True,False,False
ses_20260701-035622-SIDDHIGUPTAB00B,2026-07-01T04:18:30.873Z,app_switch,screenshot_smart,True,2,1.0,True,False,False
ses_20260701-035622-SIDDHIGUPTAB00B,2026-07-01T04:19:07.241Z,browser_navigation,screenshot_smart,True,1,1.0,True,False,False
ses_20260701-035622-SIDDHIGUPTAB00B,2026-07-01T04:20:05.282Z,app_switch,screenshot_smart,True,1,1.0,True,False,False
ses_20260701-035622-SIDDHIGUPTAB00B,2026-07-01T04:22:07.406Z,app_switch,screenshot_smart,True,2,1.0,True,False,False
ses_20260701-035622-SIDDHIGUPTAB00B,2026-07-01T04:23:14.471Z,app_switch,screenshot_smart,True,2,1.0,True,False,False
ses_20260701-035622-SIDDHIGUPTAB00B,2026-07-01T04:23:38.630Z,app_switch,mouse_click,False,2,2.0,True,True,False
ses_20260701-035622-SIDDHIGUPTAB00B,2026-07-01T04:23:46.493Z,screenshot_smart,app_switch,False,2,2.0,True,True,False
ses_20260701-043922-SIDDHIGUPTAB00B,2026-07-01T04:40:33.540Z,clipboard_change,keystroke,False,2,2.0,True,True,False
ses_20260701-043922-SIDDHIGUPTAB00B,2026-07-01T04:40:50.154Z,browser_navigation,screenshot_smart,True,1,1.0,True,False,False
ses_20260701-043922-SIDDHIGUPTAB00B,2026-07-01T04:41:12.242Z,app_switch,screenshot_smart,True,5,1.0,True,False,True
ses_20260701-043922-SIDDHIGUPTAB00B,2026-07-01T04:45:06.332Z,app_switch,screenshot_smart,True,2,1.0,True,False,False
ses_20260701-043922-SIDDHIGUPTAB00B,2026-07-01T04:45:52.406Z,app_switch,screenshot_smart,True,4,1.0,True,False,True
ses_20260701-043922-SIDDHIGUPTAB00B,2026-07-01T04:47:05.038Z,app_switch,screenshot_smart,True,2,1.0,True,False,False
ses_20260701-043922-SIDDHIGUPTAB00B,2026-07-01T04:47:38.143Z,app_switch,screenshot_smart,True,5,1.0,True,False,True
ses_20260701-043922-SIDDHIGUPTAB00B,2026-07-01T04:48:20.497Z,app_switch,screenshot_smart,True,5,1.0,True,False,True
ses_20260701-043922-SIDDHIGUPTAB00B,2026-07-01T04:49:09.526Z,browser_navigation,screenshot_smart,True,1,1.0,True,False,False
ses_20260701-043922-SIDDHIGUPTAB00B,2026-07-01T04:49:48.842Z,app_switch,screenshot_smart,True,4,1.0,True,False,True
ses_20260701-043922-SIDDHIGUPTAB00B,2026-07-01T04:52:45.508Z,app_switch,screenshot_smart,True,4,1.0,True,False,True
ses_20260701-043922-SIDDHIGUPTAB00B,2026-07-01T04:53:38.640Z,app_switch,screenshot_smart,True,1,1.0,True,False,False
ses_20260701-043922-SIDDHIGUPTAB00B,2026-07-01T04:54:21.216Z,app_switch,screenshot_smart,True,3,1.0,True,False,True
ses_20260701-043922-SIDDHIGUPTAB00B,2026-07-01T04:55:03.950Z,app_switch,screenshot_smart,True,4,1.0,True,False,True
ses_20260701-043922-SIDDHIGUPTAB00B,2026-07-01T04:56:05.880Z,app_switch,screenshot_smart,True,1,1.0,True,False,False
ses_20260701-043922-SIDDHIGUPTAB00B,2026-07-01T04:56:52.408Z,app_switch,screenshot_smart,True,6,1.0,True,False,True
ses_20260701-043922-SIDDHIGUPTAB00B,2026-07-01T04:57:43.922Z,app_switch,screenshot_smart,True,5,1.0,True,False,True
ses_20260701-043922-SIDDHIGUPTAB00B,2026-07-01T04:58:35.794Z,app_switch,screenshot_smart,True,4,1.0,True,False,True
ses_20260701-043922-SIDDHIGUPTAB00B,2026-07-01T05:00:02.218Z,app_switch,screenshot_smart,True,1,1.0,True,False,False
ses_20260701-043922-SIDDHIGUPTAB00B,2026-07-01T05:01:33.530Z,app_switch,screenshot_smart,True,3,1.0,True,False,True
ses_20260701-043922-SIDDHIGUPTAB00B,2026-07-01T05:02:18.850Z,app_switch,screenshot_smart,True,2,1.0,True,False,False
ses_20260701-043922-SIDDHIGUPTAB00B,2026-07-01T05:02:53.884Z,clipboard_change,keystroke,False,2,2.0,True,True,False
ses_20260701-043922-SIDDHIGUPTAB00B,2026-07-01T05:03:33.884Z,app_switch,screenshot_smart,True,4,1.0,True,False,True
ses_20260701-043922-SIDDHIGUPTAB00B,2026-07-01T05:04:21.094Z,app_switch,screenshot_smart,True,2,1.0,True,False,False
ses_20260701-043922-SIDDHIGUPTAB00B,2026-07-01T05:05:00.752Z,app_switch,screenshot_smart,True,4,1.0,True,False,True
ses_20260701-043922-SIDDHIGUPTAB00B,2026-07-01T05:05:43.485Z,clipboard_change,keystroke,False,2,2.0,True,True,False
ses_20260701-043922-SIDDHIGUPTAB00B,2026-07-01T05:05:57.101Z,app_switch,screenshot_smart,True,4,1.0,True,False,True
ses_20260701-043922-SIDDHIGUPTAB00B,2026-07-01T05:06:21.467Z,app_switch,keystroke,False,2,2.0,True,True,False
ses_20260701-043922-SIDDHIGUPTAB00B,2026-07-01T05:06:44.259Z,app_switch,screenshot_smart,True,1,1.0,True,False,False
ses_20260701-043922-SIDDHIGUPTAB00B,2026-07-01T05:07:31.960Z,app_switch,screenshot_smart,True,5,1.0,True,False,True
ses_20260701-043922-SIDDHIGUPTAB00B,2026-07-01T05:08:21.970Z,app_switch,screenshot_smart,True,1,1.0,True,False,False
ses_20260701-043922-SIDDHIGUPTAB00B,2026-07-01T05:09:08.317Z,browser_navigation,keystroke,True,1,2.0,True,False,False
ses_20260701-043922-SIDDHIGUPTAB00B,2026-07-01T05:09:57.996Z,browser_navigation,keystroke,True,1,2.0,True,False,False
ses_20260701-043922-SIDDHIGUPTAB00B,2026-07-01T05:10:41.396Z,app_switch,keystroke,True,3,2.0,True,True,True
ses_20260701-043922-SIDDHIGUPTAB00B,2026-07-01T05:11:11.764Z,screenshot_smart,keystroke,False,2,2.0,True,True,False
ses_20260701-043922-SIDDHIGUPTAB00B,2026-07-01T05:11:12.789Z,keystroke,screenshot_smart,False,2,2.0,True,True,False
ses_20260701-043922-SIDDHIGUPTAB00B,2026-07-01T05:11:35.343Z,screenshot_smart,keystroke,False,2,2.0,True,True,False
ses_20260701-043922-SIDDHIGUPTAB00B,2026-07-01T05:11:50.506Z,app_switch,screenshot_smart,True,1,1.0,True,False,False
ses_20260701-043922-SIDDHIGUPTAB00B,2026-07-01T05:12:04.391Z,screenshot_smart,app_switch,False,2,5.0,True,True,True
ses_20260701-051820-CHAITANYA0BCF,2026-07-01T05:20:16.108Z,app_switch,screenshot_smart,True,2,1.0,True,False,False
ses_20260701-051820-CHAITANYA0BCF,2026-07-01T05:20:58.255Z,app_switch,screenshot_smart,True,2,1.0,True,False,False
ses_20260701-051820-CHAITANYA0BCF,2026-07-01T05:21:36.158Z,browser_navigation,screenshot_smart,True,1,1.0,True,False,False
ses_20260701-051820-CHAITANYA0BCF,2026-07-01T05:21:58.713Z,app_switch,screenshot_smart,True,2,1.0,True,False,False
ses_20260701-051820-CHAITANYA0BCF,2026-07-01T05:24:09.556Z,app_switch,screenshot_smart,True,1,1.0,True,False,False
ses_20260701-051820-CHAITANYA0BCF,2026-07-01T05:24:35.700Z,browser_navigation,screenshot_smart,True,1,1.0,True,False,False
ses_20260701-051820-CHAITANYA0BCF,2026-07-01T05:25:12.867Z,app_switch,screenshot_smart,True,3,1.0,True,False,True
ses_20260701-051820-CHAITANYA0BCF,2026-07-01T05:25:49.107Z,app_switch,screenshot_smart,True,2,1.0,True,False,False
ses_20260701-051820-CHAITANYA0BCF,2026-07-01T05:26:31.043Z,app_switch,screenshot_smart,True,3,1.0,True,False,True
ses_20260701-051820-CHAITANYA0BCF,2026-07-01T05:27:12.738Z,app_switch,screenshot_smart,True,4,1.0,True,False,True
ses_20260701-051820-CHAITANYA0BCF,2026-07-01T05:27:37.637Z,browser_navigation,screenshot_smart,True,1,1.0,True,False,False
ses_20260701-051820-CHAITANYA0BCF,2026-07-01T05:28:12.728Z,app_switch,screenshot_smart,True,5,1.0,True,False,True
ses_20260701-051820-CHAITANYA0BCF,2026-07-01T05:29:16.305Z,app_switch,screenshot_smart,True,2,1.0,True,False,False
ses_20260701-051820-CHAITANYA0BCF,2026-07-01T05:29:46.372Z,app_switch,screenshot_smart,True,3,1.0,True,False,True
ses_20260701-051820-CHAITANYA0BCF,2026-07-01T05:30:28.121Z,browser_navigation,screenshot_smart,True,1,1.0,True,False,False
ses_20260701-051820-CHAITANYA0BCF,2026-07-01T05:31:05.413Z,browser_navigation,screenshot_smart,True,1,1.0,True,False,False
ses_20260701-051820-CHAITANYA0BCF,2026-07-01T05:31:27.516Z,app_switch,screenshot_smart,True,2,1.0,True,False,False
ses_20260701-051820-CHAITANYA0BCF,2026-07-01T05:31:52.922Z,browser_navigation,screenshot_smart,True,1,1.0,True,False,False
ses_20260701-051820-CHAITANYA0BCF,2026-07-01T05:33:01.966Z,browser_navigation,screenshot_smart,True,1,1.0,True,False,False
ses_20260701-051820-CHAITANYA0BCF,2026-07-01T05:33:27.722Z,app_switch,screenshot_smart,True,2,1.0,True,False,False
ses_20260701-051820-CHAITANYA0BCF,2026-07-01T05:34:45.475Z,app_switch,screenshot_smart,True,2,1.0,True,False,False
ses_20260701-051850-LAPTOP-R36BQBTE,2026-07-01T05:20:35.315Z,screenshot_smart,keystroke,False,2,2.0,True,True,False
ses_20260701-051850-LAPTOP-R36BQBTE,2026-07-01T05:20:44.880Z,app_switch,screenshot_smart,True,3,1.0,True,False,True
ses_20260701-051850-LAPTOP-R36BQBTE,2026-07-01T05:21:53.187Z,app_switch,screenshot_smart,True,3,1.0,True,False,True
ses_20260701-051850-LAPTOP-R36BQBTE,2026-07-01T05:22:27.346Z,app_switch,screenshot_smart,True,2,1.0,True,False,False
ses_20260701-051850-LAPTOP-R36BQBTE,2026-07-01T05:23:25.423Z,mouse_click,keystroke,False,2,2.0,True,True,False
ses_20260701-051850-LAPTOP-R36BQBTE,2026-07-01T05:23:31.039Z,mouse_click,mouse_click,True,2,2.0,False,False,False
ses_20260701-051850-LAPTOP-R36BQBTE,2026-07-01T05:23:54.882Z,app_switch,screenshot_smart,True,3,1.0,True,False,True
ses_20260701-051850-LAPTOP-R36BQBTE,2026-07-01T05:24:23.423Z,app_switch,mouse_click,True,3,1.0,True,False,True
ses_20260701-051850-LAPTOP-R36BQBTE,2026-07-01T05:24:58.419Z,app_switch,screenshot_smart,True,1,1.0,True,False,False
ses_20260701-051850-LAPTOP-R36BQBTE,2026-07-01T05:25:28.154Z,app_switch,screenshot_smart,True,3,1.0,True,False,True
ses_20260701-051850-LAPTOP-R36BQBTE,2026-07-01T05:26:01.613Z,app_switch,screenshot_smart,True,2,1.0,True,False,False
ses_20260701-051850-LAPTOP-R36BQBTE,2026-07-01T05:27:02.085Z,mouse_click,screenshot_smart,True,1,1.0,True,False,False
ses_20260701-051850-LAPTOP-R36BQBTE,2026-07-01T05:27:25.014Z,mouse_click,mouse_click,True,2,2.0,False,False,False
ses_20260701-051850-LAPTOP-R36BQBTE,2026-07-01T05:28:00.850Z,app_switch,screenshot_smart,True,3,1.0,True,False,True
ses_20260701-051850-LAPTOP-R36BQBTE,2026-07-01T05:28:26.276Z,app_switch,screenshot_smart,True,2,1.0,True,False,False
ses_20260701-051850-LAPTOP-R36BQBTE,2026-07-01T05:28:51.563Z,app_switch,screenshot_smart,True,3,1.0,True,False,True
ses_20260701-051850-LAPTOP-R36BQBTE,2026-07-01T05:29:16.067Z,app_switch,screenshot_smart,True,3,1.0,True,False,True
ses_20260701-051850-LAPTOP-R36BQBTE,2026-07-01T05:30:14.421Z,mouse_click,mouse_click,True,2,2.0,False,False,False
ses_20260701-051850-LAPTOP-R36BQBTE,2026-07-01T05:30:29.532Z,app_switch,mouse_click,True,3,1.0,True,False,True
ses_20260701-051850-LAPTOP-R36BQBTE,2026-07-01T05:31:47.446Z,mouse_click,mouse_click,True,2,2.0,False,False,False
ses_20260701-051850-LAPTOP-R36BQBTE,2026-07-01T05:32:13.473Z,app_switch,screenshot_smart,True,2,1.0,True,False,False
ses_20260701-051850-LAPTOP-R36BQBTE,2026-07-01T05:33:03.530Z,app_switch,screenshot_smart,True,1,1.0,True,False,False
ses_20260701-051850-LAPTOP-R36BQBTE,2026-07-01T05:33:33.803Z,app_switch,screenshot_smart,True,2,1.0,True,False,False
ses_20260701-051850-LAPTOP-R36BQBTE,2026-07-01T05:34:04.850Z,app_switch,screenshot_smart,True,2,1.0,True,False,False
ses_20260701-051850-LAPTOP-R36BQBTE,2026-07-01T05:34:33.548Z,app_switch,screenshot_smart,True,2,1.0,True,False,False
ses_20260701-051850-LAPTOP-R36BQBTE,2026-07-01T05:35:07.357Z,app_switch,screenshot_smart,True,2,1.0,True,False,False
ses_20260701-051850-LAPTOP-R36BQBTE,2026-07-01T05:37:14.292Z,app_switch,screenshot_smart,True,2,1.0,True,False,False
ses_20260701-051850-LAPTOP-R36BQBTE,2026-07-01T05:40:01.101Z,mouse_click,mouse_click,True,2,2.0,False,False,False
ses_20260701-053005-MSI,2026-07-01T05:31:51.871Z,app_switch,screenshot_smart,True,1,1.0,True,False,False
ses_20260701-053005-MSI,2026-07-01T05:32:22.071Z,screenshot_smart,keystroke,False,2,2.0,True,True,False
ses_20260701-053005-MSI,2026-07-01T05:32:33.203Z,browser_navigation,screenshot_smart,True,1,1.0,True,False,False
ses_20260701-053005-MSI,2026-07-01T05:32:57.742Z,browser_navigation,screenshot_smart,True,1,1.0,True,False,False
ses_20260701-053005-MSI,2026-07-01T05:36:12.181Z,app_switch,screenshot_smart,True,2,1.0,True,False,False
ses_20260701-053005-MSI,2026-07-01T05:36:41.522Z,browser_navigation,screenshot_smart,True,1,1.0,True,False,False
ses_20260701-053005-MSI,2026-07-01T05:37:09.922Z,browser_navigation,screenshot_smart,True,1,1.0,True,False,False
ses_20260701-053005-MSI,2026-07-01T05:37:37.670Z,browser_navigation,screenshot_smart,True,1,1.0,True,False,False
ses_20260701-053005-MSI,2026-07-01T05:38:13.919Z,app_switch,screenshot_smart,True,2,1.0,True,False,False
ses_20260701-053005-MSI,2026-07-01T05:39:08.523Z,browser_navigation,screenshot_smart,True,1,1.0,True,False,False
ses_20260701-053005-MSI,2026-07-01T05:39:37.227Z,browser_navigation,screenshot_smart,True,1,1.0,True,False,False
ses_20260701-053005-MSI,2026-07-01T05:40:14.450Z,browser_navigation,screenshot_smart,True,1,1.0,True,False,False
ses_20260701-053005-MSI,2026-07-01T05:40:43.472Z,browser_navigation,screenshot_smart,True,1,1.0,True,False,False
ses_20260701-053005-MSI,2026-07-01T05:41:24.003Z,browser_navigation,screenshot_smart,True,1,1.0,True,False,False
ses_20260701-053005-MSI,2026-07-01T05:41:47.564Z,app_switch,screenshot_smart,True,2,1.0,True,False,False
ses_20260701-053005-MSI,2026-07-01T05:44:52.879Z,browser_navigation,screenshot_smart,True,1,1.0,True,False,False
ses_20260701-053005-MSI,2026-07-01T05:46:36.728Z,app_switch,screenshot_smart,True,1,1.0,True,False,False
ses_20260701-053005-MSI,2026-07-01T05:47:13.987Z,app_switch,keystroke,False,2,13.0,True,True,True
ses_20260701-053005-MSI,2026-07-01T05:47:41.897Z,app_switch,screenshot_smart,True,4,1.0,True,False,True
ses_20260701-053005-MSI,2026-07-01T05:48:20.623Z,browser_navigation,screenshot_smart,True,1,1.0,True,False,False
ses_20260701-053005-MSI,2026-07-01T05:48:47.070Z,browser_navigation,screenshot_smart,True,1,1.0,True,False,False
ses_20260701-053005-MSI,2026-07-01T05:49:21.123Z,keystroke,mouse_scroll,False,2,2.0,True,True,False
ses_20260701-053720-SIDDHIGUPTAB00B,2026-07-01T05:39:09.990Z,browser_navigation,screenshot_smart,True,1,1.0,True,False,False
ses_20260701-053720-SIDDHIGUPTAB00B,2026-07-01T05:39:49.723Z,app_switch,screenshot_smart,True,3,1.0,True,False,True
ses_20260701-053720-SIDDHIGUPTAB00B,2026-07-01T05:40:42.475Z,browser_navigation,screenshot_smart,True,1,1.0,True,False,False
ses_20260701-053720-SIDDHIGUPTAB00B,2026-07-01T05:41:47.198Z,app_switch,screenshot_smart,True,1,1.0,True,False,False
ses_20260701-053720-SIDDHIGUPTAB00B,2026-07-01T05:42:28.035Z,app_switch,screenshot_smart,True,2,1.0,True,False,False
ses_20260701-053720-SIDDHIGUPTAB00B,2026-07-01T05:42:54.315Z,app_switch,screenshot_smart,True,3,1.0,True,False,True
ses_20260701-053720-SIDDHIGUPTAB00B,2026-07-01T05:45:20.957Z,browser_navigation,screenshot_smart,True,1,1.0,True,False,False
ses_20260701-053720-SIDDHIGUPTAB00B,2026-07-01T05:46:35.542Z,browser_navigation,screenshot_smart,True,1,1.0,True,False,False
ses_20260701-053720-SIDDHIGUPTAB00B,2026-07-01T05:46:57.202Z,app_switch,screenshot_smart,True,2,1.0,True,False,False
ses_20260701-053720-SIDDHIGUPTAB00B,2026-07-01T05:47:25.092Z,app_switch,screenshot_smart,True,3,1.0,True,False,True
ses_20260701-053720-SIDDHIGUPTAB00B,2026-07-01T05:48:09.046Z,app_switch,screenshot_smart,True,5,1.0,True,False,True
ses_20260701-053720-SIDDHIGUPTAB00B,2026-07-01T05:48:34.909Z,app_switch,keystroke,False,3,12.0,True,True,True
ses_20260701-053720-SIDDHIGUPTAB00B,2026-07-01T05:48:47.059Z,browser_navigation,screenshot_smart,True,1,1.0,True,False,False
ses_20260701-053720-SIDDHIGUPTAB00B,2026-07-01T05:49:14.243Z,browser_navigation,screenshot_smart,True,1,1.0,True,False,False
ses_20260701-053720-SIDDHIGUPTAB00B,2026-07-01T05:50:01.997Z,clipboard_change,keystroke,False,2,2.0,True,True,False
ses_20260701-053720-SIDDHIGUPTAB00B,2026-07-01T05:50:12.129Z,app_switch,screenshot_smart,True,2,1.0,True,False,False
ses_20260701-053720-SIDDHIGUPTAB00B,2026-07-01T05:50:51.672Z,app_switch,screenshot_smart,True,4,1.0,True,False,True
ses_20260701-053720-SIDDHIGUPTAB00B,2026-07-01T05:51:21.485Z,browser_navigation,screenshot_smart,True,1,1.0,True,False,False
ses_20260701-053720-SIDDHIGUPTAB00B,2026-07-01T05:51:48.551Z,app_switch,keystroke,False,2,8.0,True,True,True
ses_20260701-053720-SIDDHIGUPTAB00B,2026-07-01T05:53:11.825Z,app_switch,screenshot_smart,True,2,1.0,True,False,False
ses_20260701-053720-SIDDHIGUPTAB00B,2026-07-01T05:53:44.864Z,app_switch,screenshot_smart,True,1,1.0,True,False,False
ses_20260701-053720-SIDDHIGUPTAB00B,2026-07-01T05:54:13.360Z,app_switch,screenshot_smart,True,2,1.0,True,False,False
ses_20260701-053720-SIDDHIGUPTAB00B,2026-07-01T05:54:47.196Z,app_switch,screenshot_smart,True,2,1.0,True,False,False
ses_20260701-053720-SIDDHIGUPTAB00B,2026-07-01T05:55:14.558Z,browser_navigation,screenshot_smart,True,1,1.0,True,False,False
ses_20260701-053720-SIDDHIGUPTAB00B,2026-07-01T05:55:37.415Z,app_switch,screenshot_smart,True,2,1.0,True,False,False
ses_20260701-053720-SIDDHIGUPTAB00B,2026-07-01T05:56:16.899Z,app_switch,screenshot_smart,True,5,1.0,True,False,True
ses_20260701-053720-SIDDHIGUPTAB00B,2026-07-01T05:56:54.423Z,app_switch,screenshot_smart,True,5,1.0,True,False,True
ses_20260701-053720-SIDDHIGUPTAB00B,2026-07-01T05:57:22.100Z,screenshot_smart,keystroke,False,2,2.0,True,True,False
ses_20260701-053720-SIDDHIGUPTAB00B,2026-07-01T05:57:47.767Z,app_switch,screenshot_smart,True,1,1.0,True,False,False
ses_20260701-053720-SIDDHIGUPTAB00B,2026-07-01T05:58:10.819Z,screenshot_smart,app_switch,False,2,3.0,True,True,True
ses_20260701-053720-SIDDHIGUPTAB00B,2026-07-01T05:58:10.839Z,app_switch,screenshot_smart,False,2,2.0,True,True,False
ses_20260701-053720-SIDDHIGUPTAB00B,2026-07-01T05:58:18.449Z,browser_navigation,screenshot_smart,True,1,1.0,True,False,False
ses_20260701-053720-SIDDHIGUPTAB00B,2026-07-01T05:59:00.402Z,app_switch,screenshot_smart,True,3,1.0,True,False,True
ses_20260701-053720-SIDDHIGUPTAB00B,2026-07-01T06:02:38.024Z,clipboard_change,keystroke,False,2,2.0,True,True,False
ses_20260701-054901-LAPTOP-R36BQBTE,2026-07-01T05:50:55.024Z,mouse_click,screenshot_smart,True,1,1.0,True,False,False
ses_20260701-054901-LAPTOP-R36BQBTE,2026-07-01T05:51:21.669Z,mouse_click,screenshot_smart,True,1,1.0,True,False,False
ses_20260701-054901-LAPTOP-R36BQBTE,2026-07-01T05:51:47.327Z,app_switch,mouse_click,True,1,1.0,True,False,False
ses_20260701-054901-LAPTOP-R36BQBTE,2026-07-01T05:52:49.276Z,app_switch,screenshot_smart,True,3,1.0,True,False,True
ses_20260701-054901-LAPTOP-R36BQBTE,2026-07-01T05:53:15.446Z,mouse_scroll,screenshot_smart,True,1,1.0,True,False,False
ses_20260701-054901-LAPTOP-R36BQBTE,2026-07-01T05:53:43.801Z,app_switch,screenshot_smart,True,1,1.0,True,False,False
ses_20260701-054901-LAPTOP-R36BQBTE,2026-07-01T05:54:59.987Z,app_switch,screenshot_smart,True,1,1.0,True,False,False
ses_20260701-054901-LAPTOP-R36BQBTE,2026-07-01T05:56:16.328Z,app_switch,screenshot_smart,True,1,1.0,True,False,False
ses_20260701-054901-LAPTOP-R36BQBTE,2026-07-01T05:57:31.193Z,app_switch,screenshot_smart,True,1,1.0,True,False,False
ses_20260701-054901-LAPTOP-R36BQBTE,2026-07-01T05:57:51.784Z,mouse_click,screenshot_smart,True,1,1.0,True,False,False
ses_20260701-054901-LAPTOP-R36BQBTE,2026-07-01T05:58:19.812Z,mouse_click,clipboard_change,True,1,1.0,True,False,False
ses_20260701-054901-LAPTOP-R36BQBTE,2026-07-01T05:58:26.893Z,keystroke,mouse_scroll,False,2,2.0,True,True,False
ses_20260701-054901-LAPTOP-R36BQBTE,2026-07-01T05:58:55.793Z,app_switch,screenshot_smart,True,1,1.0,True,False,False
ses_20260701-054901-LAPTOP-R36BQBTE,2026-07-01T05:59:39.679Z,app_switch,screenshot_smart,True,1,1.0,True,False,False
ses_20260701-054901-LAPTOP-R36BQBTE,2026-07-01T05:59:58.455Z,app_switch,clipboard_change,True,1,1.0,True,False,False
ses_20260701-054901-LAPTOP-R36BQBTE,2026-07-01T06:01:57.776Z,app_switch,screenshot_smart,True,1,1.0,True,False,False
ses_20260701-054901-LAPTOP-R36BQBTE,2026-07-01T06:04:43.347Z,shortcut,screenshot_smart,True,1,1.0,True,False,False
ses_20260701-054901-LAPTOP-R36BQBTE,2026-07-01T06:05:13.791Z,keystroke,keystroke,True,4,4.0,False,False,False
ses_20260701-054901-LAPTOP-R36BQBTE,2026-07-01T06:05:36.945Z,keystroke,screenshot_smart,True,2,1.0,True,False,False
ses_20260701-054901-LAPTOP-R36BQBTE,2026-07-01T06:06:06.887Z,mouse_scroll,keystroke,True,1,2.0,True,False,False
ses_20260701-054901-LAPTOP-R36BQBTE,2026-07-01T06:07:09.652Z,shortcut,screenshot_smart,True,1,1.0,True,False,False
ses_20260701-054901-LAPTOP-R36BQBTE,2026-07-01T06:09:34.610Z,app_switch,screenshot_smart,True,1,1.0,True,False,False
ses_20260701-054901-LAPTOP-R36BQBTE,2026-07-01T06:09:42.993Z,app_switch,mouse_click,True,1,1.0,True,False,False
ses_20260701-054930-CHAITANYA0BCF,2026-07-01T05:50:54.817Z,app_switch,screenshot_smart,True,2,1.0,True,False,False
ses_20260701-054930-CHAITANYA0BCF,2026-07-01T05:51:21.335Z,app_switch,screenshot_smart,True,2,1.0,True,False,False
ses_20260701-054930-CHAITANYA0BCF,2026-07-01T05:51:45.666Z,app_switch,screenshot_smart,True,2,1.0,True,False,False
ses_20260701-054930-CHAITANYA0BCF,2026-07-01T05:52:49.277Z,app_switch,screenshot_smart,True,2,1.0,True,False,False
ses_20260701-054930-CHAITANYA0BCF,2026-07-01T05:53:13.914Z,app_switch,screenshot_smart,True,2,1.0,True,False,False
ses_20260701-054930-CHAITANYA0BCF,2026-07-01T05:53:42.086Z,app_switch,screenshot_smart,True,3,1.0,True,False,True
ses_20260701-054930-CHAITANYA0BCF,2026-07-01T05:54:53.542Z,app_switch,screenshot_smart,True,3,1.0,True,False,True
ses_20260701-054930-CHAITANYA0BCF,2026-07-01T05:56:10.928Z,app_switch,screenshot_smart,True,1,1.0,True,False,False
ses_20260701-054930-CHAITANYA0BCF,2026-07-01T05:57:25.818Z,browser_navigation,screenshot_smart,True,1,1.0,True,False,False
ses_20260701-054930-CHAITANYA0BCF,2026-07-01T05:57:52.853Z,browser_navigation,screenshot_smart,True,1,1.0,True,False,False
ses_20260701-054930-CHAITANYA0BCF,2026-07-01T05:58:20.157Z,browser_navigation,screenshot_smart,True,1,1.0,True,False,False
ses_20260701-054930-CHAITANYA0BCF,2026-07-01T05:58:41.861Z,browser_navigation,screenshot_smart,True,1,1.0,True,False,False
ses_20260701-054930-CHAITANYA0BCF,2026-07-01T05:59:12.925Z,app_switch,keystroke,False,3,10.0,True,True,True
ses_20260701-054930-CHAITANYA0BCF,2026-07-01T05:59:25.899Z,app_switch,screenshot_smart,True,2,1.0,True,False,False
ses_20260701-054930-CHAITANYA0BCF,2026-07-01T05:59:53.255Z,app_switch,screenshot_smart,True,2,1.0,True,False,False
ses_20260701-054930-CHAITANYA0BCF,2026-07-01T06:00:50.556Z,browser_tab_event,app_switch,False,2,2.0,True,True,False
ses_20260701-054930-CHAITANYA0BCF,2026-07-01T06:01:56.847Z,app_switch,screenshot_smart,True,3,1.0,True,False,True
ses_20260701-054930-CHAITANYA0BCF,2026-07-01T06:04:43.497Z,app_switch,screenshot_smart,True,2,1.0,True,False,False
ses_20260701-054930-CHAITANYA0BCF,2026-07-01T06:05:10.165Z,browser_navigation,screenshot_smart,True,1,1.0,True,False,False
ses_20260701-054930-CHAITANYA0BCF,2026-07-01T06:05:36.488Z,browser_navigation,screenshot_smart,True,1,1.0,True,False,False
ses_20260701-054930-CHAITANYA0BCF,2026-07-01T06:06:04.328Z,app_switch,screenshot_smart,True,2,1.0,True,False,False
ses_20260701-054930-CHAITANYA0BCF,2026-07-01T06:07:09.597Z,app_switch,screenshot_smart,True,2,1.0,True,False,False
ses_20260701-054930-CHAITANYA0BCF,2026-07-01T06:08:44.072Z,app_switch,screenshot_smart,True,2,1.0,True,False,False
ses_20260701-054930-CHAITANYA0BCF,2026-07-01T06:09:42.429Z,app_switch,screenshot_smart,True,3,1.0,True,False,True
ses_20260701-054930-CHAITANYA0BCF,2026-07-01T06:10:09.521Z,browser_error,app_switch,False,170,2.0,True,True,True
ses_20260701-055037-Marcos,2026-07-01T05:52:27.744Z,app_switch,screenshot_smart,True,2,1.0,True,False,False
ses_20260701-055037-Marcos,2026-07-01T05:53:04.949Z,browser_navigation,app_switch,True,1,1.0,True,False,False
ses_20260701-055037-Marcos,2026-07-01T05:53:31.408Z,app_switch,screenshot_smart,True,2,1.0,True,False,False
ses_20260701-055037-Marcos,2026-07-01T05:54:00.955Z,app_switch,screenshot_smart,True,2,1.0,True,False,False
ses_20260701-055037-Marcos,2026-07-01T05:55:38.442Z,app_switch,screenshot_smart,True,2,1.0,True,False,False
ses_20260701-055037-Marcos,2026-07-01T05:56:28.469Z,app_switch,screenshot_smart,True,2,1.0,True,False,False
ses_20260701-055037-Marcos,2026-07-01T05:57:26.184Z,app_switch,screenshot_smart,True,1,1.0,True,False,False
ses_20260701-055037-Marcos,2026-07-01T05:59:19.299Z,app_switch,screenshot_smart,True,1,1.0,True,False,False
ses_20260701-055037-Marcos,2026-07-01T05:59:50.277Z,browser_navigation,screenshot_smart,True,1,1.0,True,False,False
ses_20260701-055037-Marcos,2026-07-01T06:00:15.278Z,app_switch,screenshot_smart,True,2,1.0,True,False,False
ses_20260701-055037-Marcos,2026-07-01T06:00:45.681Z,browser_navigation,screenshot_smart,True,1,1.0,True,False,False
ses_20260701-055037-Marcos,2026-07-01T06:01:13.940Z,browser_navigation,screenshot_smart,True,1,1.0,True,False,False
ses_20260701-055037-Marcos,2026-07-01T06:01:36.077Z,app_switch,screenshot_smart,True,1,1.0,True,False,False
ses_20260701-055037-Marcos,2026-07-01T06:02:33.258Z,app_switch,screenshot_smart,True,1,1.0,True,False,False
ses_20260701-055037-Marcos,2026-07-01T06:02:58.724Z,browser_navigation,screenshot_smart,True,1,1.0,True,False,False
ses_20260701-055037-Marcos,2026-07-01T06:03:36.291Z,app_switch,screenshot_smart,True,1,1.0,True,False,False
ses_20260701-055037-Marcos,2026-07-01T06:04:03.552Z,app_switch,screenshot_smart,True,1,1.0,True,False,False
ses_20260701-055037-Marcos,2026-07-01T06:05:30.285Z,browser_navigation,screenshot_smart,True,1,1.0,True,False,False
ses_20260701-055037-Marcos,2026-07-01T06:05:55.728Z,app_switch,screenshot_smart,True,1,1.0,True,False,False
ses_20260701-055037-Marcos,2026-07-01T06:07:07.315Z,browser_navigation,screenshot_smart,True,1,1.0,True,False,False
ses_20260701-055037-Marcos,2026-07-01T06:08:17.842Z,app_switch,screenshot_smart,True,2,1.0,True,False,False
ses_20260701-055037-Marcos,2026-07-01T06:09:09.656Z,browser_navigation,screenshot_smart,True,1,1.0,True,False,False
ses_20260701-055037-Marcos,2026-07-01T06:09:32.287Z,browser_navigation,screenshot_smart,True,1,1.0,True,False,False
ses_20260701-055918-MSI,2026-07-01T06:01:10.454Z,app_switch,screenshot_smart,True,2,1.0,True,False,False
ses_20260701-055918-MSI,2026-07-01T06:01:33.285Z,app_switch,screenshot_smart,True,2,1.0,True,False,False
ses_20260701-055918-MSI,2026-07-01T06:01:57.897Z,browser_navigation,screenshot_smart,True,1,1.0,True,False,False
ses_20260701-055918-MSI,2026-07-01T06:02:40.235Z,app_switch,screenshot_smart,True,2,1.0,True,False,False
ses_20260701-055918-MSI,2026-07-01T06:03:39.323Z,app_switch,screenshot_smart,True,2,1.0,True,False,False
ses_20260701-055918-MSI,2026-07-01T06:04:42.851Z,app_switch,screenshot_smart,True,2,1.0,True,False,False
ses_20260701-055918-MSI,2026-07-01T06:06:13.458Z,app_switch,screenshot_smart,True,2,1.0,True,False,False
ses_20260701-055918-MSI,2026-07-01T06:06:37.333Z,app_switch,screenshot_smart,True,2,1.0,True,False,False
ses_20260701-055918-MSI,2026-07-01T06:07:07.387Z,app_switch,screenshot_smart,True,2,1.0,True,False,False
ses_20260701-055918-MSI,2026-07-01T06:07:44.925Z,browser_navigation,screenshot_smart,True,1,1.0,True,False,False
ses_20260701-055918-MSI,2026-07-01T06:08:21.300Z,app_switch,screenshot_smart,True,3,1.0,True,False,True
ses_20260701-055918-MSI,2026-07-01T06:09:01.696Z,app_switch,keystroke,False,2,14.0,True,True,True
ses_20260701-055918-MSI,2026-07-01T06:09:02.324Z,screenshot_smart,app_switch,False,2,10.0,True,True,True
ses_20260701-055918-MSI,2026-07-01T06:09:14.301Z,browser_navigation,screenshot_smart,True,1,1.0,True,False,False
ses_20260701-055918-MSI,2026-07-01T06:09:45.169Z,app_switch,screenshot_smart,True,1,1.0,True,False,False
ses_20260701-055918-MSI,2026-07-01T06:11:44.327Z,browser_navigation,screenshot_smart,True,1,1.0,True,False,False
ses_20260701-055918-MSI,2026-07-01T06:12:18.797Z,browser_navigation,screenshot_smart,True,1,1.0,True,False,False
ses_20260701-055918-MSI,2026-07-01T06:12:47.067Z,app_switch,screenshot_smart,True,2,1.0,True,False,False
ses_20260701-055918-MSI,2026-07-01T06:14:46.972Z,app_switch,screenshot_smart,True,2,1.0,True,False,False
ses_20260701-055918-MSI,2026-07-01T06:15:17.072Z,app_switch,screenshot_smart,True,1,1.0,True,False,False
ses_20260701-055918-MSI,2026-07-01T06:17:19.586Z,app_switch,screenshot_smart,True,1,1.0,True,False,False
ses_20260701-055918-MSI,2026-07-01T06:17:57.609Z,app_switch,screenshot_smart,True,1,1.0,True,False,False
ses_20260701-055918-MSI,2026-07-01T06:18:24.062Z,browser_navigation,screenshot_smart,True,1,1.0,True,False,False
ses_20260701-055918-MSI,2026-07-01T06:18:56.607Z,app_switch,screenshot_smart,True,4,1.0,True,False,True
ses_20260701-055918-MSI,2026-07-01T06:19:26.742Z,app_switch,screenshot_smart,True,1,1.0,True,False,False
ses_20260701-055918-MSI,2026-07-01T06:20:53.763Z,browser_navigation,screenshot_smart,True,1,1.0,True,False,False
ses_20260701-062250-Marcos,2026-07-01T06:24:04.804Z,app_switch,screenshot_smart,True,2,1.0,True,False,False
ses_20260701-062250-Marcos,2026-07-01T06:24:40.657Z,app_switch,screenshot_smart,True,1,1.0,True,False,False
ses_20260701-062250-Marcos,2026-07-01T06:25:22.528Z,browser_navigation,screenshot_smart,True,1,1.0,True,False,False
ses_20260701-062250-Marcos,2026-07-01T06:25:50.106Z,app_switch,screenshot_smart,True,2,1.0,True,False,False
ses_20260701-062250-Marcos,2026-07-01T06:27:06.430Z,app_switch,screenshot_smart,True,2,1.0,True,False,False
ses_20260701-062250-Marcos,2026-07-01T06:27:32.026Z,browser_navigation,screenshot_smart,True,1,1.0,True,False,False
ses_20260701-062250-Marcos,2026-07-01T06:27:59.807Z,app_switch,screenshot_smart,True,1,1.0,True,False,False
ses_20260701-062250-Marcos,2026-07-01T06:28:40.277Z,app_switch,screenshot_smart,True,2,1.0,True,False,False
ses_20260701-062250-Marcos,2026-07-01T06:29:40.805Z,app_switch,screenshot_smart,True,2,1.0,True,False,False
ses_20260701-062250-Marcos,2026-07-01T06:30:10.297Z,browser_navigation,screenshot_smart,True,1,1.0,True,False,False
ses_20260701-062250-Marcos,2026-07-01T06:30:33.839Z,app_switch,screenshot_smart,True,2,1.0,True,False,False
ses_20260701-062250-Marcos,2026-07-01T06:30:54.689Z,browser_navigation,screenshot_smart,True,1,1.0,True,False,False
ses_20260701-062250-Marcos,2026-07-01T06:31:16.373Z,app_switch,screenshot_smart,True,2,1.0,True,False,False
ses_20260701-062250-Marcos,2026-07-01T06:32:30.073Z,app_switch,screenshot_smart,True,4,1.0,True,False,True
ses_20260701-062250-Marcos,2026-07-01T06:32:55.852Z,app_switch,screenshot_smart,True,1,1.0,True,False,False
ses_20260701-062250-Marcos,2026-07-01T06:35:07.700Z,app_switch,screenshot_smart,True,2,1.0,True,False,False
ses_20260701-062250-Marcos,2026-07-01T06:35:44.521Z,browser_navigation,screenshot_smart,True,1,1.0,True,False,False
ses_20260701-062250-Marcos,2026-07-01T06:36:03.388Z,browser_navigation,screenshot_smart,True,1,1.0,True,False,False
ses_20260701-062250-Marcos,2026-07-01T06:36:43.362Z,browser_navigation,screenshot_smart,True,1,1.0,True,False,False
ses_20260701-062250-Marcos,2026-07-01T06:37:09.375Z,app_switch,screenshot_smart,True,1,1.0,True,False,False
ses_20260701-062250-Marcos,2026-07-01T06:37:47.022Z,app_switch,screenshot_smart,True,1,1.0,True,False,False
ses_20260701-062250-Marcos,2026-07-01T06:38:28.569Z,app_switch,screenshot_smart,True,1,1.0,True,False,False
ses_20260701-062250-Marcos,2026-07-01T06:39:34.003Z,browser_navigation,screenshot_smart,True,1,1.0,True,False,False
ses_20260701-062250-Marcos,2026-07-01T06:42:48.208Z,app_switch,screenshot_smart,True,1,1.0,True,False,False
ses_20260701-062250-Marcos,2026-07-01T06:43:28.649Z,app_switch,screenshot_smart,True,2,1.0,True,False,False
ses_20260701-062732-MSI,2026-07-01T06:29:20.826Z,app_switch,screenshot_smart,True,1,1.0,True,False,False
ses_20260701-062732-MSI,2026-07-01T06:29:50.365Z,browser_navigation,screenshot_smart,True,1,1.0,True,False,False
ses_20260701-062732-MSI,2026-07-01T06:30:29.411Z,app_switch,screenshot_smart,True,3,1.0,True,False,True
ses_20260701-062732-MSI,2026-07-01T06:31:18.268Z,browser_navigation,screenshot_smart,True,1,1.0,True,False,False
ses_20260701-062732-MSI,2026-07-01T06:31:51.069Z,browser_navigation,screenshot_smart,True,1,1.0,True,False,False
ses_20260701-062732-MSI,2026-07-01T06:32:18.879Z,browser_navigation,screenshot_smart,True,1,1.0,True,False,False
ses_20260701-062732-MSI,2026-07-01T06:32:56.837Z,browser_navigation,screenshot_smart,True,1,1.0,True,False,False
ses_20260701-062732-MSI,2026-07-01T06:34:16.657Z,app_switch,screenshot_smart,True,2,1.0,True,False,False
ses_20260701-062732-MSI,2026-07-01T06:34:53.682Z,browser_navigation,screenshot_smart,True,1,1.0,True,False,False
ses_20260701-062732-MSI,2026-07-01T06:35:22.253Z,browser_navigation,screenshot_smart,True,1,1.0,True,False,False
ses_20260701-062732-MSI,2026-07-01T06:36:58.792Z,browser_navigation,screenshot_smart,True,1,1.0,True,False,False
ses_20260701-062732-MSI,2026-07-01T06:37:25.984Z,app_switch,screenshot_smart,True,2,1.0,True,False,False
ses_20260701-062732-MSI,2026-07-01T06:41:03.374Z,browser_navigation,screenshot_smart,True,1,1.0,True,False,False
ses_20260701-062732-MSI,2026-07-01T06:41:30.496Z,app_switch,screenshot_smart,True,2,1.0,True,False,False
ses_20260701-062732-MSI,2026-07-01T06:42:00.684Z,app_switch,screenshot_smart,True,1,1.0,True,False,False
ses_20260701-062732-MSI,2026-07-01T06:42:35.152Z,browser_navigation,screenshot_smart,True,1,1.0,True,False,False
ses_20260701-062732-MSI,2026-07-01T06:45:33.901Z,app_switch,keystroke,False,2,12.0,True,True,True
ses_20260701-062732-MSI,2026-07-01T06:45:46.760Z,browser_navigation,screenshot_smart,True,1,1.0,True,False,False
ses_20260701-062732-MSI,2026-07-01T06:47:23.955Z,browser_navigation,screenshot_smart,True,1,1.0,True,False,False
ses_20260701-062732-MSI,2026-07-01T06:47:56.897Z,browser_navigation,screenshot_smart,True,1,1.0,True,False,False
ses_20260701-062732-MSI,2026-07-01T06:48:21.889Z,app_switch,screenshot_smart,True,3,1.0,True,False,True
ses_20260701-063106-LAPTOP-R36BQBTE,2026-07-01T06:32:41.626Z,app_switch,screenshot_smart,True,2,1.0,True,False,False
ses_20260701-063106-LAPTOP-R36BQBTE,2026-07-01T06:33:20.417Z,app_switch,screenshot_smart,True,2,1.0,True,False,False
ses_20260701-063106-LAPTOP-R36BQBTE,2026-07-01T06:33:46.277Z,mouse_click,mouse_click,True,2,2.0,False,False,False
ses_20260701-063106-LAPTOP-R36BQBTE,2026-07-01T06:34:48.909Z,screenshot_smart,keystroke,False,2,24.0,True,True,True
ses_20260701-063106-LAPTOP-R36BQBTE,2026-07-01T06:35:18.684Z,app_switch,app_switch,True,3,3.0,False,False,False
ses_20260701-063106-LAPTOP-R36BQBTE,2026-07-01T06:35:41.975Z,mouse_click,mouse_click,True,2,2.0,False,False,False
ses_20260701-063106-LAPTOP-R36BQBTE,2026-07-01T06:36:13.475Z,app_switch,screenshot_smart,True,1,1.0,True,False,False
ses_20260701-063106-LAPTOP-R36BQBTE,2026-07-01T06:40:26.987Z,app_switch,screenshot_smart,True,1,1.0,True,False,False
ses_20260701-063106-LAPTOP-R36BQBTE,2026-07-01T06:41:48.645Z,app_switch,screenshot_smart,True,2,1.0,True,False,False
ses_20260701-063106-LAPTOP-R36BQBTE,2026-07-01T06:42:24.477Z,app_switch,screenshot_smart,True,2,1.0,True,False,False
ses_20260701-063106-LAPTOP-R36BQBTE,2026-07-01T06:43:25.574Z,app_switch,screenshot_smart,True,1,1.0,True,False,False
ses_20260701-063106-LAPTOP-R36BQBTE,2026-07-01T06:43:55.651Z,app_switch,screenshot_smart,True,4,1.0,True,False,True
ses_20260701-063106-LAPTOP-R36BQBTE,2026-07-01T06:44:56.618Z,app_switch,keystroke,False,2,6.0,True,True,True
ses_20260701-063106-LAPTOP-R36BQBTE,2026-07-01T06:44:58.965Z,screenshot_smart,keystroke,False,2,24.0,True,True,True
ses_20260701-063106-LAPTOP-R36BQBTE,2026-07-01T06:45:09.338Z,app_switch,screenshot_smart,True,3,1.0,True,False,True
ses_20260701-063106-LAPTOP-R36BQBTE,2026-07-01T06:45:45.386Z,app_switch,screenshot_smart,True,4,1.0,True,False,True
ses_20260701-063106-LAPTOP-R36BQBTE,2026-07-01T06:46:25.591Z,app_switch,screenshot_smart,True,1,1.0,True,False,False
ses_20260701-063106-LAPTOP-R36BQBTE,2026-07-01T06:46:44.609Z,app_switch,screenshot_smart,True,2,1.0,True,False,False
ses_20260701-063106-LAPTOP-R36BQBTE,2026-07-01T06:48:06.732Z,app_switch,screenshot_smart,True,2,1.0,True,False,False
ses_20260701-063106-LAPTOP-R36BQBTE,2026-07-01T06:50:32.313Z,app_switch,screenshot_smart,True,2,1.0,True,False,False
ses_20260701-065151-CHAITANYA0BCF,2026-07-01T06:53:10.891Z,app_switch,screenshot_smart,True,2,1.0,True,False,False
ses_20260701-065151-CHAITANYA0BCF,2026-07-01T06:55:19.537Z,app_switch,screenshot_smart,True,2,1.0,True,False,False
ses_20260701-065151-CHAITANYA0BCF,2026-07-01T06:55:47.345Z,app_switch,screenshot_smart,True,2,1.0,True,False,False
ses_20260701-065151-CHAITANYA0BCF,2026-07-01T06:56:48.385Z,app_switch,screenshot_smart,True,5,1.0,True,False,True
ses_20260701-065151-CHAITANYA0BCF,2026-07-01T06:57:11.075Z,browser_navigation,screenshot_smart,True,1,1.0,True,False,False
ses_20260701-065151-CHAITANYA0BCF,2026-07-01T06:57:50.359Z,app_switch,screenshot_smart,True,2,1.0,True,False,False
ses_20260701-065151-CHAITANYA0BCF,2026-07-01T06:58:14.816Z,browser_navigation,screenshot_smart,True,1,1.0,True,False,False
ses_20260701-065151-CHAITANYA0BCF,2026-07-01T06:59:23.301Z,app_switch,screenshot_smart,True,4,1.0,True,False,True
ses_20260701-065151-CHAITANYA0BCF,2026-07-01T06:59:46.303Z,app_switch,screenshot_smart,True,2,1.0,True,False,False
ses_20260701-065151-CHAITANYA0BCF,2026-07-01T07:00:12.604Z,app_switch,screenshot_smart,True,2,1.0,True,False,False
ses_20260701-065151-CHAITANYA0BCF,2026-07-01T07:00:39.086Z,browser_navigation,screenshot_smart,True,1,1.0,True,False,False
ses_20260701-065151-CHAITANYA0BCF,2026-07-01T07:01:38.231Z,app_switch,screenshot_smart,True,2,1.0,True,False,False
ses_20260701-065151-CHAITANYA0BCF,2026-07-01T07:02:12.208Z,app_switch,screenshot_smart,True,1,1.0,True,False,False
ses_20260701-065151-CHAITANYA0BCF,2026-07-01T07:02:41.450Z,app_switch,screenshot_smart,True,2,1.0,True,False,False
ses_20260701-065151-CHAITANYA0BCF,2026-07-01T07:03:10.616Z,app_switch,screenshot_smart,True,3,1.0,True,False,True
ses_20260701-065151-CHAITANYA0BCF,2026-07-01T07:03:46.815Z,app_switch,screenshot_smart,True,1,1.0,True,False,False
ses_20260701-065151-CHAITANYA0BCF,2026-07-01T07:04:11.907Z,app_switch,screenshot_smart,True,2,1.0,True,False,False
ses_20260701-065151-CHAITANYA0BCF,2026-07-01T07:07:15.863Z,app_switch,screenshot_smart,True,1,1.0,True,False,False
ses_20260701-065151-CHAITANYA0BCF,2026-07-01T07:07:47.680Z,app_switch,keystroke,False,2,12.0,True,True,True
ses_20260701-065151-CHAITANYA0BCF,2026-07-01T07:10:12.943Z,app_switch,screenshot_smart,True,3,1.0,True,False,True
ses_20260701-065151-CHAITANYA0BCF,2026-07-01T07:10:39.321Z,app_switch,screenshot_smart,True,1,1.0,True,False,False
ses_20260701-065151-CHAITANYA0BCF,2026-07-01T07:11:20.855Z,app_switch,screenshot_smart,True,1,1.0,True,False,False
ses_20260701-065151-CHAITANYA0BCF,2026-07-01T07:12:01.061Z,app_switch,screenshot_smart,True,2,1.0,True,False,False
ses_20260701-065151-CHAITANYA0BCF,2026-07-01T07:12:35.936Z,app_switch,screenshot_smart,True,1,1.0,True,False,False
ses_20260701-065151-CHAITANYA0BCF,2026-07-01T07:13:57.070Z,app_switch,screenshot_smart,True,2,1.0,True,False,False
ses_20260701-070320-JAYESH,2026-07-01T07:06:03.614Z,app_switch,screenshot_smart,True,3,1.0,True,False,True
ses_20260701-070320-JAYESH,2026-07-01T07:06:29.161Z,app_switch,screenshot_smart,True,1,1.0,True,False,False
ses_20260701-070320-JAYESH,2026-07-01T07:07:12.135Z,browser_navigation,screenshot_smart,True,2,1.0,True,False,False
ses_20260701-070320-JAYESH,2026-07-01T07:08:46.134Z,app_switch,screenshot_smart,True,1,1.0,True,False,False
ses_20260701-070320-JAYESH,2026-07-01T07:08:47.670Z,browser_navigation,app_switch,False,2,2.0,True,True,False
ses_20260701-070320-JAYESH,2026-07-01T07:10:28.543Z,browser_navigation,screenshot_smart,True,2,1.0,True,False,False
ses_20260701-070320-JAYESH,2026-07-01T07:10:55.603Z,browser_navigation,screenshot_smart,True,2,1.0,True,False,False
ses_20260701-070320-JAYESH,2026-07-01T07:12:05.571Z,browser_navigation,screenshot_smart,True,2,1.0,True,False,False
ses_20260701-070320-JAYESH,2026-07-01T07:12:32.571Z,app_switch,screenshot_smart,True,1,1.0,True,False,False
ses_20260701-070320-JAYESH,2026-07-01T07:13:11.806Z,app_switch,screenshot_smart,True,1,1.0,True,False,False
ses_20260701-070320-JAYESH,2026-07-01T07:14:26.000Z,app_switch,screenshot_smart,True,1,1.0,True,False,False
ses_20260701-070320-JAYESH,2026-07-01T07:15:31.387Z,browser_navigation,screenshot_smart,True,2,1.0,True,False,False
ses_20260701-070320-JAYESH,2026-07-01T07:15:53.500Z,app_switch,screenshot_smart,True,2,1.0,True,False,False
ses_20260701-070320-JAYESH,2026-07-01T07:16:28.731Z,app_switch,screenshot_smart,True,4,1.0,True,False,True
ses_20260701-070320-JAYESH,2026-07-01T07:16:58.148Z,browser_navigation,screenshot_smart,True,2,1.0,True,False,False
ses_20260701-070320-JAYESH,2026-07-01T07:17:32.169Z,app_switch,screenshot_smart,True,3,1.0,True,False,True
ses_20260701-070320-JAYESH,2026-07-01T07:18:08.754Z,app_switch,screenshot_smart,True,1,1.0,True,False,False
ses_20260701-070320-JAYESH,2026-07-01T07:18:30.689Z,browser_navigation,screenshot_smart,True,2,1.0,True,False,False
ses_20260701-070320-JAYESH,2026-07-01T07:18:58.914Z,browser_navigation,screenshot_smart,True,2,1.0,True,False,False
ses_20260701-070320-JAYESH,2026-07-01T07:20:21.609Z,app_switch,screenshot_smart,True,1,1.0,True,False,False
ses_20260701-070320-JAYESH,2026-07-01T07:21:27.235Z,app_switch,screenshot_smart,True,2,1.0,True,False,False
ses_20260701-070320-JAYESH,2026-07-01T07:21:53.234Z,browser_navigation,screenshot_smart,True,2,1.0,True,False,False
ses_20260701-070320-JAYESH,2026-07-01T07:22:34.147Z,app_switch,screenshot_smart,True,2,1.0,True,False,False
ses_20260701-070320-JAYESH,2026-07-01T07:23:04.227Z,app_switch,screenshot_smart,True,2,1.0,True,False,False
ses_20260701-070320-JAYESH,2026-07-01T07:23:05.859Z,browser_navigation,app_switch,False,2,2.0,True,True,False
ses_20260701-070320-JAYESH,2026-07-01T07:23:46.328Z,app_switch,screenshot_smart,True,3,1.0,True,False,True
ses_20260701-070320-JAYESH,2026-07-01T07:24:15.810Z,app_switch,screenshot_smart,True,2,1.0,True,False,False
ses_20260701-070320-JAYESH,2026-07-01T07:24:52.743Z,app_switch,screenshot_smart,True,1,1.0,True,False,False
ses_20260701-070320-JAYESH,2026-07-01T07:24:54.287Z,browser_navigation,app_switch,False,2,2.0,True,True,False
ses_20260701-070320-JAYESH,2026-07-01T07:25:28.120Z,app_switch,screenshot_smart,True,2,1.0,True,False,False
ses_20260701-070320-JAYESH,2026-07-01T07:25:53.850Z,app_switch,screenshot_smart,True,2,1.0,True,False,False
ses_20260701-070320-JAYESH,2026-07-01T07:26:36.877Z,browser_navigation,screenshot_smart,True,2,1.0,True,False,False
ses_20260701-070320-JAYESH,2026-07-01T07:27:18.985Z,app_switch,screenshot_smart,True,1,1.0,True,False,False
ses_20260701-070320-JAYESH,2026-07-01T07:28:03.099Z,browser_navigation,screenshot_smart,True,2,1.0,True,False,False
ses_20260701-070320-JAYESH,2026-07-01T07:28:22.441Z,app_switch,screenshot_smart,True,1,1.0,True,False,False
ses_20260701-070320-JAYESH,2026-07-01T07:28:43.359Z,app_switch,screenshot_smart,True,2,1.0,True,False,False
ses_20260701-070320-JAYESH,2026-07-01T07:29:10.840Z,app_switch,screenshot_smart,True,2,1.0,True,False,False
ses_20260701-071849-Marcos,2026-07-01T07:20:06.125Z,app_switch,screenshot_smart,True,2,1.0,True,False,False
ses_20260701-071849-Marcos,2026-07-01T07:21:00.929Z,browser_navigation,screenshot_smart,True,1,1.0,True,False,False
ses_20260701-071849-Marcos,2026-07-01T07:23:48.165Z,browser_navigation,screenshot_smart,True,1,1.0,True,False,False
ses_20260701-071849-Marcos,2026-07-01T07:26:42.373Z,app_switch,screenshot_smart,True,1,1.0,True,False,False
ses_20260701-071849-Marcos,2026-07-01T07:27:02.443Z,app_switch,screenshot_smart,True,2,1.0,True,False,False
ses_20260701-071849-Marcos,2026-07-01T07:28:00.929Z,app_switch,screenshot_smart,True,1,1.0,True,False,False
ses_20260701-071849-Marcos,2026-07-01T07:28:24.789Z,app_switch,screenshot_smart,True,1,1.0,True,False,False
ses_20260701-071849-Marcos,2026-07-01T07:28:48.580Z,browser_navigation,screenshot_smart,True,1,1.0,True,False,False
ses_20260701-071849-Marcos,2026-07-01T07:29:51.325Z,app_switch,screenshot_smart,True,1,1.0,True,False,False
ses_20260701-071849-Marcos,2026-07-01T07:30:27.108Z,app_switch,screenshot_smart,True,3,1.0,True,False,True
ses_20260701-071849-Marcos,2026-07-01T07:30:57.198Z,app_switch,screenshot_smart,True,2,1.0,True,False,False
ses_20260701-071849-Marcos,2026-07-01T07:31:40.814Z,browser_navigation,screenshot_smart,True,1,1.0,True,False,False
ses_20260701-071849-Marcos,2026-07-01T07:34:39.476Z,app_switch,screenshot_smart,True,2,1.0,True,False,False
ses_20260701-071849-Marcos,2026-07-01T07:35:22.902Z,app_switch,screenshot_smart,True,4,1.0,True,False,True
ses_20260701-071849-Marcos,2026-07-01T07:35:59.391Z,browser_navigation,screenshot_smart,True,1,1.0,True,False,False
ses_20260701-071849-Marcos,2026-07-01T07:36:22.984Z,app_switch,screenshot_smart,True,1,1.0,True,False,False
ses_20260701-071849-Marcos,2026-07-01T07:36:50.211Z,app_switch,screenshot_smart,True,1,1.0,True,False,False
ses_20260701-071849-Marcos,2026-07-01T07:37:51.354Z,app_switch,screenshot_smart,True,5,1.0,True,False,True
ses_20260701-071849-Marcos,2026-07-01T07:38:17.185Z,app_switch,screenshot_smart,True,2,1.0,True,False,False
ses_20260701-071849-Marcos,2026-07-01T07:39:28.797Z,app_switch,screenshot_smart,True,2,1.0,True,False,False
ses_20260701-071849-Marcos,2026-07-01T07:39:53.458Z,browser_navigation,screenshot_smart,True,1,1.0,True,False,False
ses_20260701-071849-Marcos,2026-07-01T07:40:21.464Z,app_switch,screenshot_smart,True,1,1.0,True,False,False
ses_20260701-072319-MSI,2026-07-01T07:25:08.035Z,app_switch,screenshot_smart,True,2,1.0,True,False,False
ses_20260701-072319-MSI,2026-07-01T07:26:58.650Z,app_switch,screenshot_smart,True,2,1.0,True,False,False
ses_20260701-072319-MSI,2026-07-01T07:28:33.502Z,browser_navigation,screenshot_smart,True,1,1.0,True,False,False
ses_20260701-072319-MSI,2026-07-01T07:29:05.145Z,browser_navigation,screenshot_smart,True,1,1.0,True,False,False
ses_20260701-072319-MSI,2026-07-01T07:29:45.346Z,app_switch,screenshot_smart,True,1,1.0,True,False,False
ses_20260701-072319-MSI,2026-07-01T07:30:29.424Z,browser_navigation,screenshot_smart,True,1,1.0,True,False,False
ses_20260701-072319-MSI,2026-07-01T07:31:07.981Z,browser_navigation,screenshot_smart,True,1,1.0,True,False,False
ses_20260701-072319-MSI,2026-07-01T07:31:47.578Z,app_switch,screenshot_smart,True,1,1.0,True,False,False
ses_20260701-072319-MSI,2026-07-01T07:34:21.649Z,app_switch,screenshot_smart,True,3,1.0,True,False,True
ses_20260701-072319-MSI,2026-07-01T07:35:33.127Z,app_switch,screenshot_smart,True,1,1.0,True,False,False
ses_20260701-072319-MSI,2026-07-01T07:36:12.008Z,browser_navigation,screenshot_smart,True,1,1.0,True,False,False
ses_20260701-072319-MSI,2026-07-01T07:36:38.176Z,browser_navigation,screenshot_smart,True,1,1.0,True,False,False
ses_20260701-072319-MSI,2026-07-01T07:37:14.883Z,app_switch,screenshot_smart,True,1,1.0,True,False,False
ses_20260701-072319-MSI,2026-07-01T07:38:15.486Z,browser_navigation,screenshot_smart,True,1,1.0,True,False,False
ses_20260701-072319-MSI,2026-07-01T07:39:18.491Z,app_switch,screenshot_smart,True,1,1.0,True,False,False
ses_20260701-072319-MSI,2026-07-01T07:39:43.330Z,app_switch,screenshot_smart,True,2,1.0,True,False,False
ses_20260701-072319-MSI,2026-07-01T07:40:21.356Z,app_switch,screenshot_smart,True,2,1.0,True,False,False
ses_20260701-072319-MSI,2026-07-01T07:40:57.885Z,app_switch,screenshot_smart,True,1,1.0,True,False,False
ses_20260701-072319-MSI,2026-07-01T07:42:24.173Z,app_switch,screenshot_smart,True,3,1.0,True,False,True
ses_20260701-072319-MSI,2026-07-01T07:42:53.715Z,app_switch,screenshot_smart,True,2,1.0,True,False,False
ses_20260701-072435-CHAITANYA0BCF,2026-07-01T07:25:54.426Z,browser_navigation,screenshot_smart,True,1,1.0,True,False,False
ses_20260701-072435-CHAITANYA0BCF,2026-07-01T07:26:17.684Z,browser_navigation,screenshot_smart,True,1,1.0,True,False,False
ses_20260701-072435-CHAITANYA0BCF,2026-07-01T07:26:42.527Z,browser_navigation,screenshot_smart,True,1,1.0,True,False,False
ses_20260701-072435-CHAITANYA0BCF,2026-07-01T07:27:42.626Z,app_switch,screenshot_smart,True,2,1.0,True,False,False
ses_20260701-072435-CHAITANYA0BCF,2026-07-01T07:28:20.065Z,app_switch,screenshot_smart,True,3,1.0,True,False,True
ses_20260701-072435-CHAITANYA0BCF,2026-07-01T07:28:45.365Z,app_switch,screenshot_smart,True,2,1.0,True,False,False
ses_20260701-072435-CHAITANYA0BCF,2026-07-01T07:29:06.303Z,app_switch,screenshot_smart,True,1,1.0,True,False,False
ses_20260701-072435-CHAITANYA0BCF,2026-07-01T07:29:25.770Z,app_switch,screenshot_smart,True,1,1.0,True,False,False
ses_20260701-072435-CHAITANYA0BCF,2026-07-01T07:30:56.556Z,browser_navigation,screenshot_smart,True,1,1.0,True,False,False
ses_20260701-072435-CHAITANYA0BCF,2026-07-01T07:35:16.891Z,browser_navigation,screenshot_smart,True,1,1.0,True,False,False
ses_20260701-072435-CHAITANYA0BCF,2026-07-01T07:35:38.605Z,app_switch,screenshot_smart,True,3,1.0,True,False,True
ses_20260701-072435-CHAITANYA0BCF,2026-07-01T07:36:03.648Z,app_switch,screenshot_smart,True,2,1.0,True,False,False
ses_20260701-072435-CHAITANYA0BCF,2026-07-01T07:37:04.036Z,app_switch,screenshot_smart,True,2,1.0,True,False,False
ses_20260701-072435-CHAITANYA0BCF,2026-07-01T07:38:08.844Z,browser_navigation,keystroke,True,1,1.0,True,False,False
ses_20260701-072435-CHAITANYA0BCF,2026-07-01T07:38:35.523Z,app_switch,screenshot_smart,True,5,1.0,True,False,True
ses_20260701-072435-CHAITANYA0BCF,2026-07-01T07:44:00.332Z,app_switch,screenshot_smart,True,2,1.0,True,False,False
ses_20260701-074424-SIDDHIGUPTAB00B,2026-07-01T07:45:40.234Z,app_switch,screenshot_smart,True,3,1.0,True,False,True
ses_20260701-074424-SIDDHIGUPTAB00B,2026-07-01T07:46:10.652Z,app_switch,screenshot_smart,True,4,1.0,True,False,True
ses_20260701-074424-SIDDHIGUPTAB00B,2026-07-01T07:47:03.884Z,app_switch,screenshot_smart,True,2,1.0,True,False,False
ses_20260701-074424-SIDDHIGUPTAB00B,2026-07-01T07:47:35.440Z,app_switch,screenshot_smart,True,2,1.0,True,False,False
ses_20260701-074424-SIDDHIGUPTAB00B,2026-07-01T07:49:49.467Z,app_switch,screenshot_smart,True,1,1.0,True,False,False
ses_20260701-074424-SIDDHIGUPTAB00B,2026-07-01T07:50:19.162Z,app_switch,screenshot_smart,True,4,1.0,True,False,True
ses_20260701-074424-SIDDHIGUPTAB00B,2026-07-01T07:50:39.481Z,screenshot_smart,keystroke,False,2,2.0,True,True,False
ses_20260701-074424-SIDDHIGUPTAB00B,2026-07-01T07:50:40.565Z,keystroke,screenshot_smart,False,2,2.0,True,True,False
ses_20260701-074424-SIDDHIGUPTAB00B,2026-07-01T07:51:15.559Z,app_switch,screenshot_smart,True,5,1.0,True,False,True
ses_20260701-074424-SIDDHIGUPTAB00B,2026-07-01T07:52:00.781Z,screenshot_smart,keystroke,False,2,18.0,True,True,True
ses_20260701-074424-SIDDHIGUPTAB00B,2026-07-01T07:52:12.236Z,app_switch,screenshot_smart,True,1,1.0,True,False,False
ses_20260701-074424-SIDDHIGUPTAB00B,2026-07-01T07:52:35.663Z,app_switch,screenshot_smart,True,3,1.0,True,False,True
ses_20260701-074424-SIDDHIGUPTAB00B,2026-07-01T07:52:50.999Z,clipboard_change,keystroke,False,2,2.0,True,True,False
ses_20260701-074424-SIDDHIGUPTAB00B,2026-07-01T07:53:02.296Z,app_switch,screenshot_smart,True,2,1.0,True,False,False
ses_20260701-074424-SIDDHIGUPTAB00B,2026-07-01T07:53:28.160Z,browser_navigation,screenshot_smart,True,1,1.0,True,False,False
ses_20260701-074424-SIDDHIGUPTAB00B,2026-07-01T07:53:51.145Z,browser_navigation,screenshot_smart,True,1,1.0,True,False,False
ses_20260701-074424-SIDDHIGUPTAB00B,2026-07-01T07:55:10.160Z,app_switch,screenshot_smart,True,2,1.0,True,False,False
ses_20260701-074424-SIDDHIGUPTAB00B,2026-07-01T07:55:42.123Z,app_switch,screenshot_smart,True,3,1.0,True,False,True
ses_20260701-074424-SIDDHIGUPTAB00B,2026-07-01T07:56:56.011Z,app_switch,screenshot_smart,True,1,1.0,True,False,False
ses_20260701-074424-SIDDHIGUPTAB00B,2026-07-01T07:59:43.324Z,app_switch,screenshot_smart,True,1,1.0,True,False,False
ses_20260701-074424-SIDDHIGUPTAB00B,2026-07-01T08:01:39.537Z,browser_navigation,extension_disconnected,True,1,1.0,True,False,False
ses_20260701-074424-SIDDHIGUPTAB00B,2026-07-01T08:02:27.863Z,app_switch,screenshot_smart,True,2,1.0,True,False,False
ses_20260701-074424-SIDDHIGUPTAB00B,2026-07-01T08:03:10.230Z,app_switch,screenshot_smart,True,4,1.0,True,False,True
ses_20260701-074424-SIDDHIGUPTAB00B,2026-07-01T08:04:18.871Z,app_switch,screenshot_smart,True,1,1.0,True,False,False
ses_20260701-074424-SIDDHIGUPTAB00B,2026-07-01T08:04:57.114Z,upload_completed,screenshot_smart,True,1,1.0,True,False,False
ses_20260701-074424-SIDDHIGUPTAB00B,2026-07-01T08:06:36.239Z,app_switch,screenshot_smart,True,2,1.0,True,False,False
ses_20260701-075548-CHAITANYA0BCF,2026-07-01T07:57:07.033Z,app_switch,screenshot_smart,True,1,1.0,True,False,False
ses_20260701-075548-CHAITANYA0BCF,2026-07-01T07:57:27.885Z,app_switch,screenshot_smart,True,1,1.0,True,False,False
ses_20260701-075548-CHAITANYA0BCF,2026-07-01T07:58:43.206Z,app_switch,screenshot_smart,True,3,1.0,True,False,True
ses_20260701-075548-CHAITANYA0BCF,2026-07-01T07:59:07.534Z,app_switch,screenshot_smart,True,1,1.0,True,False,False
ses_20260701-075548-CHAITANYA0BCF,2026-07-01T07:59:34.392Z,browser_navigation,screenshot_smart,True,1,1.0,True,False,False
ses_20260701-075548-CHAITANYA0BCF,2026-07-01T08:00:08.663Z,browser_navigation,screenshot_smart,True,1,1.0,True,False,False
ses_20260701-075548-CHAITANYA0BCF,2026-07-01T08:01:49.952Z,app_switch,screenshot_smart,True,2,1.0,True,False,False
ses_20260701-075548-CHAITANYA0BCF,2026-07-01T08:02:18.947Z,app_switch,screenshot_smart,True,2,1.0,True,False,False
ses_20260701-075548-CHAITANYA0BCF,2026-07-01T08:05:31.288Z,browser_navigation,screenshot_smart,True,1,1.0,True,False,False
ses_20260701-075548-CHAITANYA0BCF,2026-07-01T08:05:53.891Z,app_switch,screenshot_smart,True,1,1.0,True,False,False
ses_20260701-075548-CHAITANYA0BCF,2026-07-01T08:06:27.879Z,app_switch,screenshot_smart,True,4,1.0,True,False,True
ses_20260701-075548-CHAITANYA0BCF,2026-07-01T08:06:57.270Z,browser_navigation,screenshot_smart,True,1,1.0,True,False,False
ses_20260701-075548-CHAITANYA0BCF,2026-07-01T08:07:31.924Z,browser_navigation,screenshot_smart,True,1,1.0,True,False,False
ses_20260701-075548-CHAITANYA0BCF,2026-07-01T08:08:01.445Z,app_switch,screenshot_smart,True,3,1.0,True,False,True
ses_20260701-075548-CHAITANYA0BCF,2026-07-01T08:09:37.795Z,app_switch,screenshot_smart,True,1,1.0,True,False,False
ses_20260701-075604-LAPTOP-0IM1OHQH,2026-07-01T07:57:12.421Z,app_switch,screenshot_smart,True,1,1.0,True,False,False
ses_20260701-075604-LAPTOP-0IM1OHQH,2026-07-01T07:57:39.635Z,app_switch,screenshot_smart,True,1,1.0,True,False,False
ses_20260701-075604-LAPTOP-0IM1OHQH,2026-07-01T07:58:08.494Z,app_switch,screenshot_smart,True,2,1.0,True,False,False
ses_20260701-075604-LAPTOP-0IM1OHQH,2026-07-01T07:58:50.434Z,browser_navigation,screenshot_smart,True,1,1.0,True,False,False
ses_20260701-075604-LAPTOP-0IM1OHQH,2026-07-01T07:59:09.326Z,browser_navigation,screenshot_smart,True,1,1.0,True,False,False
ses_20260701-075604-LAPTOP-0IM1OHQH,2026-07-01T07:59:59.513Z,app_switch,screenshot_smart,True,1,1.0,True,False,False
ses_20260701-075604-LAPTOP-0IM1OHQH,2026-07-01T08:00:35.359Z,upload_completed,screenshot_smart,True,1,1.0,True,False,False
ses_20260701-075604-LAPTOP-0IM1OHQH,2026-07-01T08:00:58.754Z,app_switch,screenshot_smart,True,1,1.0,True,False,False
ses_20260701-075604-LAPTOP-0IM1OHQH,2026-07-01T08:01:30.560Z,browser_navigation,screenshot_smart,True,1,1.0,True,False,False
ses_20260701-075604-LAPTOP-0IM1OHQH,2026-07-01T08:03:27.696Z,browser_navigation,screenshot_smart,True,1,1.0,True,False,False
ses_20260701-075604-LAPTOP-0IM1OHQH,2026-07-01T08:04:32.407Z,browser_navigation,screenshot_smart,True,1,1.0,True,False,False
ses_20260701-075604-LAPTOP-0IM1OHQH,2026-07-01T08:05:10.634Z,screenshot_smart,app_switch,True,1,1.0,True,False,False
ses_20260701-075604-LAPTOP-0IM1OHQH,2026-07-01T08:06:00.109Z,app_switch,screenshot_smart,True,1,1.0,True,False,False
ses_20260701-075604-LAPTOP-0IM1OHQH,2026-07-01T08:06:49.507Z,browser_navigation,screenshot_smart,True,1,1.0,True,False,False
ses_20260701-075604-LAPTOP-0IM1OHQH,2026-07-01T08:07:37.997Z,app_switch,screenshot_smart,True,6,1.0,True,False,True
ses_20260701-075604-LAPTOP-0IM1OHQH,2026-07-01T08:08:07.412Z,app_switch,screenshot_smart,True,3,1.0,True,False,True
ses_20260701-075604-LAPTOP-0IM1OHQH,2026-07-01T08:08:48.200Z,screenshot_smart,keystroke,False,2,2.0,True,True,False
ses_20260701-075604-LAPTOP-0IM1OHQH,2026-07-01T08:08:58.711Z,browser_navigation,screenshot_smart,True,1,1.0,True,False,False
ses_20260701-075604-LAPTOP-0IM1OHQH,2026-07-01T08:09:23.087Z,browser_navigation,screenshot_smart,True,1,1.0,True,False,False
ses_20260701-075604-LAPTOP-0IM1OHQH,2026-07-01T08:10:02.371Z,app_switch,screenshot_smart,True,1,1.0,True,False,False
ses_20260701-075604-LAPTOP-0IM1OHQH,2026-07-01T08:11:20.127Z,browser_navigation,screenshot_smart,True,1,1.0,True,False,False
ses_20260701-075604-LAPTOP-0IM1OHQH,2026-07-01T08:12:34.723Z,app_switch,screenshot_smart,True,2,1.0,True,False,False
ses_20260701-075604-LAPTOP-0IM1OHQH,2026-07-01T08:14:07.355Z,app_switch,screenshot_smart,True,6,1.0,True,False,True
ses_20260701-081120-SIDDHIGUPTAB00B,2026-07-01T08:12:35.690Z,browser_navigation,screenshot_smart,True,1,1.0,True,False,False
ses_20260701-081120-SIDDHIGUPTAB00B,2026-07-01T08:14:27.539Z,app_switch,screenshot_smart,True,2,1.0,True,False,False
ses_20260701-081120-SIDDHIGUPTAB00B,2026-07-01T08:14:56.254Z,browser_navigation,screenshot_smart,True,1,1.0,True,False,False
ses_20260701-081120-SIDDHIGUPTAB00B,2026-07-01T08:15:21.666Z,browser_navigation,screenshot_smart,True,1,1.0,True,False,False
ses_20260701-081120-SIDDHIGUPTAB00B,2026-07-01T08:34:25.800Z,keystroke,mouse_scroll,True,4,1.0,True,False,True
ses_20260701-081120-SIDDHIGUPTAB00B,2026-07-01T08:34:59.480Z,browser_navigation,screenshot_smart,True,1,1.0,True,False,False
ses_20260701-081120-SIDDHIGUPTAB00B,2026-07-01T08:36:37.038Z,app_switch,screenshot_smart,True,1,1.0,True,False,False
ses_20260701-081120-SIDDHIGUPTAB00B,2026-07-01T08:38:00.301Z,app_switch,screenshot_smart,True,2,1.0,True,False,False
ses_20260701-081120-SIDDHIGUPTAB00B,2026-07-01T08:40:32.504Z,screenshot_smart,browser_navigation,True,1,1.0,True,False,False
ses_20260701-081120-SIDDHIGUPTAB00B,2026-07-01T08:48:04.148Z,screenshot_smart,keystroke,False,2,2.0,True,True,False
ses_20260701-081120-SIDDHIGUPTAB00B,2026-07-01T08:48:06.244Z,screenshot_smart,keystroke,False,2,2.0,True,True,False
ses_20260701-081120-SIDDHIGUPTAB00B,2026-07-01T08:48:38.426Z,browser_navigation,screenshot_smart,True,1,1.0,True,False,False
ses_20260701-081120-SIDDHIGUPTAB00B,2026-07-01T08:49:05.256Z,app_switch,screenshot_smart,True,5,1.0,True,False,True
ses_20260701-081120-SIDDHIGUPTAB00B,2026-07-01T08:49:46.291Z,app_switch,screenshot_smart,True,5,1.0,True,False,True
ses_20260701-081120-SIDDHIGUPTAB00B,2026-07-01T08:50:22.643Z,app_switch,screenshot_smart,True,1,1.0,True,False,False
ses_20260701-081120-SIDDHIGUPTAB00B,2026-07-01T08:50:45.917Z,browser_navigation,screenshot_smart,True,1,1.0,True,False,False
ses_20260701-081120-SIDDHIGUPTAB00B,2026-07-01T08:51:10.479Z,browser_navigation,screenshot_smart,True,1,1.0,True,False,False
ses_20260701-081120-SIDDHIGUPTAB00B,2026-07-01T08:51:36.823Z,app_switch,screenshot_smart,True,2,1.0,True,False,False
ses_20260701-081120-SIDDHIGUPTAB00B,2026-07-01T08:52:21.612Z,app_switch,screenshot_smart,True,2,1.0,True,False,False
ses_20260701-081120-SIDDHIGUPTAB00B,2026-07-01T08:52:51.956Z,app_switch,screenshot_smart,True,2,1.0,True,False,False
ses_20260701-081120-SIDDHIGUPTAB00B,2026-07-01T08:54:45.274Z,clipboard_change,keystroke,False,2,2.0,True,True,False
ses_20260701-081120-SIDDHIGUPTAB00B,2026-07-01T08:54:54.770Z,browser_navigation,screenshot_smart,True,1,1.0,True,False,False
ses_20260701-081120-SIDDHIGUPTAB00B,2026-07-01T08:56:14.200Z,app_switch,screenshot_smart,True,2,1.0,True,False,False
ses_20260701-081732-CHAITANYA0BCF,2026-07-01T08:18:49.039Z,app_switch,screenshot_smart,True,2,1.0,True,False,False
ses_20260701-081732-CHAITANYA0BCF,2026-07-01T08:19:43.474Z,browser_navigation,screenshot_smart,True,1,1.0,True,False,False
ses_20260701-081732-CHAITANYA0BCF,2026-07-01T08:20:23.519Z,browser_navigation,screenshot_smart,True,1,1.0,True,False,False
ses_20260701-081732-CHAITANYA0BCF,2026-07-01T08:21:02.048Z,browser_navigation,screenshot_smart,True,1,1.0,True,False,False
ses_20260701-081732-CHAITANYA0BCF,2026-07-01T08:22:31.085Z,app_switch,screenshot_smart,True,2,1.0,True,False,False
ses_20260701-081732-CHAITANYA0BCF,2026-07-01T08:23:01.721Z,app_switch,screenshot_smart,True,1,1.0,True,False,False
ses_20260701-081732-CHAITANYA0BCF,2026-07-01T08:23:26.873Z,app_switch,screenshot_smart,True,2,1.0,True,False,False
ses_20260701-081732-CHAITANYA0BCF,2026-07-01T08:26:00.650Z,browser_navigation,screenshot_smart,True,1,1.0,True,False,False
ses_20260701-081732-CHAITANYA0BCF,2026-07-01T08:26:29.386Z,app_switch,screenshot_smart,True,3,1.0,True,False,True
ses_20260701-081732-CHAITANYA0BCF,2026-07-01T08:26:55.434Z,browser_navigation,screenshot_smart,True,1,1.0,True,False,False
ses_20260701-081732-CHAITANYA0BCF,2026-07-01T08:27:24.875Z,app_switch,keystroke,False,3,2.0,True,True,True
ses_20260701-081732-CHAITANYA0BCF,2026-07-01T08:27:31.951Z,app_switch,screenshot_smart,True,5,1.0,True,False,True
ses_20260701-081732-CHAITANYA0BCF,2026-07-01T08:28:41.098Z,app_switch,screenshot_smart,True,1,1.0,True,False,False
ses_20260701-081732-CHAITANYA0BCF,2026-07-01T08:29:06.404Z,app_switch,screenshot_smart,True,1,1.0,True,False,False
ses_20260701-081732-CHAITANYA0BCF,2026-07-01T08:33:19.020Z,app_switch,screenshot_smart,True,2,1.0,True,False,False
ses_20260701-081732-CHAITANYA0BCF,2026-07-01T08:33:46.128Z,browser_navigation,screenshot_smart,True,1,1.0,True,False,False
ses_20260701-081732-CHAITANYA0BCF,2026-07-01T08:34:51.720Z,app_switch,screenshot_smart,True,4,1.0,True,False,True
ses_20260701-083656-LAPTOP-0IM1OHQH,2026-07-01T08:38:04.505Z,app_switch,screenshot_smart,True,2,1.0,True,False,False
ses_20260701-083656-LAPTOP-0IM1OHQH,2026-07-01T08:38:36.476Z,app_switch,screenshot_smart,True,1,1.0,True,False,False
ses_20260701-083656-LAPTOP-0IM1OHQH,2026-07-01T08:38:58.450Z,browser_navigation,screenshot_smart,True,1,1.0,True,False,False
ses_20260701-083656-LAPTOP-0IM1OHQH,2026-07-01T08:39:26.558Z,app_switch,screenshot_smart,True,1,1.0,True,False,False
ses_20260701-083656-LAPTOP-0IM1OHQH,2026-07-01T08:40:25.915Z,browser_navigation,screenshot_smart,True,1,1.0,True,False,False
ses_20260701-083656-LAPTOP-0IM1OHQH,2026-07-01T08:41:17.574Z,browser_navigation,screenshot_smart,True,1,1.0,True,False,False
ses_20260701-083656-LAPTOP-0IM1OHQH,2026-07-01T08:41:43.024Z,app_switch,screenshot_smart,True,1,1.0,True,False,False
ses_20260701-083656-LAPTOP-0IM1OHQH,2026-07-01T08:42:13.634Z,screenshot_smart,app_switch,True,1,1.0,True,False,False
ses_20260701-083656-LAPTOP-0IM1OHQH,2026-07-01T08:44:04.382Z,app_switch,screenshot_smart,True,2,1.0,True,False,False
ses_20260701-083656-LAPTOP-0IM1OHQH,2026-07-01T08:46:21.003Z,app_switch,screenshot_smart,True,2,1.0,True,False,False
ses_20260701-083656-LAPTOP-0IM1OHQH,2026-07-01T08:46:43.148Z,browser_navigation,screenshot_smart,True,1,1.0,True,False,False
ses_20260701-083656-LAPTOP-0IM1OHQH,2026-07-01T08:47:05.124Z,screenshot_smart,app_switch,True,1,1.0,True,False,False
ses_20260701-083656-LAPTOP-0IM1OHQH,2026-07-01T08:47:43.604Z,app_switch,screenshot_smart,True,1,1.0,True,False,False
ses_20260701-083656-LAPTOP-0IM1OHQH,2026-07-01T08:48:23.620Z,app_switch,screenshot_smart,True,2,1.0,True,False,False
ses_20260701-083656-LAPTOP-0IM1OHQH,2026-07-01T08:49:05.253Z,app_switch,screenshot_smart,True,2,1.0,True,False,False
ses_20260701-083656-LAPTOP-0IM1OHQH,2026-07-01T08:49:27.781Z,browser_navigation,screenshot_smart,True,1,1.0,True,False,False
ses_20260701-083656-LAPTOP-0IM1OHQH,2026-07-01T08:49:58.837Z,app_switch,screenshot_smart,True,1,1.0,True,False,False
ses_20260701-083656-LAPTOP-0IM1OHQH,2026-07-01T08:50:26.793Z,browser_navigation,screenshot_smart,True,1,1.0,True,False,False
ses_20260701-083656-LAPTOP-0IM1OHQH,2026-07-01T08:50:48.365Z,app_switch,screenshot_smart,True,2,1.0,True,False,False
ses_20260701-083656-LAPTOP-0IM1OHQH,2026-07-01T08:51:28.849Z,browser_navigation,screenshot_smart,True,1,1.0,True,False,False
ses_20260701-083656-LAPTOP-0IM1OHQH,2026-07-01T08:51:50.713Z,app_switch,screenshot_smart,True,1,1.0,True,False,False
ses_20260701-083656-LAPTOP-0IM1OHQH,2026-07-01T08:52:18.794Z,app_switch,screenshot_smart,True,2,1.0,True,False,False
ses_20260701-083656-LAPTOP-0IM1OHQH,2026-07-01T08:52:45.492Z,browser_navigation,screenshot_smart,True,1,1.0,True,False,False
ses_20260701-083656-LAPTOP-0IM1OHQH,2026-07-01T08:53:08.269Z,app_switch,screenshot_smart,True,2,1.0,True,False,False
ses_20260701-083656-LAPTOP-0IM1OHQH,2026-07-01T08:53:33.967Z,app_switch,screenshot_smart,True,2,1.0,True,False,False
ses_20260701-090300-Marcos,2026-07-01T09:03:56.342Z,app_switch,screenshot_smart,True,1,1.0,True,False,False
ses_20260701-090300-Marcos,2026-07-01T09:05:03.998Z,app_switch,screenshot_smart,True,2,1.0,True,False,False
ses_20260701-090300-Marcos,2026-07-01T09:05:41.172Z,app_switch,screenshot_smart,True,2,1.0,True,False,False
ses_20260701-090300-Marcos,2026-07-01T09:06:10.306Z,browser_navigation,screenshot_smart,True,1,1.0,True,False,False
ses_20260701-090300-Marcos,2026-07-01T09:10:27.761Z,app_switch,screenshot_smart,True,1,1.0,True,False,False
ses_20260701-090300-Marcos,2026-07-01T09:11:52.122Z,app_switch,screenshot_smart,True,1,1.0,True,False,False
ses_20260701-090300-Marcos,2026-07-01T09:12:38.203Z,app_switch,screenshot_smart,True,4,1.0,True,False,True
ses_20260701-090300-Marcos,2026-07-01T09:15:01.114Z,app_switch,screenshot_smart,True,2,1.0,True,False,False
ses_20260701-090300-Marcos,2026-07-01T09:18:06.645Z,app_switch,screenshot_smart,True,1,1.0,True,False,False
ses_20260701-090300-Marcos,2026-07-01T09:18:31.040Z,app_switch,screenshot_smart,True,2,1.0,True,False,False
ses_20260701-090300-Marcos,2026-07-01T09:19:12.870Z,app_switch,screenshot_smart,True,5,1.0,True,False,True
ses_20260701-090300-Marcos,2026-07-01T09:19:47.408Z,app_switch,screenshot_smart,True,1,1.0,True,False,False
ses_20260701-090300-Marcos,2026-07-01T09:21:05.492Z,browser_navigation,screenshot_smart,True,1,1.0,True,False,False
ses_20260701-090300-Marcos,2026-07-01T09:22:02.669Z,browser_navigation,screenshot_smart,True,1,1.0,True,False,False
ses_20260701-092027-SIDDHIGUPTAB00B,2026-07-01T09:22:00.769Z,app_switch,screenshot_smart,True,2,1.0,True,False,False
ses_20260701-092027-SIDDHIGUPTAB00B,2026-07-01T09:22:58.281Z,browser_navigation,screenshot_smart,True,1,1.0,True,False,False
ses_20260701-092027-SIDDHIGUPTAB00B,2026-07-01T09:23:18.036Z,app_switch,screenshot_smart,True,2,1.0,True,False,False
ses_20260701-092027-SIDDHIGUPTAB00B,2026-07-01T09:23:49.992Z,app_switch,screenshot_smart,True,6,1.0,True,False,True
ses_20260701-092027-SIDDHIGUPTAB00B,2026-07-01T09:23:54.996Z,screenshot_smart,app_switch,False,2,8.0,True,True,True
ses_20260701-092027-SIDDHIGUPTAB00B,2026-07-01T09:24:37.080Z,app_switch,screenshot_smart,True,2,1.0,True,False,False
ses_20260701-092027-SIDDHIGUPTAB00B,2026-07-01T09:26:16.845Z,app_switch,screenshot_smart,True,2,1.0,True,False,False
ses_20260701-092027-SIDDHIGUPTAB00B,2026-07-01T09:26:44.809Z,app_switch,screenshot_smart,True,1,1.0,True,False,False
ses_20260701-092027-SIDDHIGUPTAB00B,2026-07-01T09:29:08.534Z,app_switch,screenshot_smart,True,4,1.0,True,False,True
ses_20260701-092027-SIDDHIGUPTAB00B,2026-07-01T09:29:49.440Z,app_switch,screenshot_smart,True,3,1.0,True,False,True
ses_20260701-092027-SIDDHIGUPTAB00B,2026-07-01T09:30:31.056Z,app_switch,screenshot_smart,True,1,1.0,True,False,False
ses_20260701-092027-SIDDHIGUPTAB00B,2026-07-01T09:31:10.579Z,app_switch,screenshot_smart,True,2,1.0,True,False,False
ses_20260701-092027-SIDDHIGUPTAB00B,2026-07-01T09:33:25.664Z,app_switch,upload_completed,True,2,1.0,True,False,False
ses_20260701-092027-SIDDHIGUPTAB00B,2026-07-01T09:34:11.423Z,app_switch,screenshot_smart,True,3,1.0,True,False,True
ses_20260701-092027-SIDDHIGUPTAB00B,2026-07-01T09:34:51.520Z,app_switch,screenshot_smart,True,2,1.0,True,False,False
ses_20260701-092027-SIDDHIGUPTAB00B,2026-07-01T09:35:28.656Z,app_switch,screenshot_smart,True,1,1.0,True,False,False
ses_20260701-092027-SIDDHIGUPTAB00B,2026-07-01T09:36:06.075Z,app_switch,screenshot_smart,True,2,1.0,True,False,False
ses_20260701-092027-SIDDHIGUPTAB00B,2026-07-01T09:37:35.682Z,app_switch,screenshot_smart,True,2,1.0,True,False,False
ses_20260701-092027-SIDDHIGUPTAB00B,2026-07-01T09:38:59.628Z,browser_navigation,screenshot_smart,True,1,1.0,True,False,False
ses_20260701-092027-SIDDHIGUPTAB00B,2026-07-01T09:39:42.780Z,app_switch,screenshot_smart,True,2,1.0,True,False,False
ses_20260701-092027-SIDDHIGUPTAB00B,2026-07-01T09:40:37.522Z,browser_navigation,screenshot_smart,True,1,1.0,True,False,False
ses_20260701-092027-SIDDHIGUPTAB00B,2026-07-01T09:41:13.876Z,browser_navigation,screenshot_smart,True,1,1.0,True,False,False
ses_20260701-092027-SIDDHIGUPTAB00B,2026-07-01T09:41:33.380Z,app_switch,screenshot_smart,True,4,1.0,True,False,True
ses_20260701-092027-SIDDHIGUPTAB00B,2026-07-01T09:42:37.651Z,app_switch,screenshot_smart,True,3,1.0,True,False,True
ses_20260701-092027-SIDDHIGUPTAB00B,2026-07-01T09:43:08.028Z,app_switch,screenshot_smart,True,3,1.0,True,False,True
ses_20260701-093900-Marcos,2026-07-01T09:39:55.314Z,browser_navigation,screenshot_smart,True,1,1.0,True,False,False
ses_20260701-093900-Marcos,2026-07-01T09:40:33.742Z,app_switch,screenshot_smart,True,1,1.0,True,False,False
ses_20260701-093900-Marcos,2026-07-01T09:41:20.944Z,app_switch,screenshot_smart,True,1,1.0,True,False,False
ses_20260701-093900-Marcos,2026-07-01T09:41:42.189Z,browser_navigation,screenshot_smart,True,1,1.0,True,False,False
ses_20260701-093900-Marcos,2026-07-01T09:42:57.103Z,app_switch,screenshot_smart,True,1,1.0,True,False,False
ses_20260701-093900-Marcos,2026-07-01T09:44:21.232Z,app_switch,app_switch,True,5,5.0,False,False,False
ses_20260701-093900-Marcos,2026-07-01T09:44:58.521Z,browser_navigation,screenshot_smart,True,1,1.0,True,False,False
ses_20260701-093900-Marcos,2026-07-01T09:45:47.547Z,app_switch,screenshot_smart,True,2,1.0,True,False,False
ses_20260701-093900-Marcos,2026-07-01T09:46:16.203Z,browser_navigation,screenshot_smart,True,1,1.0,True,False,False
ses_20260701-093900-Marcos,2026-07-01T09:46:43.652Z,app_switch,screenshot_smart,True,2,1.0,True,False,False
ses_20260701-093900-Marcos,2026-07-01T09:47:21.386Z,browser_navigation,screenshot_smart,True,1,1.0,True,False,False
ses_20260701-093900-Marcos,2026-07-01T09:47:49.028Z,app_switch,screenshot_smart,True,5,1.0,True,False,True
ses_20260701-093900-Marcos,2026-07-01T09:48:42.478Z,app_switch,screenshot_smart,True,1,1.0,True,False,False
ses_20260701-093900-Marcos,2026-07-01T09:52:57.432Z,browser_navigation,screenshot_smart,True,1,1.0,True,False,False
ses_20260701-093900-Marcos,2026-07-01T09:55:49.092Z,app_switch,screenshot_smart,True,2,1.0,True,False,False
ses_20260701-093900-Marcos,2026-07-01T09:57:10.434Z,app_switch,screenshot_smart,True,2,1.0,True,False,False
ses_20260701-093900-Marcos,2026-07-01T09:57:59.052Z,app_switch,screenshot_smart,True,1,1.0,True,False,False
ses_20260701-095337-LAPTOP-0IM1OHQH,2026-07-01T10:02:26.580Z,app_switch,screenshot_smart,True,2,1.0,True,False,False
ses_20260701-095337-LAPTOP-0IM1OHQH,2026-07-01T10:04:10.067Z,app_switch,screenshot_smart,True,1,1.0,True,False,False
