session_id,segment_number,start_timestamp,end_timestamp,duration_seconds,event_count,start_chunk_id,end_chunk_id,crosses_chunk,handling,gt_execution_count,gt_primary_execution_id
ses_20260630-121953-LAPTOP-R36BQBTE,1,2026-06-30T12:19:53.821Z,2026-06-30T12:20:17.361Z,23.54,34,chunk_20260630-1200-LAPTOP-R36BQBTE,chunk_20260630-1200-LAPTOP-R36BQBTE,False,within_chunk,0,
ses_20260630-121953-LAPTOP-R36BQBTE,2,2026-06-30T12:21:12.403Z,2026-06-30T12:22:41.248Z,88.845,210,chunk_20260630-1200-LAPTOP-R36BQBTE,chunk_20260630-1200-LAPTOP-R36BQBTE,False,within_chunk,3,M1-C-1
ses_20260630-121953-LAPTOP-R36BQBTE,3,2026-06-30T12:23:25.385Z,2026-06-30T12:25:09.799Z,104.414,229,chunk_20260630-1200-LAPTOP-R36BQBTE,chunk_20260630-1200-LAPTOP-R36BQBTE,False,within_chunk,4,M1-M-1
ses_20260630-121953-LAPTOP-R36BQBTE,4,2026-06-30T12:26:02.215Z,2026-06-30T12:41:31.573Z,929.358,1857,chunk_20260630-1200-LAPTOP-R36BQBTE,chunk_20260630-1230-LAPTOP-R36BQBTE,True,continuation_across_chunk,21,M1-H-4
ses_20260630-121953-LAPTOP-R36BQBTE,5,2026-06-30T12:45:02.333Z,2026-06-30T12:45:08.101Z,5.768,18,chunk_20260630-1230-LAPTOP-R36BQBTE,chunk_20260630-1230-LAPTOP-R36BQBTE,False,within_chunk,0,
ses_20260630-124826-CHAITANYA0BCF,1,2026-06-30T12:48:26.691Z,2026-06-30T12:49:56.116Z,89.425,118,chunk_20260630-1230-CHAITANYA0BCF,chunk_20260630-1230-CHAITANYA0BCF,False,within_chunk,1,M1-M-1
ses_20260630-124826-CHAITANYA0BCF,2,2026-06-30T12:50:00.360Z,2026-06-30T12:50:20.965Z,20.605,72,chunk_20260630-1230-CHAITANYA0BCF,chunk_20260630-1230-CHAITANYA0BCF,False,within_chunk,1,M1-K-1
ses_20260630-124826-CHAITANYA0BCF,3,2026-06-30T12:51:00.380Z,2026-06-30T12:51:26.460Z,26.08,90,chunk_20260630-1230-CHAITANYA0BCF,chunk_20260630-1230-CHAITANYA0BCF,False,within_chunk,3,M1-F-1
ses_20260630-124826-CHAITANYA0BCF,4,2026-06-30T12:51:26.532Z,2026-06-30T12:51:57.964Z,31.432,83,chunk_20260630-1230-CHAITANYA0BCF,chunk_20260630-1230-CHAITANYA0BCF,False,within_chunk,1,M1-N-1
ses_20260630-124826-CHAITANYA0BCF,5,2026-06-30T12:51:59.507Z,2026-06-30T12:52:33.152Z,33.645,66,chunk_20260630-1230-CHAITANYA0BCF,chunk_20260630-1230-CHAITANYA0BCF,False,within_chunk,2,M1-K-2
ses_20260630-124826-CHAITANYA0BCF,6,2026-06-30T12:53:07.979Z,2026-06-30T12:53:12.562Z,4.583,16,chunk_20260630-1230-CHAITANYA0BCF,chunk_20260630-1230-CHAITANYA0BCF,False,within_chunk,0,
ses_20260630-124826-CHAITANYA0BCF,7,2026-06-30T12:53:12.795Z,2026-06-30T12:53:36.547Z,23.752,78,chunk_20260630-1230-CHAITANYA0BCF,chunk_20260630-1230-CHAITANYA0BCF,False,within_chunk,1,M1-L-1
ses_20260630-124826-CHAITANYA0BCF,8,2026-06-30T12:53:36.575Z,2026-06-30T12:54:47.047Z,70.472,172,chunk_20260630-1230-CHAITANYA0BCF,chunk_20260630-1230-CHAITANYA0BCF,False,within_chunk,2,M1-G-3
ses_20260630-124826-CHAITANYA0BCF,9,2026-06-30T12:54:47.055Z,2026-06-30T12:55:12.744Z,25.689,77,chunk_20260630-1230-CHAITANYA0BCF,chunk_20260630-1230-CHAITANYA0BCF,False,within_chunk,2,M1-L-2
ses_20260630-124826-CHAITANYA0BCF,10,2026-06-30T12:55:12.785Z,2026-06-30T12:55:45.927Z,33.142,64,chunk_20260630-1230-CHAITANYA0BCF,chunk_20260630-1230-CHAITANYA0BCF,False,within_chunk,1,M1-I-1
ses_20260630-124826-CHAITANYA0BCF,11,2026-06-30T12:56:05.163Z,2026-06-30T12:56:38.161Z,32.998,59,chunk_20260630-1230-CHAITANYA0BCF,chunk_20260630-1230-CHAITANYA0BCF,False,within_chunk,2,M1-I-1
ses_20260630-124826-CHAITANYA0BCF,12,2026-06-30T12:56:38.210Z,2026-06-30T12:57:05.900Z,27.69,97,chunk_20260630-1230-CHAITANYA0BCF,chunk_20260630-1230-CHAITANYA0BCF,False,within_chunk,1,M1-A-1
ses_20260630-124826-CHAITANYA0BCF,13,2026-06-30T12:57:06.426Z,2026-06-30T12:57:36.715Z,30.289,111,chunk_20260630-1230-CHAITANYA0BCF,chunk_20260630-1230-CHAITANYA0BCF,False,within_chunk,2,M1-F-2
ses_20260630-124826-CHAITANYA0BCF,14,2026-06-30T12:57:36.768Z,2026-06-30T12:58:06.163Z,29.395,90,chunk_20260630-1230-CHAITANYA0BCF,chunk_20260630-1230-CHAITANYA0BCF,False,within_chunk,2,M1-A-2
ses_20260630-124826-CHAITANYA0BCF,15,2026-06-30T12:58:06.190Z,2026-06-30T12:58:26.597Z,20.407,72,chunk_20260630-1230-CHAITANYA0BCF,chunk_20260630-1230-CHAITANYA0BCF,False,within_chunk,1,M1-L-3
ses_20260630-124826-CHAITANYA0BCF,16,2026-06-30T12:58:29.734Z,2026-06-30T12:58:29.782Z,0.048,5,chunk_20260630-1230-CHAITANYA0BCF,chunk_20260630-1230-CHAITANYA0BCF,False,within_chunk,1,M1-I-2
ses_20260630-124826-CHAITANYA0BCF,17,2026-06-30T12:58:29.865Z,2026-06-30T12:59:29.729Z,59.864,107,chunk_20260630-1230-CHAITANYA0BCF,chunk_20260630-1230-CHAITANYA0BCF,False,within_chunk,2,M1-I-2
ses_20260630-124826-CHAITANYA0BCF,18,2026-06-30T12:59:29.788Z,2026-06-30T13:00:35.951Z,66.163,147,chunk_20260630-1230-CHAITANYA0BCF,chunk_20260630-1300-CHAITANYA0BCF,True,continuation_across_chunk,3,M1-N-2
ses_20260630-124826-CHAITANYA0BCF,19,2026-06-30T13:00:35.995Z,2026-06-30T13:01:02.229Z,26.234,101,chunk_20260630-1300-CHAITANYA0BCF,chunk_20260630-1300-CHAITANYA0BCF,False,within_chunk,2,M1-F-3
ses_20260630-124826-CHAITANYA0BCF,20,2026-06-30T13:01:02.279Z,2026-06-30T13:01:28.003Z,25.724,85,chunk_20260630-1300-CHAITANYA0BCF,chunk_20260630-1300-CHAITANYA0BCF,False,within_chunk,2,M1-A-3
ses_20260630-124826-CHAITANYA0BCF,21,2026-06-30T13:01:28.022Z,2026-06-30T13:01:51.808Z,23.786,54,chunk_20260630-1300-CHAITANYA0BCF,chunk_20260630-1300-CHAITANYA0BCF,False,within_chunk,1,M1-I-3
ses_20260630-124826-CHAITANYA0BCF,22,2026-06-30T13:02:07.954Z,2026-06-30T13:02:09.426Z,1.472,8,chunk_20260630-1300-CHAITANYA0BCF,chunk_20260630-1300-CHAITANYA0BCF,False,within_chunk,1,M1-I-3
ses_20260630-124826-CHAITANYA0BCF,23,2026-06-30T13:02:31.868Z,2026-06-30T13:02:39.074Z,7.206,43,chunk_20260630-1300-CHAITANYA0BCF,chunk_20260630-1300-CHAITANYA0BCF,False,within_chunk,1,M1-I-3
ses_20260630-124826-CHAITANYA0BCF,24,2026-06-30T13:02:42.513Z,2026-06-30T13:02:42.574Z,0.061,6,chunk_20260630-1300-CHAITANYA0BCF,chunk_20260630-1300-CHAITANYA0BCF,False,within_chunk,1,M1-K-3
ses_20260630-124826-CHAITANYA0BCF,25,2026-06-30T13:02:42.625Z,2026-06-30T13:04:29.562Z,106.937,288,chunk_20260630-1300-CHAITANYA0BCF,chunk_20260630-1300-CHAITANYA0BCF,False,within_chunk,2,M1-K-3
ses_20260630-124826-CHAITANYA0BCF,26,2026-06-30T13:04:33.080Z,2026-06-30T13:05:00.664Z,27.584,66,chunk_20260630-1300-CHAITANYA0BCF,chunk_20260630-1300-CHAITANYA0BCF,False,within_chunk,2,M1-E-1
ses_20260630-124826-CHAITANYA0BCF,27,2026-06-30T13:05:00.696Z,2026-06-30T13:05:34.846Z,34.15,101,chunk_20260630-1300-CHAITANYA0BCF,chunk_20260630-1300-CHAITANYA0BCF,False,within_chunk,2,M1-M-3
ses_20260630-124826-CHAITANYA0BCF,28,2026-06-30T13:05:34.872Z,2026-06-30T13:05:59.276Z,24.404,85,chunk_20260630-1300-CHAITANYA0BCF,chunk_20260630-1300-CHAITANYA0BCF,False,within_chunk,2,M1-A-5
ses_20260630-124826-CHAITANYA0BCF,29,2026-06-30T13:05:59.325Z,2026-06-30T13:06:36.140Z,36.815,99,chunk_20260630-1300-CHAITANYA0BCF,chunk_20260630-1300-CHAITANYA0BCF,False,within_chunk,1,M1-M-4
ses_20260630-124826-CHAITANYA0BCF,30,2026-06-30T13:06:36.635Z,2026-06-30T13:07:15.854Z,39.219,91,chunk_20260630-1300-CHAITANYA0BCF,chunk_20260630-1300-CHAITANYA0BCF,False,within_chunk,2,M1-D-1
ses_20260630-124826-CHAITANYA0BCF,31,2026-06-30T13:07:15.883Z,2026-06-30T13:07:39.963Z,24.08,86,chunk_20260630-1300-CHAITANYA0BCF,chunk_20260630-1300-CHAITANYA0BCF,False,within_chunk,2,M1-F-4
ses_20260630-124826-CHAITANYA0BCF,32,2026-06-30T13:07:39.964Z,2026-06-30T13:08:52.452Z,72.488,250,chunk_20260630-1300-CHAITANYA0BCF,chunk_20260630-1300-CHAITANYA0BCF,False,within_chunk,1,M1-N-3
ses_20260630-124826-CHAITANYA0BCF,33,2026-06-30T13:08:52.815Z,2026-06-30T13:09:39.671Z,46.856,98,chunk_20260630-1300-CHAITANYA0BCF,chunk_20260630-1300-CHAITANYA0BCF,False,within_chunk,2,M1-D-3
ses_20260630-124826-CHAITANYA0BCF,34,2026-06-30T13:09:58.367Z,2026-06-30T13:10:05.597Z,7.23,28,chunk_20260630-1300-CHAITANYA0BCF,chunk_20260630-1300-CHAITANYA0BCF,False,within_chunk,1,M1-D-3
ses_20260630-124826-CHAITANYA0BCF,35,2026-06-30T13:10:08.700Z,2026-06-30T13:10:52.921Z,44.221,122,chunk_20260630-1300-CHAITANYA0BCF,chunk_20260630-1300-CHAITANYA0BCF,False,within_chunk,1,M1-E-3
ses_20260630-124826-CHAITANYA0BCF,36,2026-06-30T13:10:53.190Z,2026-06-30T13:11:23.292Z,30.102,28,chunk_20260630-1300-CHAITANYA0BCF,chunk_20260630-1300-CHAITANYA0BCF,False,within_chunk,1,M1-E-3
ses_20260630-125757-LAPTOP-R36BQBTE,1,2026-06-30T12:57:57.404Z,2026-06-30T12:58:13.495Z,16.091,37,chunk_20260630-1230-LAPTOP-R36BQBTE,chunk_20260630-1230-LAPTOP-R36BQBTE,False,within_chunk,0,
ses_20260630-125757-LAPTOP-R36BQBTE,2,2026-06-30T12:59:09.429Z,2026-06-30T12:59:33.677Z,24.248,72,chunk_20260630-1230-LAPTOP-R36BQBTE,chunk_20260630-1230-LAPTOP-R36BQBTE,False,within_chunk,2,M1-K-1
ses_20260630-125757-LAPTOP-R36BQBTE,3,2026-06-30T12:59:33.726Z,2026-06-30T13:00:48.053Z,74.327,174,chunk_20260630-1230-LAPTOP-R36BQBTE,chunk_20260630-1300-LAPTOP-R36BQBTE,True,continuation_across_chunk,1,M1-C-1
ses_20260630-125757-LAPTOP-R36BQBTE,4,2026-06-30T13:00:54.401Z,2026-06-30T13:00:58.289Z,3.888,5,chunk_20260630-1300-LAPTOP-R36BQBTE,chunk_20260630-1300-LAPTOP-R36BQBTE,False,within_chunk,1,M1-N-2
ses_20260630-125757-LAPTOP-R36BQBTE,5,2026-06-30T13:01:17.752Z,2026-06-30T13:01:18.924Z,1.172,12,chunk_20260630-1300-LAPTOP-R36BQBTE,chunk_20260630-1300-LAPTOP-R36BQBTE,False,within_chunk,1,M1-N-2
ses_20260630-125757-LAPTOP-R36BQBTE,6,2026-06-30T13:01:23.302Z,2026-06-30T13:01:29.087Z,5.785,12,chunk_20260630-1300-LAPTOP-R36BQBTE,chunk_20260630-1300-LAPTOP-R36BQBTE,False,within_chunk,1,M1-N-2
ses_20260630-125757-LAPTOP-R36BQBTE,7,2026-06-30T13:01:29.114Z,2026-06-30T13:02:40.949Z,71.835,149,chunk_20260630-1300-LAPTOP-R36BQBTE,chunk_20260630-1300-LAPTOP-R36BQBTE,False,within_chunk,1,M1-C-3
ses_20260630-125757-LAPTOP-R36BQBTE,8,2026-06-30T13:03:38.373Z,2026-06-30T13:03:40.451Z,2.078,4,chunk_20260630-1300-LAPTOP-R36BQBTE,chunk_20260630-1300-LAPTOP-R36BQBTE,False,within_chunk,1,M1-C-3
ses_20260630-125757-LAPTOP-R36BQBTE,9,2026-06-30T13:03:40.903Z,2026-06-30T13:04:11.070Z,30.167,100,chunk_20260630-1300-LAPTOP-R36BQBTE,chunk_20260630-1300-LAPTOP-R36BQBTE,False,within_chunk,1,M1-J-1
ses_20260630-125757-LAPTOP-R36BQBTE,10,2026-06-30T13:04:11.118Z,2026-06-30T13:04:28.172Z,17.054,55,chunk_20260630-1300-LAPTOP-R36BQBTE,chunk_20260630-1300-LAPTOP-R36BQBTE,False,within_chunk,0,
ses_20260630-125757-LAPTOP-R36BQBTE,11,2026-06-30T13:05:19.428Z,2026-06-30T13:05:23.379Z,3.951,16,chunk_20260630-1300-LAPTOP-R36BQBTE,chunk_20260630-1300-LAPTOP-R36BQBTE,False,within_chunk,1,M1-L-2
ses_20260630-125757-LAPTOP-R36BQBTE,12,2026-06-30T13:05:26.867Z,2026-06-30T13:05:30.941Z,4.074,10,chunk_20260630-1300-LAPTOP-R36BQBTE,chunk_20260630-1300-LAPTOP-R36BQBTE,False,within_chunk,1,M1-L-2
ses_20260630-125757-LAPTOP-R36BQBTE,13,2026-06-30T13:06:08.829Z,2026-06-30T13:06:57.861Z,49.032,98,chunk_20260630-1300-LAPTOP-R36BQBTE,chunk_20260630-1300-LAPTOP-R36BQBTE,False,within_chunk,1,M1-C-4
ses_20260630-125757-LAPTOP-R36BQBTE,14,2026-06-30T13:07:16.577Z,2026-06-30T13:07:17.316Z,0.739,9,chunk_20260630-1300-LAPTOP-R36BQBTE,chunk_20260630-1300-LAPTOP-R36BQBTE,False,within_chunk,0,
ses_20260630-125757-LAPTOP-R36BQBTE,15,2026-06-30T13:07:17.487Z,2026-06-30T13:07:23.905Z,6.418,27,chunk_20260630-1300-LAPTOP-R36BQBTE,chunk_20260630-1300-LAPTOP-R36BQBTE,False,within_chunk,0,
ses_20260630-125757-LAPTOP-R36BQBTE,16,2026-06-30T13:07:30.165Z,2026-06-30T13:07:34.113Z,3.948,5,chunk_20260630-1300-LAPTOP-R36BQBTE,chunk_20260630-1300-LAPTOP-R36BQBTE,False,within_chunk,1,M1-D-2
ses_20260630-125757-LAPTOP-R36BQBTE,17,2026-06-30T13:07:56.344Z,2026-06-30T13:07:56.572Z,0.228,7,chunk_20260630-1300-LAPTOP-R36BQBTE,chunk_20260630-1300-LAPTOP-R36BQBTE,False,within_chunk,1,M1-D-2
ses_20260630-125757-LAPTOP-R36BQBTE,18,2026-06-30T13:07:56.819Z,2026-06-30T13:08:05.161Z,8.342,11,chunk_20260630-1300-LAPTOP-R36BQBTE,chunk_20260630-1300-LAPTOP-R36BQBTE,False,within_chunk,1,M1-D-2
ses_20260630-125757-LAPTOP-R36BQBTE,19,2026-06-30T13:08:05.691Z,2026-06-30T13:08:05.800Z,0.109,4,chunk_20260630-1300-LAPTOP-R36BQBTE,chunk_20260630-1300-LAPTOP-R36BQBTE,False,within_chunk,1,M1-K-2
ses_20260630-125757-LAPTOP-R36BQBTE,20,2026-06-30T13:08:05.847Z,2026-06-30T13:08:31.493Z,25.646,74,chunk_20260630-1300-LAPTOP-R36BQBTE,chunk_20260630-1300-LAPTOP-R36BQBTE,False,within_chunk,1,M1-K-2
ses_20260630-125757-LAPTOP-R36BQBTE,21,2026-06-30T13:08:40.756Z,2026-06-30T13:08:41.419Z,0.663,6,chunk_20260630-1300-LAPTOP-R36BQBTE,chunk_20260630-1300-LAPTOP-R36BQBTE,False,within_chunk,1,M1-H-1
ses_20260630-125757-LAPTOP-R36BQBTE,22,2026-06-30T13:08:41.474Z,2026-06-30T13:09:08.489Z,27.015,88,chunk_20260630-1300-LAPTOP-R36BQBTE,chunk_20260630-1300-LAPTOP-R36BQBTE,False,within_chunk,2,M1-H-1
ses_20260630-125757-LAPTOP-R36BQBTE,23,2026-06-30T13:09:08.514Z,2026-06-30T13:09:34.431Z,25.917,72,chunk_20260630-1300-LAPTOP-R36BQBTE,chunk_20260630-1300-LAPTOP-R36BQBTE,False,within_chunk,2,M1-O-1
ses_20260630-125757-LAPTOP-R36BQBTE,24,2026-06-30T13:09:34.482Z,2026-06-30T13:10:16.667Z,42.185,81,chunk_20260630-1300-LAPTOP-R36BQBTE,chunk_20260630-1300-LAPTOP-R36BQBTE,False,within_chunk,2,M1-D-3
ses_20260630-125757-LAPTOP-R36BQBTE,25,2026-06-30T13:10:16.700Z,2026-06-30T13:10:46.762Z,30.062,78,chunk_20260630-1300-LAPTOP-R36BQBTE,chunk_20260630-1300-LAPTOP-R36BQBTE,False,within_chunk,2,M1-H-2
ses_20260630-125757-LAPTOP-R36BQBTE,26,2026-06-30T13:10:46.810Z,2026-06-30T13:10:59.743Z,12.933,48,chunk_20260630-1300-LAPTOP-R36BQBTE,chunk_20260630-1300-LAPTOP-R36BQBTE,False,within_chunk,1,M1-L-3
ses_20260630-125757-LAPTOP-R36BQBTE,27,2026-06-30T13:11:00.252Z,2026-06-30T13:11:07.906Z,7.654,14,chunk_20260630-1300-LAPTOP-R36BQBTE,chunk_20260630-1300-LAPTOP-R36BQBTE,False,within_chunk,1,M1-L-3
ses_20260630-125757-LAPTOP-R36BQBTE,28,2026-06-30T13:11:41.836Z,2026-06-30T13:11:45.695Z,3.859,5,chunk_20260630-1300-LAPTOP-R36BQBTE,chunk_20260630-1300-LAPTOP-R36BQBTE,False,within_chunk,1,M1-N-3
ses_20260630-125757-LAPTOP-R36BQBTE,29,2026-06-30T13:12:06.677Z,2026-06-30T13:12:06.906Z,0.229,8,chunk_20260630-1300-LAPTOP-R36BQBTE,chunk_20260630-1300-LAPTOP-R36BQBTE,False,within_chunk,1,M1-N-3
ses_20260630-125757-LAPTOP-R36BQBTE,30,2026-06-30T13:12:07.151Z,2026-06-30T13:12:16.977Z,9.826,14,chunk_20260630-1300-LAPTOP-R36BQBTE,chunk_20260630-1300-LAPTOP-R36BQBTE,False,within_chunk,2,M1-N-3
ses_20260630-125757-LAPTOP-R36BQBTE,31,2026-06-30T13:12:17.008Z,2026-06-30T13:12:33.122Z,16.114,62,chunk_20260630-1300-LAPTOP-R36BQBTE,chunk_20260630-1300-LAPTOP-R36BQBTE,False,within_chunk,1,M1-H-3
ses_20260630-125757-LAPTOP-R36BQBTE,32,2026-06-30T13:12:36.793Z,2026-06-30T13:12:43.297Z,6.504,11,chunk_20260630-1300-LAPTOP-R36BQBTE,chunk_20260630-1300-LAPTOP-R36BQBTE,False,within_chunk,2,M1-H-3
ses_20260630-125757-LAPTOP-R36BQBTE,33,2026-06-30T13:12:43.347Z,2026-06-30T13:13:20.642Z,37.295,108,chunk_20260630-1300-LAPTOP-R36BQBTE,chunk_20260630-1300-LAPTOP-R36BQBTE,False,within_chunk,2,M1-K-3
ses_20260630-125757-LAPTOP-R36BQBTE,34,2026-06-30T13:13:24.294Z,2026-06-30T13:13:37.215Z,12.921,28,chunk_20260630-1300-LAPTOP-R36BQBTE,chunk_20260630-1300-LAPTOP-R36BQBTE,False,within_chunk,1,M1-L-4
ses_20260630-125757-LAPTOP-R36BQBTE,35,2026-06-30T13:14:12.762Z,2026-06-30T13:14:13.344Z,0.582,4,chunk_20260630-1300-LAPTOP-R36BQBTE,chunk_20260630-1300-LAPTOP-R36BQBTE,False,within_chunk,1,M1-L-4
ses_20260630-125757-LAPTOP-R36BQBTE,36,2026-06-30T13:14:13.380Z,2026-06-30T13:15:02.008Z,48.628,129,chunk_20260630-1300-LAPTOP-R36BQBTE,chunk_20260630-1300-LAPTOP-R36BQBTE,False,within_chunk,1,M1-J-3
ses_20260630-125757-LAPTOP-R36BQBTE,37,2026-06-30T13:15:02.015Z,2026-06-30T13:16:01.589Z,59.574,140,chunk_20260630-1300-LAPTOP-R36BQBTE,chunk_20260630-1300-LAPTOP-R36BQBTE,False,within_chunk,1,M1-O-3
ses_20260630-125757-LAPTOP-R36BQBTE,38,2026-06-30T13:17:18.866Z,2026-06-30T13:17:23.917Z,5.051,22,chunk_20260630-1300-LAPTOP-R36BQBTE,chunk_20260630-1300-LAPTOP-R36BQBTE,False,within_chunk,0,
ses_20260630-131729-CHAITANYA0BCF,1,2026-06-30T13:17:29.721Z,2026-06-30T13:19:54.931Z,145.21,165,chunk_20260630-1300-CHAITANYA0BCF,chunk_20260630-1300-CHAITANYA0BCF,False,within_chunk,1,M1-D-2
ses_20260630-131729-CHAITANYA0BCF,2,2026-06-30T13:19:54.999Z,2026-06-30T13:20:51.083Z,56.084,170,chunk_20260630-1300-CHAITANYA0BCF,chunk_20260630-1300-CHAITANYA0BCF,False,within_chunk,2,M1-O-2
ses_20260630-131729-CHAITANYA0BCF,3,2026-06-30T13:20:51.132Z,2026-06-30T13:21:55.080Z,63.948,150,chunk_20260630-1300-CHAITANYA0BCF,chunk_20260630-1300-CHAITANYA0BCF,False,within_chunk,3,M1-E-1
ses_20260630-131729-CHAITANYA0BCF,4,2026-06-30T13:21:55.141Z,2026-06-30T13:22:17.354Z,22.213,77,chunk_20260630-1300-CHAITANYA0BCF,chunk_20260630-1300-CHAITANYA0BCF,False,within_chunk,1,M1-O-3
ses_20260630-131729-CHAITANYA0BCF,5,2026-06-30T13:22:21.745Z,2026-06-30T13:22:39.314Z,17.569,43,chunk_20260630-1300-CHAITANYA0BCF,chunk_20260630-1300-CHAITANYA0BCF,False,within_chunk,2,M1-L-1
ses_20260630-131729-CHAITANYA0BCF,6,2026-06-30T13:22:39.320Z,2026-06-30T13:22:56.310Z,16.99,66,chunk_20260630-1300-CHAITANYA0BCF,chunk_20260630-1300-CHAITANYA0BCF,False,within_chunk,1,M1-G-1
ses_20260630-131729-CHAITANYA0BCF,7,2026-06-30T13:22:59.761Z,2026-06-30T13:22:59.822Z,0.061,5,chunk_20260630-1300-CHAITANYA0BCF,chunk_20260630-1300-CHAITANYA0BCF,False,within_chunk,0,
ses_20260630-131729-CHAITANYA0BCF,8,2026-06-30T13:22:59.833Z,2026-06-30T13:24:19.438Z,79.605,151,chunk_20260630-1300-CHAITANYA0BCF,chunk_20260630-1300-CHAITANYA0BCF,False,within_chunk,1,M1-C-2
ses_20260630-131729-CHAITANYA0BCF,9,2026-06-30T13:24:37.713Z,2026-06-30T13:25:18.234Z,40.521,85,chunk_20260630-1300-CHAITANYA0BCF,chunk_20260630-1300-CHAITANYA0BCF,False,within_chunk,2,M1-L-2
ses_20260630-131729-CHAITANYA0BCF,10,2026-06-30T13:25:18.748Z,2026-06-30T13:25:53.911Z,35.163,103,chunk_20260630-1300-CHAITANYA0BCF,chunk_20260630-1300-CHAITANYA0BCF,False,within_chunk,2,M1-C-3
ses_20260630-131729-CHAITANYA0BCF,11,2026-06-30T13:25:53.936Z,2026-06-30T13:26:32.907Z,38.971,108,chunk_20260630-1300-CHAITANYA0BCF,chunk_20260630-1300-CHAITANYA0BCF,False,within_chunk,2,M1-M-1
ses_20260630-131729-CHAITANYA0BCF,12,2026-06-30T13:26:32.966Z,2026-06-30T13:27:10.125Z,37.159,93,chunk_20260630-1300-CHAITANYA0BCF,chunk_20260630-1300-CHAITANYA0BCF,False,within_chunk,2,M1-C-4
ses_20260630-131729-CHAITANYA0BCF,13,2026-06-30T13:27:10.138Z,2026-06-30T13:27:32.039Z,21.901,73,chunk_20260630-1300-CHAITANYA0BCF,chunk_20260630-1300-CHAITANYA0BCF,False,within_chunk,1,M1-L-3
ses_20260630-131729-CHAITANYA0BCF,14,2026-06-30T13:27:36.010Z,2026-06-30T13:28:04.470Z,28.46,68,chunk_20260630-1300-CHAITANYA0BCF,chunk_20260630-1300-CHAITANYA0BCF,False,within_chunk,1,M1-M-2
ses_20260630-131729-CHAITANYA0BCF,15,2026-06-30T13:28:08.158Z,2026-06-30T13:28:30.984Z,22.826,57,chunk_20260630-1300-CHAITANYA0BCF,chunk_20260630-1300-CHAITANYA0BCF,False,within_chunk,1,M1-L-4
ses_20260630-131729-CHAITANYA0BCF,16,2026-06-30T13:28:31.033Z,2026-06-30T13:31:18.102Z,167.069,147,chunk_20260630-1300-CHAITANYA0BCF,chunk_20260630-1330-CHAITANYA0BCF,True,continuation_across_chunk,0,
ses_20260630-131729-CHAITANYA0BCF,17,2026-06-30T13:31:33.450Z,2026-06-30T13:32:34.842Z,61.392,69,chunk_20260630-1330-CHAITANYA0BCF,chunk_20260630-1330-CHAITANYA0BCF,False,within_chunk,1,M1-G-4
ses_20260630-131729-CHAITANYA0BCF,18,2026-06-30T13:32:35.325Z,2026-06-30T13:32:35.427Z,0.102,4,chunk_20260630-1330-CHAITANYA0BCF,chunk_20260630-1330-CHAITANYA0BCF,False,within_chunk,1,M1-E-2
ses_20260630-131729-CHAITANYA0BCF,19,2026-06-30T13:32:35.529Z,2026-06-30T13:33:02.664Z,27.135,99,chunk_20260630-1330-CHAITANYA0BCF,chunk_20260630-1330-CHAITANYA0BCF,False,within_chunk,2,M1-E-2
ses_20260630-131729-CHAITANYA0BCF,20,2026-06-30T13:33:02.671Z,2026-06-30T13:33:40.165Z,37.494,89,chunk_20260630-1330-CHAITANYA0BCF,chunk_20260630-1330-CHAITANYA0BCF,False,within_chunk,2,M1-N-1
ses_20260630-131729-CHAITANYA0BCF,21,2026-06-30T13:33:40.215Z,2026-06-30T13:34:08.814Z,28.599,95,chunk_20260630-1330-CHAITANYA0BCF,chunk_20260630-1330-CHAITANYA0BCF,False,within_chunk,1,M1-E-3
ses_20260630-131729-CHAITANYA0BCF,22,2026-06-30T13:34:08.823Z,2026-06-30T13:35:24.219Z,75.396,144,chunk_20260630-1330-CHAITANYA0BCF,chunk_20260630-1330-CHAITANYA0BCF,False,within_chunk,1,M1-M-4
ses_20260630-131729-CHAITANYA0BCF,23,2026-06-30T13:35:28.499Z,2026-06-30T13:37:05.350Z,96.851,137,chunk_20260630-1330-CHAITANYA0BCF,chunk_20260630-1330-CHAITANYA0BCF,False,within_chunk,1,M1-N-3
ses_20260630-132737-LAPTOP-R36BQBTE,1,2026-06-30T13:27:37.277Z,2026-06-30T13:28:01.191Z,23.914,36,chunk_20260630-1300-LAPTOP-R36BQBTE,chunk_20260630-1300-LAPTOP-R36BQBTE,False,within_chunk,0,
ses_20260630-132737-LAPTOP-R36BQBTE,2,2026-06-30T13:28:56.038Z,2026-06-30T13:29:26.476Z,30.438,84,chunk_20260630-1300-LAPTOP-R36BQBTE,chunk_20260630-1300-LAPTOP-R36BQBTE,False,within_chunk,2,M1-F-1
ses_20260630-132737-LAPTOP-R36BQBTE,3,2026-06-30T13:29:26.478Z,2026-06-30T13:30:43.701Z,77.223,179,chunk_20260630-1300-LAPTOP-R36BQBTE,chunk_20260630-1330-LAPTOP-R36BQBTE,True,continuation_across_chunk,2,M1-E-1
ses_20260630-132737-LAPTOP-R36BQBTE,4,2026-06-30T13:31:00.982Z,2026-06-30T13:31:18.525Z,17.543,35,chunk_20260630-1330-LAPTOP-R36BQBTE,chunk_20260630-1330-LAPTOP-R36BQBTE,False,within_chunk,2,M1-C-2
ses_20260630-132737-LAPTOP-R36BQBTE,5,2026-06-30T13:31:21.627Z,2026-06-30T13:31:31.189Z,9.562,17,chunk_20260630-1330-LAPTOP-R36BQBTE,chunk_20260630-1330-LAPTOP-R36BQBTE,False,within_chunk,1,M1-B-1
ses_20260630-132737-LAPTOP-R36BQBTE,6,2026-06-30T13:32:02.237Z,2026-06-30T13:32:23.335Z,21.098,13,chunk_20260630-1330-LAPTOP-R36BQBTE,chunk_20260630-1330-LAPTOP-R36BQBTE,False,within_chunk,1,M1-D-1
ses_20260630-132737-LAPTOP-R36BQBTE,7,2026-06-30T13:32:23.488Z,2026-06-30T13:33:55.067Z,91.579,45,chunk_20260630-1330-LAPTOP-R36BQBTE,chunk_20260630-1330-LAPTOP-R36BQBTE,False,within_chunk,1,M1-D-1
ses_20260630-132737-LAPTOP-R36BQBTE,8,2026-06-30T13:34:13.782Z,2026-06-30T13:34:45.529Z,31.747,103,chunk_20260630-1330-LAPTOP-R36BQBTE,chunk_20260630-1330-LAPTOP-R36BQBTE,False,within_chunk,3,M1-H-1
ses_20260630-132737-LAPTOP-R36BQBTE,9,2026-06-30T13:34:45.536Z,2026-06-30T13:35:07.767Z,22.231,61,chunk_20260630-1330-LAPTOP-R36BQBTE,chunk_20260630-1330-LAPTOP-R36BQBTE,False,within_chunk,1,M1-B-2
ses_20260630-132737-LAPTOP-R36BQBTE,10,2026-06-30T13:35:45.965Z,2026-06-30T13:36:17.137Z,31.172,84,chunk_20260630-1330-LAPTOP-R36BQBTE,chunk_20260630-1330-LAPTOP-R36BQBTE,False,within_chunk,2,M1-F-2
ses_20260630-132737-LAPTOP-R36BQBTE,11,2026-06-30T13:36:17.165Z,2026-06-30T13:36:56.755Z,39.59,89,chunk_20260630-1330-LAPTOP-R36BQBTE,chunk_20260630-1330-LAPTOP-R36BQBTE,False,within_chunk,2,M1-C-3
ses_20260630-132737-LAPTOP-R36BQBTE,12,2026-06-30T13:36:56.792Z,2026-06-30T13:37:25.247Z,28.455,82,chunk_20260630-1330-LAPTOP-R36BQBTE,chunk_20260630-1330-LAPTOP-R36BQBTE,False,within_chunk,2,M1-F-3
ses_20260630-132737-LAPTOP-R36BQBTE,13,2026-06-30T13:37:25.275Z,2026-06-30T13:37:25.820Z,0.545,12,chunk_20260630-1330-LAPTOP-R36BQBTE,chunk_20260630-1330-LAPTOP-R36BQBTE,False,within_chunk,1,M1-C-4
ses_20260630-132737-LAPTOP-R36BQBTE,14,2026-06-30T13:37:28.624Z,2026-06-30T13:39:01.286Z,92.662,193,chunk_20260630-1330-LAPTOP-R36BQBTE,chunk_20260630-1330-LAPTOP-R36BQBTE,False,within_chunk,4,M1-C-4
ses_20260630-132737-LAPTOP-R36BQBTE,15,2026-06-30T13:39:01.312Z,2026-06-30T13:39:38.747Z,37.435,79,chunk_20260630-1330-LAPTOP-R36BQBTE,chunk_20260630-1330-LAPTOP-R36BQBTE,False,within_chunk,1,M1-O-1
ses_20260630-132737-LAPTOP-R36BQBTE,16,2026-06-30T13:40:32.794Z,2026-06-30T13:40:35.669Z,2.875,6,chunk_20260630-1330-LAPTOP-R36BQBTE,chunk_20260630-1330-LAPTOP-R36BQBTE,False,within_chunk,2,M1-O-1
ses_20260630-132737-LAPTOP-R36BQBTE,17,2026-06-30T13:40:35.682Z,2026-06-30T13:41:19.348Z,43.666,91,chunk_20260630-1330-LAPTOP-R36BQBTE,chunk_20260630-1330-LAPTOP-R36BQBTE,False,within_chunk,2,M1-D-2
ses_20260630-132737-LAPTOP-R36BQBTE,18,2026-06-30T13:41:23.174Z,2026-06-30T13:41:35.279Z,12.105,25,chunk_20260630-1330-LAPTOP-R36BQBTE,chunk_20260630-1330-LAPTOP-R36BQBTE,False,within_chunk,2,M1-A-2
ses_20260630-132737-LAPTOP-R36BQBTE,19,2026-06-30T13:41:35.280Z,2026-06-30T13:42:05.014Z,29.734,78,chunk_20260630-1330-LAPTOP-R36BQBTE,chunk_20260630-1330-LAPTOP-R36BQBTE,False,within_chunk,2,M1-O-2
ses_20260630-132737-LAPTOP-R36BQBTE,20,2026-06-30T13:42:05.038Z,2026-06-30T13:42:45.528Z,40.49,56,chunk_20260630-1330-LAPTOP-R36BQBTE,chunk_20260630-1330-LAPTOP-R36BQBTE,False,within_chunk,2,M1-D-3
ses_20260630-132737-LAPTOP-R36BQBTE,21,2026-06-30T13:42:45.533Z,2026-06-30T13:43:14.986Z,29.453,77,chunk_20260630-1330-LAPTOP-R36BQBTE,chunk_20260630-1330-LAPTOP-R36BQBTE,False,within_chunk,1,M1-O-3
ses_20260630-132737-LAPTOP-R36BQBTE,22,2026-06-30T13:43:15.513Z,2026-06-30T13:43:15.623Z,0.11,4,chunk_20260630-1330-LAPTOP-R36BQBTE,chunk_20260630-1330-LAPTOP-R36BQBTE,False,within_chunk,1,M1-B-3
ses_20260630-132737-LAPTOP-R36BQBTE,23,2026-06-30T13:43:15.675Z,2026-06-30T13:43:36.699Z,21.024,62,chunk_20260630-1330-LAPTOP-R36BQBTE,chunk_20260630-1330-LAPTOP-R36BQBTE,False,within_chunk,1,M1-B-3
ses_20260630-132737-LAPTOP-R36BQBTE,24,2026-06-30T13:44:17.449Z,2026-06-30T13:45:51.899Z,94.45,192,chunk_20260630-1330-LAPTOP-R36BQBTE,chunk_20260630-1330-LAPTOP-R36BQBTE,False,within_chunk,2,M1-B-4
ses_20260630-132737-LAPTOP-R36BQBTE,25,2026-06-30T13:45:51.927Z,2026-06-30T13:46:04.950Z,13.023,49,chunk_20260630-1330-LAPTOP-R36BQBTE,chunk_20260630-1330-LAPTOP-R36BQBTE,False,within_chunk,0,
ses_20260630-132737-LAPTOP-R36BQBTE,26,2026-06-30T13:46:06.641Z,2026-06-30T13:46:42.908Z,36.267,74,chunk_20260630-1330-LAPTOP-R36BQBTE,chunk_20260630-1330-LAPTOP-R36BQBTE,False,within_chunk,2,M1-H-3
ses_20260630-132737-LAPTOP-R36BQBTE,27,2026-06-30T13:46:42.909Z,2026-06-30T13:47:10.768Z,27.859,91,chunk_20260630-1330-LAPTOP-R36BQBTE,chunk_20260630-1330-LAPTOP-R36BQBTE,False,within_chunk,2,M1-E-3
ses_20260630-132737-LAPTOP-R36BQBTE,28,2026-06-30T13:47:10.800Z,2026-06-30T13:47:54.218Z,43.418,79,chunk_20260630-1330-LAPTOP-R36BQBTE,chunk_20260630-1330-LAPTOP-R36BQBTE,False,within_chunk,1,M1-H-4
ses_20260630-132737-LAPTOP-R36BQBTE,29,2026-06-30T13:48:57.877Z,2026-06-30T13:49:01.526Z,3.649,29,chunk_20260630-1330-LAPTOP-R36BQBTE,chunk_20260630-1330-LAPTOP-R36BQBTE,False,within_chunk,0,
ses_20260630-135201-LAPTOP-R36BQBTE,1,2026-06-30T13:52:01.354Z,2026-06-30T13:52:14.837Z,13.483,33,chunk_20260630-1330-LAPTOP-R36BQBTE,chunk_20260630-1330-LAPTOP-R36BQBTE,False,within_chunk,0,
ses_20260630-135201-LAPTOP-R36BQBTE,2,2026-06-30T13:53:11.858Z,2026-06-30T13:54:10.971Z,59.113,130,chunk_20260630-1330-LAPTOP-R36BQBTE,chunk_20260630-1330-LAPTOP-R36BQBTE,False,within_chunk,2,M1-O-2
ses_20260630-135201-LAPTOP-R36BQBTE,3,2026-06-30T13:54:10.977Z,2026-06-30T13:55:20.010Z,69.033,99,chunk_20260630-1330-LAPTOP-R36BQBTE,chunk_20260630-1330-LAPTOP-R36BQBTE,False,within_chunk,2,M1-I-1
ses_20260630-135201-LAPTOP-R36BQBTE,4,2026-06-30T13:55:20.025Z,2026-06-30T13:55:42.196Z,22.171,63,chunk_20260630-1330-LAPTOP-R36BQBTE,chunk_20260630-1330-LAPTOP-R36BQBTE,False,within_chunk,1,M1-L-1
ses_20260630-135201-LAPTOP-R36BQBTE,5,2026-06-30T13:56:08.660Z,2026-06-30T13:56:13.415Z,4.755,17,chunk_20260630-1330-LAPTOP-R36BQBTE,chunk_20260630-1330-LAPTOP-R36BQBTE,False,within_chunk,1,M1-K-1
ses_20260630-135201-LAPTOP-R36BQBTE,6,2026-06-30T13:56:16.835Z,2026-06-30T13:56:32.113Z,15.278,34,chunk_20260630-1330-LAPTOP-R36BQBTE,chunk_20260630-1330-LAPTOP-R36BQBTE,False,within_chunk,1,M1-K-1
ses_20260630-135201-LAPTOP-R36BQBTE,7,2026-06-30T13:56:32.164Z,2026-06-30T13:58:47.166Z,135.002,105,chunk_20260630-1330-LAPTOP-R36BQBTE,chunk_20260630-1330-LAPTOP-R36BQBTE,False,within_chunk,0,
ses_20260630-135201-LAPTOP-R36BQBTE,8,2026-06-30T13:59:12.295Z,2026-06-30T13:59:45.447Z,33.152,60,chunk_20260630-1330-LAPTOP-R36BQBTE,chunk_20260630-1330-LAPTOP-R36BQBTE,False,within_chunk,2,M1-C-2
ses_20260630-135201-LAPTOP-R36BQBTE,9,2026-06-30T13:59:45.542Z,2026-06-30T13:59:45.923Z,0.381,9,chunk_20260630-1330-LAPTOP-R36BQBTE,chunk_20260630-1330-LAPTOP-R36BQBTE,False,within_chunk,1,M1-K-2
ses_20260630-135201-LAPTOP-R36BQBTE,10,2026-06-30T13:59:48.631Z,2026-06-30T14:00:07.993Z,19.362,61,chunk_20260630-1330-LAPTOP-R36BQBTE,chunk_20260630-1400-LAPTOP-R36BQBTE,True,continuation_across_chunk,2,M1-K-2
ses_20260630-135201-LAPTOP-R36BQBTE,11,2026-06-30T14:00:08.032Z,2026-06-30T14:00:32.512Z,24.48,67,chunk_20260630-1400-LAPTOP-R36BQBTE,chunk_20260630-1400-LAPTOP-R36BQBTE,False,within_chunk,2,M1-B-1
ses_20260630-135201-LAPTOP-R36BQBTE,12,2026-06-30T14:00:32.537Z,2026-06-30T14:00:56.209Z,23.672,63,chunk_20260630-1400-LAPTOP-R36BQBTE,chunk_20260630-1400-LAPTOP-R36BQBTE,False,within_chunk,1,M1-L-2
ses_20260630-135201-LAPTOP-R36BQBTE,13,2026-06-30T14:00:56.734Z,2026-06-30T14:01:09.021Z,12.287,51,chunk_20260630-1400-LAPTOP-R36BQBTE,chunk_20260630-1400-LAPTOP-R36BQBTE,False,within_chunk,1,M1-B-2
ses_20260630-135201-LAPTOP-R36BQBTE,14,2026-06-30T14:01:09.553Z,2026-06-30T14:01:17.458Z,7.905,14,chunk_20260630-1400-LAPTOP-R36BQBTE,chunk_20260630-1400-LAPTOP-R36BQBTE,False,within_chunk,1,M1-B-2
ses_20260630-135201-LAPTOP-R36BQBTE,15,2026-06-30T14:01:24.649Z,2026-06-30T14:01:57.253Z,32.604,63,chunk_20260630-1400-LAPTOP-R36BQBTE,chunk_20260630-1400-LAPTOP-R36BQBTE,False,within_chunk,1,M1-C-3
ses_20260630-135201-LAPTOP-R36BQBTE,16,2026-06-30T14:01:57.306Z,2026-06-30T14:02:19.979Z,22.673,49,chunk_20260630-1400-LAPTOP-R36BQBTE,chunk_20260630-1400-LAPTOP-R36BQBTE,False,within_chunk,0,
ses_20260630-135201-LAPTOP-R36BQBTE,17,2026-06-30T14:02:35.601Z,2026-06-30T14:03:22.714Z,47.113,63,chunk_20260630-1400-LAPTOP-R36BQBTE,chunk_20260630-1400-LAPTOP-R36BQBTE,False,within_chunk,1,M1-I-3
ses_20260630-135201-LAPTOP-R36BQBTE,18,2026-06-30T14:03:32.111Z,2026-06-30T14:04:30.001Z,57.89,86,chunk_20260630-1400-LAPTOP-R36BQBTE,chunk_20260630-1400-LAPTOP-R36BQBTE,False,within_chunk,3,M1-I-3
ses_20260630-135201-LAPTOP-R36BQBTE,19,2026-06-30T14:04:30.003Z,2026-06-30T14:05:24.371Z,54.368,59,chunk_20260630-1400-LAPTOP-R36BQBTE,chunk_20260630-1400-LAPTOP-R36BQBTE,False,within_chunk,2,M1-D-1
ses_20260630-135201-LAPTOP-R36BQBTE,20,2026-06-30T14:05:24.401Z,2026-06-30T14:05:44.917Z,20.516,65,chunk_20260630-1400-LAPTOP-R36BQBTE,chunk_20260630-1400-LAPTOP-R36BQBTE,False,within_chunk,1,M1-L-3
ses_20260630-135201-LAPTOP-R36BQBTE,21,2026-06-30T14:05:51.819Z,2026-06-30T14:05:55.667Z,3.848,16,chunk_20260630-1400-LAPTOP-R36BQBTE,chunk_20260630-1400-LAPTOP-R36BQBTE,False,within_chunk,1,M1-K-3
ses_20260630-135201-LAPTOP-R36BQBTE,22,2026-06-30T14:06:00.123Z,2026-06-30T14:07:11.745Z,71.622,185,chunk_20260630-1400-LAPTOP-R36BQBTE,chunk_20260630-1400-LAPTOP-R36BQBTE,False,within_chunk,3,M1-K-3
ses_20260630-135201-LAPTOP-R36BQBTE,23,2026-06-30T14:07:11.753Z,2026-06-30T14:07:25.821Z,14.068,48,chunk_20260630-1400-LAPTOP-R36BQBTE,chunk_20260630-1400-LAPTOP-R36BQBTE,False,within_chunk,1,M1-G-2
ses_20260630-135201-LAPTOP-R36BQBTE,24,2026-06-30T14:07:27.796Z,2026-06-30T14:07:33.458Z,5.662,11,chunk_20260630-1400-LAPTOP-R36BQBTE,chunk_20260630-1400-LAPTOP-R36BQBTE,False,within_chunk,2,M1-G-2
ses_20260630-135201-LAPTOP-R36BQBTE,25,2026-06-30T14:07:33.499Z,2026-06-30T14:07:34.143Z,0.644,11,chunk_20260630-1400-LAPTOP-R36BQBTE,chunk_20260630-1400-LAPTOP-R36BQBTE,False,within_chunk,1,M1-O-3
ses_20260630-135201-LAPTOP-R36BQBTE,26,2026-06-30T14:07:36.655Z,2026-06-30T14:08:23.812Z,47.157,125,chunk_20260630-1400-LAPTOP-R36BQBTE,chunk_20260630-1400-LAPTOP-R36BQBTE,False,within_chunk,3,M1-O-3
ses_20260630-135201-LAPTOP-R36BQBTE,27,2026-06-30T14:08:23.839Z,2026-06-30T14:08:45.948Z,22.109,64,chunk_20260630-1400-LAPTOP-R36BQBTE,chunk_20260630-1400-LAPTOP-R36BQBTE,False,within_chunk,1,M1-B-3
ses_20260630-135201-LAPTOP-R36BQBTE,28,2026-06-30T14:08:51.974Z,2026-06-30T14:08:55.968Z,3.994,7,chunk_20260630-1400-LAPTOP-R36BQBTE,chunk_20260630-1400-LAPTOP-R36BQBTE,False,within_chunk,0,
ses_20260630-135201-LAPTOP-R36BQBTE,29,2026-06-30T14:09:16.643Z,2026-06-30T14:09:17.941Z,1.298,6,chunk_20260630-1400-LAPTOP-R36BQBTE,chunk_20260630-1400-LAPTOP-R36BQBTE,False,within_chunk,0,
ses_20260630-135201-LAPTOP-R36BQBTE,30,2026-06-30T14:09:18.037Z,2026-06-30T14:09:18.256Z,0.219,4,chunk_20260630-1400-LAPTOP-R36BQBTE,chunk_20260630-1400-LAPTOP-R36BQBTE,False,within_chunk,0,
ses_20260630-135201-LAPTOP-R36BQBTE,31,2026-06-30T14:09:18.285Z,2026-06-30T14:09:47.044Z,28.759,38,chunk_20260630-1400-LAPTOP-R36BQBTE,chunk_20260630-1400-LAPTOP-R36BQBTE,False,within_chunk,1,M1-D-3
ses_20260630-135201-LAPTOP-R36BQBTE,32,2026-06-30T14:09:47.748Z,2026-06-30T14:09:48.145Z,0.397,8,chunk_20260630-1400-LAPTOP-R36BQBTE,chunk_20260630-1400-LAPTOP-R36BQBTE,False,within_chunk,1,M1-D-3
ses_20260630-135201-LAPTOP-R36BQBTE,33,2026-06-30T14:09:48.223Z,2026-06-30T14:10:04.272Z,16.049,35,chunk_20260630-1400-LAPTOP-R36BQBTE,chunk_20260630-1400-LAPTOP-R36BQBTE,False,within_chunk,1,M1-D-3
ses_20260630-135201-LAPTOP-R36BQBTE,34,2026-06-30T14:11:07.956Z,2026-06-30T14:11:29.895Z,21.939,66,chunk_20260630-1400-LAPTOP-R36BQBTE,chunk_20260630-1400-LAPTOP-R36BQBTE,False,within_chunk,2,M1-G-3
ses_20260630-135201-LAPTOP-R36BQBTE,35,2026-06-30T14:11:30.377Z,2026-06-30T14:11:35.040Z,4.663,7,chunk_20260630-1400-LAPTOP-R36BQBTE,chunk_20260630-1400-LAPTOP-R36BQBTE,False,within_chunk,1,M1-G-3
ses_20260630-135201-LAPTOP-R36BQBTE,36,2026-06-30T14:11:35.511Z,2026-06-30T14:12:05.683Z,30.172,82,chunk_20260630-1400-LAPTOP-R36BQBTE,chunk_20260630-1400-LAPTOP-R36BQBTE,False,within_chunk,2,M1-K-5
ses_20260630-135201-LAPTOP-R36BQBTE,37,2026-06-30T14:12:05.735Z,2026-06-30T14:12:43.428Z,37.693,81,chunk_20260630-1400-LAPTOP-R36BQBTE,chunk_20260630-1400-LAPTOP-R36BQBTE,False,within_chunk,1,M1-G-4
ses_20260630-135201-LAPTOP-R36BQBTE,38,2026-06-30T14:18:19.873Z,2026-06-30T14:18:23.017Z,3.144,35,chunk_20260630-1400-LAPTOP-R36BQBTE,chunk_20260630-1400-LAPTOP-R36BQBTE,False,within_chunk,0,
ses_20260630-135451-CHAITANYA0BCF,1,2026-06-30T13:54:51.177Z,2026-06-30T13:56:06.846Z,75.669,98,chunk_20260630-1330-CHAITANYA0BCF,chunk_20260630-1330-CHAITANYA0BCF,False,within_chunk,1,M1-H-1
ses_20260630-135451-CHAITANYA0BCF,2,2026-06-30T13:56:10.691Z,2026-06-30T13:56:34.558Z,23.867,77,chunk_20260630-1330-CHAITANYA0BCF,chunk_20260630-1330-CHAITANYA0BCF,False,within_chunk,2,M1-J-1
ses_20260630-135451-CHAITANYA0BCF,3,2026-06-30T13:56:34.583Z,2026-06-30T13:58:55.317Z,140.734,338,chunk_20260630-1330-CHAITANYA0BCF,chunk_20260630-1330-CHAITANYA0BCF,False,within_chunk,3,M1-M-2
ses_20260630-135451-CHAITANYA0BCF,4,2026-06-30T13:58:57.580Z,2026-06-30T13:59:51.695Z,54.115,164,chunk_20260630-1330-CHAITANYA0BCF,chunk_20260630-1330-CHAITANYA0BCF,False,within_chunk,3,M1-F-2
ses_20260630-135451-CHAITANYA0BCF,5,2026-06-30T13:59:51.701Z,2026-06-30T14:00:17.206Z,25.505,75,chunk_20260630-1330-CHAITANYA0BCF,chunk_20260630-1400-CHAITANYA0BCF,True,continuation_across_chunk,1,M1-L-1
ses_20260630-135451-CHAITANYA0BCF,6,2026-06-30T14:00:17.536Z,2026-06-30T14:00:43.034Z,25.498,93,chunk_20260630-1400-CHAITANYA0BCF,chunk_20260630-1400-CHAITANYA0BCF,False,within_chunk,1,M1-H-2
ses_20260630-135451-CHAITANYA0BCF,7,2026-06-30T14:00:46.333Z,2026-06-30T14:01:12.441Z,26.108,73,chunk_20260630-1400-CHAITANYA0BCF,chunk_20260630-1400-CHAITANYA0BCF,False,within_chunk,1,M1-J-2
ses_20260630-135451-CHAITANYA0BCF,8,2026-06-30T14:01:16.538Z,2026-06-30T14:01:39.352Z,22.814,63,chunk_20260630-1400-CHAITANYA0BCF,chunk_20260630-1400-CHAITANYA0BCF,False,within_chunk,2,M1-F-3
ses_20260630-135451-CHAITANYA0BCF,9,2026-06-30T14:01:39.364Z,2026-06-30T14:02:18.729Z,39.365,106,chunk_20260630-1400-CHAITANYA0BCF,chunk_20260630-1400-CHAITANYA0BCF,False,within_chunk,1,M1-C-1
ses_20260630-135451-CHAITANYA0BCF,10,2026-06-30T14:02:19.120Z,2026-06-30T14:02:47.143Z,28.023,95,chunk_20260630-1400-CHAITANYA0BCF,chunk_20260630-1400-CHAITANYA0BCF,False,within_chunk,2,M1-H-3
ses_20260630-135451-CHAITANYA0BCF,11,2026-06-30T14:02:47.193Z,2026-06-30T14:03:13.461Z,26.268,103,chunk_20260630-1400-CHAITANYA0BCF,chunk_20260630-1400-CHAITANYA0BCF,False,within_chunk,2,M1-A-1
ses_20260630-135451-CHAITANYA0BCF,12,2026-06-30T14:03:13.466Z,2026-06-30T14:03:52.675Z,39.209,94,chunk_20260630-1400-CHAITANYA0BCF,chunk_20260630-1400-CHAITANYA0BCF,False,within_chunk,2,M1-M-3
ses_20260630-135451-CHAITANYA0BCF,13,2026-06-30T14:03:52.700Z,2026-06-30T14:04:23.457Z,30.757,109,chunk_20260630-1400-CHAITANYA0BCF,chunk_20260630-1400-CHAITANYA0BCF,False,within_chunk,2,M1-H-4
ses_20260630-135451-CHAITANYA0BCF,14,2026-06-30T14:04:23.482Z,2026-06-30T14:04:50.123Z,26.641,82,chunk_20260630-1400-CHAITANYA0BCF,chunk_20260630-1400-CHAITANYA0BCF,False,within_chunk,1,M1-A-2
ses_20260630-135451-CHAITANYA0BCF,15,2026-06-30T14:04:50.175Z,2026-06-30T14:05:56.348Z,66.173,185,chunk_20260630-1400-CHAITANYA0BCF,chunk_20260630-1400-CHAITANYA0BCF,False,within_chunk,1,M1-L-4
ses_20260630-135451-CHAITANYA0BCF,16,2026-06-30T14:06:00.530Z,2026-06-30T14:06:36.658Z,36.128,73,chunk_20260630-1400-CHAITANYA0BCF,chunk_20260630-1400-CHAITANYA0BCF,False,within_chunk,2,M1-M-4
ses_20260630-135451-CHAITANYA0BCF,17,2026-06-30T14:06:36.660Z,2026-06-30T14:07:05.727Z,29.067,99,chunk_20260630-1400-CHAITANYA0BCF,chunk_20260630-1400-CHAITANYA0BCF,False,within_chunk,2,M1-J-3
ses_20260630-135451-CHAITANYA0BCF,18,2026-06-30T14:07:05.773Z,2026-06-30T14:07:33.244Z,27.471,85,chunk_20260630-1400-CHAITANYA0BCF,chunk_20260630-1400-CHAITANYA0BCF,False,within_chunk,2,M1-A-3
ses_20260630-135451-CHAITANYA0BCF,19,2026-06-30T14:07:33.270Z,2026-06-30T14:08:28.300Z,55.03,108,chunk_20260630-1400-CHAITANYA0BCF,chunk_20260630-1400-CHAITANYA0BCF,False,within_chunk,2,M1-I-1
ses_20260630-135451-CHAITANYA0BCF,20,2026-06-30T14:08:28.342Z,2026-06-30T14:08:57.163Z,28.821,87,chunk_20260630-1400-CHAITANYA0BCF,chunk_20260630-1400-CHAITANYA0BCF,False,within_chunk,1,M1-A-4
ses_20260630-135451-CHAITANYA0BCF,21,2026-06-30T14:08:57.776Z,2026-06-30T14:08:57.876Z,0.1,5,chunk_20260630-1400-CHAITANYA0BCF,chunk_20260630-1400-CHAITANYA0BCF,False,within_chunk,1,M1-O-1
ses_20260630-135451-CHAITANYA0BCF,22,2026-06-30T14:08:57.887Z,2026-06-30T14:09:25.434Z,27.547,96,chunk_20260630-1400-CHAITANYA0BCF,chunk_20260630-1400-CHAITANYA0BCF,False,within_chunk,1,M1-O-1
ses_20260630-135451-CHAITANYA0BCF,23,2026-06-30T14:09:25.451Z,2026-06-30T14:10:43.124Z,77.673,161,chunk_20260630-1400-CHAITANYA0BCF,chunk_20260630-1400-CHAITANYA0BCF,False,within_chunk,2,M1-C-3
ses_20260630-135451-CHAITANYA0BCF,24,2026-06-30T14:10:43.206Z,2026-06-30T14:11:06.156Z,22.95,50,chunk_20260630-1400-CHAITANYA0BCF,chunk_20260630-1400-CHAITANYA0BCF,False,within_chunk,1,M1-I-2
ses_20260630-135451-CHAITANYA0BCF,25,2026-06-30T14:11:24.967Z,2026-06-30T14:11:51.130Z,26.163,58,chunk_20260630-1400-CHAITANYA0BCF,chunk_20260630-1400-CHAITANYA0BCF,False,within_chunk,2,M1-I-2
ses_20260630-135451-CHAITANYA0BCF,26,2026-06-30T14:11:51.145Z,2026-06-30T14:12:30.132Z,38.987,85,chunk_20260630-1400-CHAITANYA0BCF,chunk_20260630-1400-CHAITANYA0BCF,False,within_chunk,1,M1-N-2
ses_20260630-135451-CHAITANYA0BCF,27,2026-06-30T14:12:30.531Z,2026-06-30T14:12:30.669Z,0.138,4,chunk_20260630-1400-CHAITANYA0BCF,chunk_20260630-1400-CHAITANYA0BCF,False,within_chunk,1,M1-I-3
ses_20260630-135451-CHAITANYA0BCF,28,2026-06-30T14:12:30.693Z,2026-06-30T14:13:38.288Z,67.595,100,chunk_20260630-1400-CHAITANYA0BCF,chunk_20260630-1400-CHAITANYA0BCF,False,within_chunk,2,M1-I-3
ses_20260630-135451-CHAITANYA0BCF,29,2026-06-30T14:13:38.318Z,2026-06-30T14:14:12.199Z,33.881,84,chunk_20260630-1400-CHAITANYA0BCF,chunk_20260630-1400-CHAITANYA0BCF,False,within_chunk,2,M1-N-3
ses_20260630-135451-CHAITANYA0BCF,30,2026-06-30T14:14:12.210Z,2026-06-30T14:14:53.781Z,41.571,79,chunk_20260630-1400-CHAITANYA0BCF,chunk_20260630-1400-CHAITANYA0BCF,False,within_chunk,1,M1-C-4
ses_20260630-135451-CHAITANYA0BCF,31,2026-06-30T14:14:53.854Z,2026-06-30T14:15:58.910Z,65.056,170,chunk_20260630-1400-CHAITANYA0BCF,chunk_20260630-1400-CHAITANYA0BCF,False,within_chunk,1,M1-O-3
ses_20260630-145433-JAYESH,1,2026-06-30T14:54:33.445Z,2026-06-30T14:55:52.600Z,79.155,94,chunk_20260630-1430-JAYESH,chunk_20260630-1430-JAYESH,False,within_chunk,2,M1-K-1
ses_20260630-145433-JAYESH,2,2026-06-30T14:55:52.632Z,2026-06-30T14:55:53.162Z,0.53,10,chunk_20260630-1430-JAYESH,chunk_20260630-1430-JAYESH,False,within_chunk,1,M1-H-1
ses_20260630-145433-JAYESH,3,2026-06-30T14:55:54.132Z,2026-06-30T14:56:17.418Z,23.286,74,chunk_20260630-1430-JAYESH,chunk_20260630-1430-JAYESH,False,within_chunk,2,M1-H-1
ses_20260630-145433-JAYESH,4,2026-06-30T14:56:17.497Z,2026-06-30T14:56:41.344Z,23.847,91,chunk_20260630-1430-JAYESH,chunk_20260630-1430-JAYESH,False,within_chunk,1,M1-K-2
ses_20260630-145433-JAYESH,5,2026-06-30T14:56:45.594Z,2026-06-30T14:57:07.943Z,22.349,63,chunk_20260630-1430-JAYESH,chunk_20260630-1430-JAYESH,False,within_chunk,1,M1-O-1
ses_20260630-145433-JAYESH,6,2026-06-30T14:57:11.548Z,2026-06-30T14:57:48.685Z,37.137,64,chunk_20260630-1430-JAYESH,chunk_20260630-1430-JAYESH,False,within_chunk,2,M1-N-1
ses_20260630-145433-JAYESH,7,2026-06-30T14:57:48.698Z,2026-06-30T14:57:49.273Z,0.575,11,chunk_20260630-1430-JAYESH,chunk_20260630-1430-JAYESH,False,within_chunk,1,M1-G-1
ses_20260630-145433-JAYESH,8,2026-06-30T14:57:49.336Z,2026-06-30T14:58:12.237Z,22.901,66,chunk_20260630-1430-JAYESH,chunk_20260630-1430-JAYESH,False,within_chunk,2,M1-G-1
ses_20260630-145433-JAYESH,9,2026-06-30T14:58:12.260Z,2026-06-30T14:58:50.235Z,37.975,79,chunk_20260630-1430-JAYESH,chunk_20260630-1430-JAYESH,False,within_chunk,1,M1-N-2
ses_20260630-145433-JAYESH,10,2026-06-30T14:58:55.248Z,2026-06-30T14:59:22.145Z,26.897,70,chunk_20260630-1430-JAYESH,chunk_20260630-1430-JAYESH,False,within_chunk,2,M1-O-2
ses_20260630-145433-JAYESH,11,2026-06-30T14:59:22.165Z,2026-06-30T14:59:22.509Z,0.344,7,chunk_20260630-1430-JAYESH,chunk_20260630-1430-JAYESH,False,within_chunk,1,M1-F-1
ses_20260630-145433-JAYESH,12,2026-06-30T14:59:23.455Z,2026-06-30T14:59:49.621Z,26.166,96,chunk_20260630-1430-JAYESH,chunk_20260630-1430-JAYESH,False,within_chunk,2,M1-F-1
ses_20260630-145433-JAYESH,13,2026-06-30T14:59:49.638Z,2026-06-30T14:59:50.113Z,0.475,10,chunk_20260630-1430-JAYESH,chunk_20260630-1430-JAYESH,False,within_chunk,1,M1-K-3
ses_20260630-145433-JAYESH,14,2026-06-30T14:59:50.997Z,2026-06-30T15:01:29.856Z,98.859,93,chunk_20260630-1430-JAYESH,chunk_20260630-1500-JAYESH,True,continuation_across_chunk,1,M1-K-3
ses_20260630-145433-JAYESH,15,2026-06-30T15:01:42.053Z,2026-06-30T15:02:02.670Z,20.617,6,chunk_20260630-1500-JAYESH,chunk_20260630-1500-JAYESH,False,within_chunk,1,M1-K-3
ses_20260630-145433-JAYESH,16,2026-06-30T15:02:03.107Z,2026-06-30T15:02:05.194Z,2.087,18,chunk_20260630-1500-JAYESH,chunk_20260630-1500-JAYESH,False,within_chunk,2,M1-O-3
ses_20260630-145433-JAYESH,17,2026-06-30T15:02:06.220Z,2026-06-30T15:02:33.043Z,26.823,81,chunk_20260630-1500-JAYESH,chunk_20260630-1500-JAYESH,False,within_chunk,2,M1-O-3
ses_20260630-145433-JAYESH,18,2026-06-30T15:02:33.060Z,2026-06-30T15:02:33.511Z,0.451,9,chunk_20260630-1500-JAYESH,chunk_20260630-1500-JAYESH,False,within_chunk,1,M1-C-1
ses_20260630-145433-JAYESH,19,2026-06-30T15:02:33.535Z,2026-06-30T15:03:09.948Z,36.413,96,chunk_20260630-1500-JAYESH,chunk_20260630-1500-JAYESH,False,within_chunk,1,M1-C-1
ses_20260630-145433-JAYESH,20,2026-06-30T15:03:13.109Z,2026-06-30T15:03:46.594Z,33.485,85,chunk_20260630-1500-JAYESH,chunk_20260630-1500-JAYESH,False,within_chunk,3,M1-A-1
ses_20260630-145433-JAYESH,21,2026-06-30T15:03:46.711Z,2026-06-30T15:04:49.953Z,63.242,202,chunk_20260630-1500-JAYESH,chunk_20260630-1500-JAYESH,False,within_chunk,3,M1-M-1
ses_20260630-145433-JAYESH,22,2026-06-30T15:04:49.977Z,2026-06-30T15:04:50.527Z,0.55,11,chunk_20260630-1500-JAYESH,chunk_20260630-1500-JAYESH,False,within_chunk,1,M1-G-2
ses_20260630-145433-JAYESH,23,2026-06-30T15:04:50.556Z,2026-06-30T15:05:09.853Z,19.297,59,chunk_20260630-1500-JAYESH,chunk_20260630-1500-JAYESH,False,within_chunk,2,M1-G-2
ses_20260630-145433-JAYESH,24,2026-06-30T15:05:09.855Z,2026-06-30T15:05:42.253Z,32.398,80,chunk_20260630-1500-JAYESH,chunk_20260630-1500-JAYESH,False,within_chunk,2,M1-M-2
ses_20260630-145433-JAYESH,25,2026-06-30T15:05:42.318Z,2026-06-30T15:06:04.448Z,22.13,69,chunk_20260630-1500-JAYESH,chunk_20260630-1500-JAYESH,False,within_chunk,1,M1-G-3
ses_20260630-145433-JAYESH,26,2026-06-30T15:06:07.916Z,2026-06-30T15:06:33.272Z,25.356,81,chunk_20260630-1500-JAYESH,chunk_20260630-1500-JAYESH,False,within_chunk,1,M1-J-1
ses_20260630-145433-JAYESH,27,2026-06-30T15:06:37.814Z,2026-06-30T15:07:01.734Z,23.92,61,chunk_20260630-1500-JAYESH,chunk_20260630-1500-JAYESH,False,within_chunk,1,M1-F-2
ses_20260630-145433-JAYESH,28,2026-06-30T15:07:05.507Z,2026-06-30T15:07:11.375Z,5.868,8,chunk_20260630-1500-JAYESH,chunk_20260630-1500-JAYESH,False,within_chunk,1,M1-I-1
ses_20260630-145433-JAYESH,29,2026-06-30T15:07:12.325Z,2026-06-30T15:08:11.377Z,59.052,82,chunk_20260630-1500-JAYESH,chunk_20260630-1500-JAYESH,False,within_chunk,1,M1-I-1
ses_20260630-145433-JAYESH,30,2026-06-30T15:08:28.159Z,2026-06-30T15:09:00.704Z,32.545,89,chunk_20260630-1500-JAYESH,chunk_20260630-1500-JAYESH,False,within_chunk,1,M1-N-3
ses_20260630-145433-JAYESH,31,2026-06-30T15:09:00.777Z,2026-06-30T15:09:01.186Z,0.409,6,chunk_20260630-1500-JAYESH,chunk_20260630-1500-JAYESH,False,within_chunk,0,
ses_20260630-145433-JAYESH,32,2026-06-30T15:09:01.203Z,2026-06-30T15:10:11.791Z,70.588,258,chunk_20260630-1500-JAYESH,chunk_20260630-1500-JAYESH,False,within_chunk,2,M1-F-4
ses_20260630-145433-JAYESH,33,2026-06-30T15:10:11.835Z,2026-06-30T15:10:39.929Z,28.094,89,chunk_20260630-1500-JAYESH,chunk_20260630-1500-JAYESH,False,within_chunk,2,M1-A-3
ses_20260630-145433-JAYESH,34,2026-06-30T15:10:39.952Z,2026-06-30T15:10:40.511Z,0.559,11,chunk_20260630-1500-JAYESH,chunk_20260630-1500-JAYESH,False,within_chunk,1,M1-I-2
ses_20260630-145433-JAYESH,35,2026-06-30T15:10:40.543Z,2026-06-30T15:10:59.783Z,19.24,40,chunk_20260630-1500-JAYESH,chunk_20260630-1500-JAYESH,False,within_chunk,1,M1-I-2
ses_20260630-145433-JAYESH,36,2026-06-30T15:11:13.691Z,2026-06-30T15:12:08.518Z,54.827,164,chunk_20260630-1500-JAYESH,chunk_20260630-1500-JAYESH,False,within_chunk,1,M1-I-2
ses_20260630-145433-JAYESH,37,2026-06-30T15:12:19.036Z,2026-06-30T15:12:49.735Z,30.699,84,chunk_20260630-1500-JAYESH,chunk_20260630-1500-JAYESH,False,within_chunk,3,M1-H-2
ses_20260630-145433-JAYESH,38,2026-06-30T15:12:49.747Z,2026-06-30T15:13:29.101Z,39.354,99,chunk_20260630-1500-JAYESH,chunk_20260630-1500-JAYESH,False,within_chunk,2,M1-C-2
ses_20260630-145433-JAYESH,39,2026-06-30T15:13:29.152Z,2026-06-30T15:13:50.642Z,21.49,95,chunk_20260630-1500-JAYESH,chunk_20260630-1500-JAYESH,False,within_chunk,1,M1-G-4
ses_20260630-145433-JAYESH,40,2026-06-30T15:13:54.363Z,2026-06-30T15:14:53.381Z,59.018,91,chunk_20260630-1500-JAYESH,chunk_20260630-1500-JAYESH,False,within_chunk,2,M1-I-3
ses_20260630-145433-JAYESH,41,2026-06-30T15:14:53.434Z,2026-06-30T15:14:53.959Z,0.525,10,chunk_20260630-1500-JAYESH,chunk_20260630-1500-JAYESH,False,within_chunk,1,M1-A-4
ses_20260630-145433-JAYESH,42,2026-06-30T15:14:54.737Z,2026-06-30T15:15:18.963Z,24.226,73,chunk_20260630-1500-JAYESH,chunk_20260630-1500-JAYESH,False,within_chunk,2,M1-A-4
ses_20260630-145433-JAYESH,43,2026-06-30T15:15:18.992Z,2026-06-30T15:15:19.554Z,0.562,11,chunk_20260630-1500-JAYESH,chunk_20260630-1500-JAYESH,False,within_chunk,1,M1-M-3
ses_20260630-145433-JAYESH,44,2026-06-30T15:15:20.334Z,2026-06-30T15:16:01.595Z,41.261,86,chunk_20260630-1500-JAYESH,chunk_20260630-1500-JAYESH,False,within_chunk,2,M1-M-3
ses_20260630-145433-JAYESH,45,2026-06-30T15:16:01.661Z,2026-06-30T15:16:02.362Z,0.701,11,chunk_20260630-1500-JAYESH,chunk_20260630-1500-JAYESH,False,within_chunk,1,M1-C-3
ses_20260630-145433-JAYESH,46,2026-06-30T15:16:03.131Z,2026-06-30T15:16:35.990Z,32.859,68,chunk_20260630-1500-JAYESH,chunk_20260630-1500-JAYESH,False,within_chunk,1,M1-C-3
ses_20260630-145433-JAYESH,47,2026-06-30T15:16:35.994Z,2026-06-30T15:16:36.331Z,0.337,8,chunk_20260630-1500-JAYESH,chunk_20260630-1500-JAYESH,False,within_chunk,0,
ses_20260630-145433-JAYESH,48,2026-06-30T15:16:37.225Z,2026-06-30T15:17:28.133Z,50.908,151,chunk_20260630-1500-JAYESH,chunk_20260630-1500-JAYESH,False,within_chunk,1,M1-H-4
ses_20260630-145433-JAYESH,49,2026-06-30T15:17:32.668Z,2026-06-30T15:18:17.616Z,44.948,132,chunk_20260630-1500-JAYESH,chunk_20260630-1500-JAYESH,False,within_chunk,1,M1-J-3
ses_20260630-145433-JAYESH,50,2026-06-30T15:18:18.038Z,2026-06-30T15:18:37.012Z,18.974,27,chunk_20260630-1500-JAYESH,chunk_20260630-1500-JAYESH,False,within_chunk,1,M1-J-3
ses_20260630-163424-SIDDHIGUPTAB00B,1,2026-06-30T16:34:24.194Z,2026-06-30T16:36:22.054Z,117.86,166,chunk_20260630-1630-SIDDHIGUPTAB00B,chunk_20260630-1630-SIDDHIGUPTAB00B,False,within_chunk,1,M1-D-2
ses_20260630-163424-SIDDHIGUPTAB00B,2,2026-06-30T16:36:25.749Z,2026-06-30T16:36:44.401Z,18.652,46,chunk_20260630-1630-SIDDHIGUPTAB00B,chunk_20260630-1630-SIDDHIGUPTAB00B,False,within_chunk,2,M1-B-1
ses_20260630-163424-SIDDHIGUPTAB00B,3,2026-06-30T16:36:44.535Z,2026-06-30T16:37:03.405Z,18.87,41,chunk_20260630-1630-SIDDHIGUPTAB00B,chunk_20260630-1630-SIDDHIGUPTAB00B,False,within_chunk,1,M1-G-1
ses_20260630-163424-SIDDHIGUPTAB00B,4,2026-06-30T16:37:03.887Z,2026-06-30T16:37:03.979Z,0.092,4,chunk_20260630-1630-SIDDHIGUPTAB00B,chunk_20260630-1630-SIDDHIGUPTAB00B,False,within_chunk,1,M1-B-2
ses_20260630-163424-SIDDHIGUPTAB00B,5,2026-06-30T16:37:04.060Z,2026-06-30T16:37:25.121Z,21.061,65,chunk_20260630-1630-SIDDHIGUPTAB00B,chunk_20260630-1630-SIDDHIGUPTAB00B,False,within_chunk,1,M1-B-2
ses_20260630-163424-SIDDHIGUPTAB00B,6,2026-06-30T16:37:28.304Z,2026-06-30T16:37:28.353Z,0.049,5,chunk_20260630-1630-SIDDHIGUPTAB00B,chunk_20260630-1630-SIDDHIGUPTAB00B,False,within_chunk,1,M1-F-1
ses_20260630-163424-SIDDHIGUPTAB00B,7,2026-06-30T16:37:28.362Z,2026-06-30T16:37:57.490Z,29.128,89,chunk_20260630-1630-SIDDHIGUPTAB00B,chunk_20260630-1630-SIDDHIGUPTAB00B,False,within_chunk,2,M1-F-1
ses_20260630-163424-SIDDHIGUPTAB00B,8,2026-06-30T16:37:57.498Z,2026-06-30T16:38:21.332Z,23.834,93,chunk_20260630-1630-SIDDHIGUPTAB00B,chunk_20260630-1630-SIDDHIGUPTAB00B,False,within_chunk,1,M1-A-1
ses_20260630-163424-SIDDHIGUPTAB00B,9,2026-06-30T16:38:56.481Z,2026-06-30T16:39:31.870Z,35.389,60,chunk_20260630-1630-SIDDHIGUPTAB00B,chunk_20260630-1630-SIDDHIGUPTAB00B,False,within_chunk,1,M1-D-3
ses_20260630-163424-SIDDHIGUPTAB00B,10,2026-06-30T16:39:36.095Z,2026-06-30T16:40:15.772Z,39.677,76,chunk_20260630-1630-SIDDHIGUPTAB00B,chunk_20260630-1630-SIDDHIGUPTAB00B,False,within_chunk,2,M1-E-1
ses_20260630-163424-SIDDHIGUPTAB00B,11,2026-06-30T16:40:15.802Z,2026-06-30T16:40:41.146Z,25.344,81,chunk_20260630-1630-SIDDHIGUPTAB00B,chunk_20260630-1630-SIDDHIGUPTAB00B,False,within_chunk,1,M1-F-2
ses_20260630-163424-SIDDHIGUPTAB00B,12,2026-06-30T16:40:45.352Z,2026-06-30T16:41:19.395Z,34.043,104,chunk_20260630-1630-SIDDHIGUPTAB00B,chunk_20260630-1630-SIDDHIGUPTAB00B,False,within_chunk,2,M1-O-1
ses_20260630-163424-SIDDHIGUPTAB00B,13,2026-06-30T16:41:19.430Z,2026-06-30T16:41:38.922Z,19.492,70,chunk_20260630-1630-SIDDHIGUPTAB00B,chunk_20260630-1630-SIDDHIGUPTAB00B,False,within_chunk,1,M1-G-2
ses_20260630-163424-SIDDHIGUPTAB00B,14,2026-06-30T16:41:43.235Z,2026-06-30T16:42:11.527Z,28.292,63,chunk_20260630-1630-SIDDHIGUPTAB00B,chunk_20260630-1630-SIDDHIGUPTAB00B,False,within_chunk,2,M1-F-3
ses_20260630-163424-SIDDHIGUPTAB00B,15,2026-06-30T16:42:15.419Z,2026-06-30T16:42:33.527Z,18.108,47,chunk_20260630-1630-SIDDHIGUPTAB00B,chunk_20260630-1630-SIDDHIGUPTAB00B,False,within_chunk,1,M1-G-3
ses_20260630-163424-SIDDHIGUPTAB00B,16,2026-06-30T16:42:37.622Z,2026-06-30T16:42:57.973Z,20.351,69,chunk_20260630-1630-SIDDHIGUPTAB00B,chunk_20260630-1630-SIDDHIGUPTAB00B,False,within_chunk,1,M1-J-1
ses_20260630-163424-SIDDHIGUPTAB00B,17,2026-06-30T16:43:02.276Z,2026-06-30T16:43:26.436Z,24.16,61,chunk_20260630-1630-SIDDHIGUPTAB00B,chunk_20260630-1630-SIDDHIGUPTAB00B,False,within_chunk,1,M1-F-4
ses_20260630-163424-SIDDHIGUPTAB00B,18,2026-06-30T16:43:40.240Z,2026-06-30T16:43:42.674Z,2.434,13,chunk_20260630-1630-SIDDHIGUPTAB00B,chunk_20260630-1630-SIDDHIGUPTAB00B,False,within_chunk,2,M1-F-4
ses_20260630-163424-SIDDHIGUPTAB00B,19,2026-06-30T16:43:42.699Z,2026-06-30T16:44:06.278Z,23.579,78,chunk_20260630-1630-SIDDHIGUPTAB00B,chunk_20260630-1630-SIDDHIGUPTAB00B,False,within_chunk,1,M1-J-2
ses_20260630-163424-SIDDHIGUPTAB00B,20,2026-06-30T16:44:37.506Z,2026-06-30T16:44:39.414Z,1.908,7,chunk_20260630-1630-SIDDHIGUPTAB00B,chunk_20260630-1630-SIDDHIGUPTAB00B,False,within_chunk,1,M1-J-2
ses_20260630-163424-SIDDHIGUPTAB00B,21,2026-06-30T16:44:58.002Z,2026-06-30T16:45:38.004Z,40.002,22,chunk_20260630-1630-SIDDHIGUPTAB00B,chunk_20260630-1630-SIDDHIGUPTAB00B,False,within_chunk,2,M1-J-2
ses_20260630-163424-SIDDHIGUPTAB00B,22,2026-06-30T16:45:38.007Z,2026-06-30T16:46:06.785Z,28.778,89,chunk_20260630-1630-SIDDHIGUPTAB00B,chunk_20260630-1630-SIDDHIGUPTAB00B,False,within_chunk,2,M1-G-4
ses_20260630-163424-SIDDHIGUPTAB00B,23,2026-06-30T16:46:06.801Z,2026-06-30T16:46:46.430Z,39.629,104,chunk_20260630-1630-SIDDHIGUPTAB00B,chunk_20260630-1630-SIDDHIGUPTAB00B,False,within_chunk,1,M1-M-1
ses_20260630-163424-SIDDHIGUPTAB00B,24,2026-06-30T16:46:58.252Z,2026-06-30T16:47:26.516Z,28.264,113,chunk_20260630-1630-SIDDHIGUPTAB00B,chunk_20260630-1630-SIDDHIGUPTAB00B,False,within_chunk,2,M1-O-2
ses_20260630-163424-SIDDHIGUPTAB00B,25,2026-06-30T16:47:30.330Z,2026-06-30T16:48:04.241Z,33.911,54,chunk_20260630-1630-SIDDHIGUPTAB00B,chunk_20260630-1630-SIDDHIGUPTAB00B,False,within_chunk,2,M1-M-2
ses_20260630-163424-SIDDHIGUPTAB00B,26,2026-06-30T16:48:04.246Z,2026-06-30T16:49:29.914Z,85.668,118,chunk_20260630-1630-SIDDHIGUPTAB00B,chunk_20260630-1630-SIDDHIGUPTAB00B,False,within_chunk,1,M1-A-2
ses_20260630-163424-SIDDHIGUPTAB00B,27,2026-06-30T16:49:30.336Z,2026-06-30T16:49:57.476Z,27.14,105,chunk_20260630-1630-SIDDHIGUPTAB00B,chunk_20260630-1630-SIDDHIGUPTAB00B,False,within_chunk,2,M1-J-3
ses_20260630-163424-SIDDHIGUPTAB00B,28,2026-06-30T16:49:57.491Z,2026-06-30T16:50:25.900Z,28.409,88,chunk_20260630-1630-SIDDHIGUPTAB00B,chunk_20260630-1630-SIDDHIGUPTAB00B,False,within_chunk,2,M1-O-3
ses_20260630-163424-SIDDHIGUPTAB00B,29,2026-06-30T16:50:25.915Z,2026-06-30T16:51:02.236Z,36.321,78,chunk_20260630-1630-SIDDHIGUPTAB00B,chunk_20260630-1630-SIDDHIGUPTAB00B,False,within_chunk,1,M1-B-3
ses_20260630-163424-SIDDHIGUPTAB00B,30,2026-06-30T16:51:05.544Z,2026-06-30T16:51:51.971Z,46.427,127,chunk_20260630-1630-SIDDHIGUPTAB00B,chunk_20260630-1630-SIDDHIGUPTAB00B,False,within_chunk,1,M1-E-3
ses_20260630-163424-SIDDHIGUPTAB00B,31,2026-06-30T16:51:55.404Z,2026-06-30T16:52:16.536Z,21.132,70,chunk_20260630-1630-SIDDHIGUPTAB00B,chunk_20260630-1630-SIDDHIGUPTAB00B,False,within_chunk,1,M1-B-4
ses_20260630-163424-SIDDHIGUPTAB00B,32,2026-06-30T16:52:20.503Z,2026-06-30T16:52:44.174Z,23.671,60,chunk_20260630-1630-SIDDHIGUPTAB00B,chunk_20260630-1630-SIDDHIGUPTAB00B,False,within_chunk,0,
ses_20260630-163424-SIDDHIGUPTAB00B,33,2026-06-30T16:53:26.324Z,2026-06-30T16:53:48.150Z,21.826,76,chunk_20260630-1630-SIDDHIGUPTAB00B,chunk_20260630-1630-SIDDHIGUPTAB00B,False,within_chunk,1,M1-A-4
ses_20260630-163424-SIDDHIGUPTAB00B,34,2026-06-30T16:54:25.960Z,2026-06-30T16:55:05.406Z,39.446,97,chunk_20260630-1630-SIDDHIGUPTAB00B,chunk_20260630-1630-SIDDHIGUPTAB00B,False,within_chunk,2,M1-M-3
ses_20260630-163424-SIDDHIGUPTAB00B,35,2026-06-30T16:55:05.943Z,2026-06-30T17:00:13.147Z,307.204,44,chunk_20260630-1630-SIDDHIGUPTAB00B,chunk_20260630-1700-SIDDHIGUPTAB00B,True,continuation_across_chunk,1,M1-M-3
ses_20260630-164418-MSI,1,2026-06-30T16:44:18.982Z,2026-06-30T16:44:36.549Z,17.567,47,chunk_20260630-1630-MSI,chunk_20260630-1630-MSI,False,within_chunk,0,
ses_20260630-164418-MSI,2,2026-06-30T16:45:20.108Z,2026-06-30T16:45:20.719Z,0.611,5,chunk_20260630-1630-MSI,chunk_20260630-1630-MSI,False,within_chunk,1,M1-A-1
ses_20260630-164418-MSI,3,2026-06-30T16:45:20.755Z,2026-06-30T16:45:42.423Z,21.668,79,chunk_20260630-1630-MSI,chunk_20260630-1630-MSI,False,within_chunk,1,M1-A-1
ses_20260630-164418-MSI,4,2026-06-30T16:45:47.091Z,2026-06-30T16:46:01.337Z,14.246,40,chunk_20260630-1630-MSI,chunk_20260630-1630-MSI,False,within_chunk,1,M1-B-1
ses_20260630-164418-MSI,5,2026-06-30T16:46:05.626Z,2026-06-30T16:46:33.610Z,27.984,86,chunk_20260630-1630-MSI,chunk_20260630-1630-MSI,False,within_chunk,2,M1-A-2
ses_20260630-164418-MSI,6,2026-06-30T16:46:33.618Z,2026-06-30T16:46:58.477Z,24.859,83,chunk_20260630-1630-MSI,chunk_20260630-1630-MSI,False,within_chunk,2,M1-O-1
ses_20260630-164418-MSI,7,2026-06-30T16:46:58.531Z,2026-06-30T16:47:21.782Z,23.251,95,chunk_20260630-1630-MSI,chunk_20260630-1630-MSI,False,within_chunk,1,M1-A-3
ses_20260630-164418-MSI,8,2026-06-30T16:47:22.173Z,2026-06-30T16:47:22.326Z,0.153,5,chunk_20260630-1630-MSI,chunk_20260630-1630-MSI,False,within_chunk,0,
ses_20260630-164418-MSI,9,2026-06-30T16:47:22.386Z,2026-06-30T16:48:16.048Z,53.662,170,chunk_20260630-1630-MSI,chunk_20260630-1630-MSI,False,within_chunk,1,M1-F-2
ses_20260630-164418-MSI,10,2026-06-30T16:48:32.463Z,2026-06-30T16:48:34.283Z,1.82,7,chunk_20260630-1630-MSI,chunk_20260630-1630-MSI,False,within_chunk,0,
ses_20260630-164418-MSI,11,2026-06-30T16:48:34.727Z,2026-06-30T16:49:11.569Z,36.842,92,chunk_20260630-1630-MSI,chunk_20260630-1630-MSI,False,within_chunk,2,M1-N-1
ses_20260630-164418-MSI,12,2026-06-30T16:49:11.587Z,2026-06-30T16:49:29.598Z,18.011,66,chunk_20260630-1630-MSI,chunk_20260630-1630-MSI,False,within_chunk,1,M1-B-2
ses_20260630-164418-MSI,13,2026-06-30T16:49:33.091Z,2026-06-30T16:50:10.882Z,37.791,83,chunk_20260630-1630-MSI,chunk_20260630-1630-MSI,False,within_chunk,1,M1-C-1
ses_20260630-164418-MSI,14,2026-06-30T16:50:27.573Z,2026-06-30T16:51:35.844Z,68.271,152,chunk_20260630-1630-MSI,chunk_20260630-1630-MSI,False,within_chunk,2,M1-D-2
ses_20260630-164418-MSI,15,2026-06-30T16:51:39.566Z,2026-06-30T16:52:16.123Z,36.557,55,chunk_20260630-1630-MSI,chunk_20260630-1630-MSI,False,within_chunk,2,M1-C-2
ses_20260630-164418-MSI,16,2026-06-30T16:52:16.155Z,2026-06-30T16:52:46.564Z,30.409,107,chunk_20260630-1630-MSI,chunk_20260630-1630-MSI,False,within_chunk,2,M1-F-3
ses_20260630-164418-MSI,17,2026-06-30T16:52:46.587Z,2026-06-30T16:53:07.573Z,20.986,81,chunk_20260630-1630-MSI,chunk_20260630-1630-MSI,False,within_chunk,1,M1-A-4
ses_20260630-164418-MSI,18,2026-06-30T16:53:11.289Z,2026-06-30T16:54:07.961Z,56.672,105,chunk_20260630-1630-MSI,chunk_20260630-1630-MSI,False,within_chunk,2,M1-D-3
ses_20260630-164418-MSI,19,2026-06-30T16:54:12.228Z,2026-06-30T16:54:48.757Z,36.529,73,chunk_20260630-1630-MSI,chunk_20260630-1630-MSI,False,within_chunk,2,M1-C-3
ses_20260630-164418-MSI,20,2026-06-30T16:54:48.801Z,2026-06-30T16:55:29.109Z,40.308,106,chunk_20260630-1630-MSI,chunk_20260630-1630-MSI,False,within_chunk,2,M1-M-1
ses_20260630-164418-MSI,21,2026-06-30T16:55:29.140Z,2026-06-30T16:55:54.100Z,24.96,99,chunk_20260630-1630-MSI,chunk_20260630-1630-MSI,False,within_chunk,2,M1-F-4
ses_20260630-164418-MSI,22,2026-06-30T16:55:54.134Z,2026-06-30T16:56:21.079Z,26.945,90,chunk_20260630-1630-MSI,chunk_20260630-1630-MSI,False,within_chunk,1,M1-B-4
ses_20260630-164418-MSI,23,2026-06-30T16:56:56.454Z,2026-06-30T16:56:57.739Z,1.285,6,chunk_20260630-1630-MSI,chunk_20260630-1630-MSI,False,within_chunk,1,M1-B-4
ses_20260630-164418-MSI,24,2026-06-30T16:57:16.354Z,2026-06-30T16:57:47.165Z,30.811,9,chunk_20260630-1630-MSI,chunk_20260630-1630-MSI,False,within_chunk,1,M1-B-4
ses_20260630-164418-MSI,25,2026-06-30T16:58:05.398Z,2026-06-30T16:58:36.954Z,31.556,102,chunk_20260630-1630-MSI,chunk_20260630-1630-MSI,False,within_chunk,3,M1-O-2
ses_20260630-164418-MSI,26,2026-06-30T16:58:36.978Z,2026-06-30T16:59:16.460Z,39.482,99,chunk_20260630-1630-MSI,chunk_20260630-1630-MSI,False,within_chunk,2,M1-C-4
ses_20260630-164418-MSI,27,2026-06-30T16:59:16.491Z,2026-06-30T16:59:43.802Z,27.311,91,chunk_20260630-1630-MSI,chunk_20260630-1630-MSI,False,within_chunk,2,M1-F-5
ses_20260630-164418-MSI,28,2026-06-30T16:59:43.840Z,2026-06-30T17:00:18.264Z,34.424,87,chunk_20260630-1630-MSI,chunk_20260630-1700-MSI,True,continuation_across_chunk,1,M1-N-2
ses_20260630-164418-MSI,29,2026-06-30T17:00:21.956Z,2026-06-30T17:00:54.721Z,32.765,71,chunk_20260630-1700-MSI,chunk_20260630-1700-MSI,False,within_chunk,1,M1-M-2
ses_20260630-164418-MSI,30,2026-06-30T17:00:58.920Z,2026-06-30T17:01:22.648Z,23.728,78,chunk_20260630-1700-MSI,chunk_20260630-1700-MSI,False,within_chunk,1,M1-O-3
ses_20260630-164418-MSI,31,2026-06-30T17:01:24.412Z,2026-06-30T17:02:06.533Z,42.121,62,chunk_20260630-1700-MSI,chunk_20260630-1700-MSI,False,within_chunk,2,M1-N-3
ses_20260630-164418-MSI,32,2026-06-30T17:02:10.780Z,2026-06-30T17:02:48.842Z,38.062,74,chunk_20260630-1700-MSI,chunk_20260630-1700-MSI,False,within_chunk,1,M1-M-3
ses_20260630-164418-MSI,33,2026-06-30T17:03:41.379Z,2026-06-30T17:03:43.021Z,1.642,6,chunk_20260630-1700-MSI,chunk_20260630-1700-MSI,False,within_chunk,1,M1-M-3
ses_20260630-164418-MSI,34,2026-06-30T17:03:54.666Z,2026-06-30T17:03:55.576Z,0.91,5,chunk_20260630-1700-MSI,chunk_20260630-1700-MSI,False,within_chunk,1,M1-M-3
ses_20260630-164418-MSI,35,2026-06-30T17:03:56.633Z,2026-06-30T17:04:27.786Z,31.153,116,chunk_20260630-1700-MSI,chunk_20260630-1700-MSI,False,within_chunk,3,M1-E-1
ses_20260630-164418-MSI,36,2026-06-30T17:04:27.789Z,2026-06-30T17:05:04.964Z,37.175,97,chunk_20260630-1700-MSI,chunk_20260630-1700-MSI,False,within_chunk,1,M1-M-4
ses_20260630-164418-MSI,37,2026-06-30T17:05:04.985Z,2026-06-30T17:05:31.532Z,26.547,103,chunk_20260630-1700-MSI,chunk_20260630-1700-MSI,False,within_chunk,0,
ses_20260630-164418-MSI,38,2026-06-30T17:05:33.316Z,2026-06-30T17:09:40.061Z,246.745,116,chunk_20260630-1700-MSI,chunk_20260630-1700-MSI,False,within_chunk,1,M1-E-3
ses_20260701-005920-yuvraj,1,2026-07-01T00:59:20.021Z,2026-07-01T01:00:41.293Z,81.272,61,chunk_20260701-0030-yuvraj,chunk_20260701-0100-yuvraj,True,continuation_across_chunk,2,M1-O-1
ses_20260701-005920-yuvraj,2,2026-07-01T01:00:41.301Z,2026-07-01T01:01:02.974Z,21.673,84,chunk_20260701-0100-yuvraj,chunk_20260701-0100-yuvraj,False,within_chunk,1,M1-F-1
ses_20260701-005920-yuvraj,3,2026-07-01T01:01:06.809Z,2026-07-01T01:01:25.301Z,18.492,47,chunk_20260701-0100-yuvraj,chunk_20260701-0100-yuvraj,False,within_chunk,1,M1-G-1
ses_20260701-005920-yuvraj,4,2026-07-01T01:01:29.607Z,2026-07-01T01:01:53.578Z,23.971,56,chunk_20260701-0100-yuvraj,chunk_20260701-0100-yuvraj,False,within_chunk,1,M1-H-1
ses_20260701-005920-yuvraj,5,2026-07-01T01:01:54.927Z,2026-07-01T01:02:20.374Z,25.447,45,chunk_20260701-0100-yuvraj,chunk_20260701-0100-yuvraj,False,within_chunk,2,M1-G-2
ses_20260701-005920-yuvraj,6,2026-07-01T01:02:20.846Z,2026-07-01T01:02:46.379Z,25.533,85,chunk_20260701-0100-yuvraj,chunk_20260701-0100-yuvraj,False,within_chunk,1,M1-K-1
ses_20260701-005920-yuvraj,7,2026-07-01T01:02:50.413Z,2026-07-01T01:03:30.481Z,40.068,97,chunk_20260701-0100-yuvraj,chunk_20260701-0100-yuvraj,False,within_chunk,2,M1-O-2
ses_20260701-005920-yuvraj,8,2026-07-01T01:03:57.664Z,2026-07-01T01:04:11.136Z,13.472,8,chunk_20260701-0100-yuvraj,chunk_20260701-0100-yuvraj,False,within_chunk,1,M1-L-1
ses_20260701-005920-yuvraj,9,2026-07-01T01:04:14.640Z,2026-07-01T01:04:36.228Z,21.588,56,chunk_20260701-0100-yuvraj,chunk_20260701-0100-yuvraj,False,within_chunk,2,M1-O-3
ses_20260701-005920-yuvraj,10,2026-07-01T01:04:36.241Z,2026-07-01T01:05:10.002Z,33.761,71,chunk_20260701-0100-yuvraj,chunk_20260701-0100-yuvraj,False,within_chunk,1,M1-C-1
ses_20260701-005920-yuvraj,11,2026-07-01T01:05:36.306Z,2026-07-01T01:05:56.866Z,20.56,52,chunk_20260701-0100-yuvraj,chunk_20260701-0100-yuvraj,False,within_chunk,1,M1-A-1
ses_20260701-005920-yuvraj,12,2026-07-01T01:06:00.575Z,2026-07-01T01:07:08.368Z,67.793,103,chunk_20260701-0100-yuvraj,chunk_20260701-0100-yuvraj,False,within_chunk,1,M1-C-3
ses_20260701-005920-yuvraj,13,2026-07-01T01:07:12.358Z,2026-07-01T01:07:12.422Z,0.064,5,chunk_20260701-0100-yuvraj,chunk_20260701-0100-yuvraj,False,within_chunk,1,M1-H-2
ses_20260701-005920-yuvraj,14,2026-07-01T01:07:12.460Z,2026-07-01T01:07:38.031Z,25.571,83,chunk_20260701-0100-yuvraj,chunk_20260701-0100-yuvraj,False,within_chunk,1,M1-H-2
ses_20260701-005920-yuvraj,15,2026-07-01T01:07:38.061Z,2026-07-01T01:09:49.361Z,131.3,160,chunk_20260701-0100-yuvraj,chunk_20260701-0100-yuvraj,False,within_chunk,2,M1-K-3
ses_20260701-005920-yuvraj,16,2026-07-01T01:09:49.409Z,2026-07-01T01:10:19.567Z,30.158,85,chunk_20260701-0100-yuvraj,chunk_20260701-0100-yuvraj,False,within_chunk,2,M1-H-3
ses_20260701-005920-yuvraj,17,2026-07-01T01:10:19.614Z,2026-07-01T01:10:42.197Z,22.583,73,chunk_20260701-0100-yuvraj,chunk_20260701-0100-yuvraj,False,within_chunk,1,M1-L-2
ses_20260701-005920-yuvraj,18,2026-07-01T01:11:20.527Z,2026-07-01T01:11:47.739Z,27.212,91,chunk_20260701-0100-yuvraj,chunk_20260701-0100-yuvraj,False,within_chunk,2,M1-F-2
ses_20260701-005920-yuvraj,19,2026-07-01T01:11:47.771Z,2026-07-01T01:12:14.220Z,26.449,81,chunk_20260701-0100-yuvraj,chunk_20260701-0100-yuvraj,False,within_chunk,2,M1-K-4
ses_20260701-005920-yuvraj,20,2026-07-01T01:12:14.270Z,2026-07-01T01:12:55.109Z,40.839,82,chunk_20260701-0100-yuvraj,chunk_20260701-0100-yuvraj,False,within_chunk,2,M1-C-4
ses_20260701-005920-yuvraj,21,2026-07-01T01:12:55.123Z,2026-07-01T01:13:18.451Z,23.328,77,chunk_20260701-0100-yuvraj,chunk_20260701-0100-yuvraj,False,within_chunk,2,M1-G-3
ses_20260701-005920-yuvraj,22,2026-07-01T01:13:18.480Z,2026-07-01T01:13:42.795Z,24.315,84,chunk_20260701-0100-yuvraj,chunk_20260701-0100-yuvraj,False,within_chunk,2,M1-A-2
ses_20260701-005920-yuvraj,23,2026-07-01T01:13:42.810Z,2026-07-01T01:14:11.021Z,28.211,99,chunk_20260701-0100-yuvraj,chunk_20260701-0100-yuvraj,False,within_chunk,2,M1-F-3
ses_20260701-005920-yuvraj,24,2026-07-01T01:14:11.034Z,2026-07-01T01:14:40.163Z,29.129,90,chunk_20260701-0100-yuvraj,chunk_20260701-0100-yuvraj,False,within_chunk,2,M1-A-3
ses_20260701-005920-yuvraj,25,2026-07-01T01:14:40.191Z,2026-07-01T01:14:56.947Z,16.756,64,chunk_20260701-0100-yuvraj,chunk_20260701-0100-yuvraj,False,within_chunk,1,M1-L-3
ses_20260701-005920-yuvraj,26,2026-07-01T01:15:31.794Z,2026-07-01T01:15:57.351Z,25.557,66,chunk_20260701-0100-yuvraj,chunk_20260701-0100-yuvraj,False,within_chunk,1,M1-K-5
ses_20260701-005920-yuvraj,27,2026-07-01T01:16:19.518Z,2026-07-01T01:17:08.050Z,48.532,147,chunk_20260701-0100-yuvraj,chunk_20260701-0100-yuvraj,False,within_chunk,3,M1-J-2
ses_20260701-005920-yuvraj,28,2026-07-01T01:17:08.098Z,2026-07-01T01:19:13.698Z,125.6,98,chunk_20260701-0100-yuvraj,chunk_20260701-0100-yuvraj,False,within_chunk,1,M1-L-4
ses_20260701-005920-yuvraj,29,2026-07-01T01:19:13.946Z,2026-07-01T01:19:16.438Z,2.492,8,chunk_20260701-0100-yuvraj,chunk_20260701-0100-yuvraj,False,within_chunk,2,M1-L-4
ses_20260701-005920-yuvraj,30,2026-07-01T01:19:16.480Z,2026-07-01T01:19:27.294Z,10.814,40,chunk_20260701-0100-yuvraj,chunk_20260701-0100-yuvraj,False,within_chunk,1,M1-I-1
ses_20260701-005920-yuvraj,31,2026-07-01T01:19:49.238Z,2026-07-01T01:20:14.255Z,25.017,37,chunk_20260701-0100-yuvraj,chunk_20260701-0100-yuvraj,False,within_chunk,1,M1-I-1
ses_20260701-005920-yuvraj,32,2026-07-01T01:20:17.944Z,2026-07-01T01:20:42.152Z,24.208,67,chunk_20260701-0100-yuvraj,chunk_20260701-0100-yuvraj,False,within_chunk,1,M1-J-3
ses_20260701-005920-yuvraj,33,2026-07-01T01:20:43.263Z,2026-07-01T01:20:55.524Z,12.261,12,chunk_20260701-0100-yuvraj,chunk_20260701-0100-yuvraj,False,within_chunk,1,M1-J-3
ses_20260701-005920-yuvraj,34,2026-07-01T01:21:26.431Z,2026-07-01T01:22:06.196Z,39.765,44,chunk_20260701-0100-yuvraj,chunk_20260701-0100-yuvraj,False,within_chunk,1,M1-I-3
ses_20260701-005920-yuvraj,35,2026-07-01T01:22:31.433Z,2026-07-01T01:22:49.037Z,17.604,10,chunk_20260701-0100-yuvraj,chunk_20260701-0100-yuvraj,False,within_chunk,1,M1-I-3
ses_20260701-005920-yuvraj,36,2026-07-01T01:22:49.780Z,2026-07-01T01:23:03.359Z,13.579,35,chunk_20260701-0100-yuvraj,chunk_20260701-0100-yuvraj,False,within_chunk,1,M1-I-3
ses_20260701-005920-yuvraj,37,2026-07-01T01:25:39.543Z,2026-07-01T01:26:30.563Z,51.02,173,chunk_20260701-0100-yuvraj,chunk_20260701-0100-yuvraj,False,within_chunk,0,
ses_20260701-005920-yuvraj,38,2026-07-01T01:26:44.610Z,2026-07-01T01:28:07.978Z,83.368,65,chunk_20260701-0100-yuvraj,chunk_20260701-0100-yuvraj,False,within_chunk,0,
ses_20260701-014804-yuvraj,1,2026-07-01T01:48:04.380Z,2026-07-01T01:49:32.244Z,87.864,68,chunk_20260701-0130-yuvraj,chunk_20260701-0130-yuvraj,False,within_chunk,1,M1-J-1
ses_20260701-014804-yuvraj,2,2026-07-01T01:49:32.253Z,2026-07-01T01:49:32.782Z,0.529,10,chunk_20260701-0130-yuvraj,chunk_20260701-0130-yuvraj,False,within_chunk,0,
ses_20260701-014804-yuvraj,3,2026-07-01T01:49:33.664Z,2026-07-01T01:50:32.507Z,58.843,204,chunk_20260701-0130-yuvraj,chunk_20260701-0130-yuvraj,False,within_chunk,2,M1-L-2
ses_20260701-014804-yuvraj,4,2026-07-01T01:50:32.556Z,2026-07-01T01:51:08.155Z,35.599,76,chunk_20260701-0130-yuvraj,chunk_20260701-0130-yuvraj,False,within_chunk,2,M1-D-1
ses_20260701-014804-yuvraj,5,2026-07-01T01:51:08.207Z,2026-07-01T01:51:30.845Z,22.638,74,chunk_20260701-0130-yuvraj,chunk_20260701-0130-yuvraj,False,within_chunk,1,M1-K-1
ses_20260701-014804-yuvraj,6,2026-07-01T01:51:32.284Z,2026-07-01T01:51:37.731Z,5.447,8,chunk_20260701-0130-yuvraj,chunk_20260701-0130-yuvraj,False,within_chunk,2,M1-K-1
ses_20260701-014804-yuvraj,7,2026-07-01T01:51:37.737Z,2026-07-01T01:52:04.374Z,26.637,90,chunk_20260701-0130-yuvraj,chunk_20260701-0130-yuvraj,False,within_chunk,1,M1-F-1
ses_20260701-014804-yuvraj,8,2026-07-01T01:52:41.748Z,2026-07-01T01:53:01.038Z,19.29,53,chunk_20260701-0130-yuvraj,chunk_20260701-0130-yuvraj,False,within_chunk,1,M1-J-2
ses_20260701-014804-yuvraj,9,2026-07-01T01:53:05.153Z,2026-07-01T01:53:23.758Z,18.605,43,chunk_20260701-0130-yuvraj,chunk_20260701-0130-yuvraj,False,within_chunk,2,M1-G-1
ses_20260701-014804-yuvraj,10,2026-07-01T01:53:23.780Z,2026-07-01T01:53:53.951Z,30.171,94,chunk_20260701-0130-yuvraj,chunk_20260701-0130-yuvraj,False,within_chunk,2,M1-K-2
ses_20260701-014804-yuvraj,11,2026-07-01T01:53:53.960Z,2026-07-01T01:54:15.515Z,21.555,76,chunk_20260701-0130-yuvraj,chunk_20260701-0130-yuvraj,False,within_chunk,1,M1-F-2
ses_20260701-014804-yuvraj,12,2026-07-01T01:54:51.706Z,2026-07-01T01:57:45.053Z,173.347,283,chunk_20260701-0130-yuvraj,chunk_20260701-0130-yuvraj,False,within_chunk,3,M1-K-4
ses_20260701-014804-yuvraj,13,2026-07-01T01:57:45.091Z,2026-07-01T01:58:10.264Z,25.173,75,chunk_20260701-0130-yuvraj,chunk_20260701-0130-yuvraj,False,within_chunk,2,M1-L-3
ses_20260701-014804-yuvraj,14,2026-07-01T01:58:10.302Z,2026-07-01T01:58:32.566Z,22.264,78,chunk_20260701-0130-yuvraj,chunk_20260701-0130-yuvraj,False,within_chunk,1,M1-F-3
ses_20260701-014804-yuvraj,15,2026-07-01T01:58:57.456Z,2026-07-01T01:59:02.133Z,4.677,8,chunk_20260701-0130-yuvraj,chunk_20260701-0130-yuvraj,False,within_chunk,1,M1-I-1
ses_20260701-014804-yuvraj,16,2026-07-01T01:59:37.002Z,2026-07-01T02:00:10.314Z,33.312,42,chunk_20260701-0130-yuvraj,chunk_20260701-0200-yuvraj,True,continuation_across_chunk,2,M1-I-1
ses_20260701-014804-yuvraj,17,2026-07-01T02:00:10.337Z,2026-07-01T02:00:36.505Z,26.168,82,chunk_20260701-0200-yuvraj,chunk_20260701-0200-yuvraj,False,within_chunk,2,M1-K-5
ses_20260701-014804-yuvraj,18,2026-07-01T02:00:36.507Z,2026-07-01T02:01:08.995Z,32.488,70,chunk_20260701-0200-yuvraj,chunk_20260701-0200-yuvraj,False,within_chunk,2,M1-D-2
ses_20260701-014804-yuvraj,19,2026-07-01T02:01:09.070Z,2026-07-01T02:01:46.802Z,37.732,77,chunk_20260701-0200-yuvraj,chunk_20260701-0200-yuvraj,False,within_chunk,2,M1-M-1
ses_20260701-014804-yuvraj,20,2026-07-01T02:01:46.824Z,2026-07-01T02:02:58.845Z,72.021,150,chunk_20260701-0200-yuvraj,chunk_20260701-0200-yuvraj,False,within_chunk,3,M1-M-2
ses_20260701-014804-yuvraj,21,2026-07-01T02:02:58.858Z,2026-07-01T02:04:06.928Z,68.07,71,chunk_20260701-0200-yuvraj,chunk_20260701-0200-yuvraj,False,within_chunk,1,M1-I-2
ses_20260701-014804-yuvraj,22,2026-07-01T02:04:11.179Z,2026-07-01T02:04:32.853Z,21.674,61,chunk_20260701-0200-yuvraj,chunk_20260701-0200-yuvraj,False,within_chunk,1,M1-J-3
ses_20260701-014804-yuvraj,23,2026-07-01T02:04:56.773Z,2026-07-01T02:05:33.506Z,36.733,89,chunk_20260701-0200-yuvraj,chunk_20260701-0200-yuvraj,False,within_chunk,3,M1-M-3
ses_20260701-014804-yuvraj,24,2026-07-01T02:05:33.566Z,2026-07-01T02:06:02.710Z,29.144,89,chunk_20260701-0200-yuvraj,chunk_20260701-0200-yuvraj,False,within_chunk,2,M1-H-1
ses_20260701-014804-yuvraj,25,2026-07-01T02:06:02.716Z,2026-07-01T02:06:36.244Z,33.528,81,chunk_20260701-0200-yuvraj,chunk_20260701-0200-yuvraj,False,within_chunk,1,M1-M-4
ses_20260701-014804-yuvraj,26,2026-07-01T02:06:36.263Z,2026-07-01T02:07:29.396Z,53.133,146,chunk_20260701-0200-yuvraj,chunk_20260701-0200-yuvraj,False,within_chunk,0,
ses_20260701-014804-yuvraj,27,2026-07-01T02:07:49.168Z,2026-07-01T02:08:12.358Z,23.19,62,chunk_20260701-0200-yuvraj,chunk_20260701-0200-yuvraj,False,within_chunk,1,M1-H-4
ses_20260701-014804-yuvraj,28,2026-07-01T02:08:13.000Z,2026-07-01T02:08:13.100Z,0.1,6,chunk_20260701-0200-yuvraj,chunk_20260701-0200-yuvraj,False,within_chunk,0,
ses_20260701-014804-yuvraj,29,2026-07-01T02:08:13.145Z,2026-07-01T02:09:35.265Z,82.12,202,chunk_20260701-0200-yuvraj,chunk_20260701-0200-yuvraj,False,within_chunk,2,M1-O-3
ses_20260701-014804-yuvraj,30,2026-07-01T02:09:35.299Z,2026-07-01T02:09:41.818Z,6.519,33,chunk_20260701-0200-yuvraj,chunk_20260701-0200-yuvraj,False,within_chunk,1,M1-I-3
ses_20260701-014804-yuvraj,31,2026-07-01T02:10:08.112Z,2026-07-01T02:10:34.751Z,26.639,36,chunk_20260701-0200-yuvraj,chunk_20260701-0200-yuvraj,False,within_chunk,1,M1-I-3
ses_20260701-014804-yuvraj,32,2026-07-01T02:10:36.090Z,2026-07-01T02:20:24.200Z,588.11,213,chunk_20260701-0200-yuvraj,chunk_20260701-0200-yuvraj,False,within_chunk,1,M1-I-3
ses_20260701-022828-yuvraj,1,2026-07-01T02:28:28.374Z,2026-07-01T02:29:45.488Z,77.114,57,chunk_20260701-0200-yuvraj,chunk_20260701-0200-yuvraj,False,within_chunk,1,M1-K-1
ses_20260701-022828-yuvraj,2,2026-07-01T02:30:31.133Z,2026-07-01T02:30:50.004Z,18.871,47,chunk_20260701-0200-yuvraj,chunk_20260701-0230-yuvraj,True,continuation_across_chunk,1,M1-L-1
ses_20260701-022828-yuvraj,3,2026-07-01T02:30:53.468Z,2026-07-01T02:30:53.561Z,0.093,5,chunk_20260701-0230-yuvraj,chunk_20260701-0230-yuvraj,False,within_chunk,0,
ses_20260701-022828-yuvraj,4,2026-07-01T02:30:53.564Z,2026-07-01T02:32:22.657Z,89.093,178,chunk_20260701-0230-yuvraj,chunk_20260701-0230-yuvraj,False,within_chunk,1,M1-I-2
ses_20260701-022828-yuvraj,5,2026-07-01T02:32:47.261Z,2026-07-01T02:32:48.328Z,1.067,4,chunk_20260701-0230-yuvraj,chunk_20260701-0230-yuvraj,False,within_chunk,1,M1-I-2
ses_20260701-022828-yuvraj,6,2026-07-01T02:33:01.628Z,2026-07-01T02:33:03.267Z,1.639,5,chunk_20260701-0230-yuvraj,chunk_20260701-0230-yuvraj,False,within_chunk,1,M1-I-2
ses_20260701-022828-yuvraj,7,2026-07-01T02:33:03.508Z,2026-07-01T02:33:14.586Z,11.078,35,chunk_20260701-0230-yuvraj,chunk_20260701-0230-yuvraj,False,within_chunk,2,M1-I-2
ses_20260701-022828-yuvraj,8,2026-07-01T02:33:14.611Z,2026-07-01T02:33:52.112Z,37.501,74,chunk_20260701-0230-yuvraj,chunk_20260701-0230-yuvraj,False,within_chunk,1,M1-C-1
ses_20260701-022828-yuvraj,9,2026-07-01T02:33:52.642Z,2026-07-01T02:33:52.750Z,0.108,4,chunk_20260701-0230-yuvraj,chunk_20260701-0230-yuvraj,False,within_chunk,1,M1-O-1
ses_20260701-022828-yuvraj,10,2026-07-01T02:33:52.811Z,2026-07-01T02:34:58.988Z,66.177,245,chunk_20260701-0230-yuvraj,chunk_20260701-0230-yuvraj,False,within_chunk,2,M1-O-1
ses_20260701-022828-yuvraj,11,2026-07-01T02:35:45.691Z,2026-07-01T02:36:53.331Z,67.64,80,chunk_20260701-0230-yuvraj,chunk_20260701-0230-yuvraj,False,within_chunk,2,M1-I-3
ses_20260701-022828-yuvraj,12,2026-07-01T02:36:53.363Z,2026-07-01T02:37:28.346Z,34.983,83,chunk_20260701-0230-yuvraj,chunk_20260701-0230-yuvraj,False,within_chunk,1,M1-C-2
ses_20260701-022828-yuvraj,13,2026-07-01T02:37:28.387Z,2026-07-01T02:37:51.220Z,22.833,83,chunk_20260701-0230-yuvraj,chunk_20260701-0230-yuvraj,False,within_chunk,0,
ses_20260701-022828-yuvraj,14,2026-07-01T02:38:44.264Z,2026-07-01T02:40:48.427Z,124.163,79,chunk_20260701-0230-yuvraj,chunk_20260701-0230-yuvraj,False,within_chunk,1,M1-K-4
ses_20260701-022828-yuvraj,15,2026-07-01T02:40:48.939Z,2026-07-01T02:41:16.505Z,27.566,90,chunk_20260701-0230-yuvraj,chunk_20260701-0230-yuvraj,False,within_chunk,2,M1-H-1
ses_20260701-022828-yuvraj,16,2026-07-01T02:41:16.538Z,2026-07-01T02:41:52.925Z,36.387,69,chunk_20260701-0230-yuvraj,chunk_20260701-0230-yuvraj,False,within_chunk,1,M1-D-1
ses_20260701-022828-yuvraj,17,2026-07-01T02:41:56.829Z,2026-07-01T02:42:34.133Z,37.304,49,chunk_20260701-0230-yuvraj,chunk_20260701-0230-yuvraj,False,within_chunk,2,M1-C-3
ses_20260701-022828-yuvraj,18,2026-07-01T02:42:34.159Z,2026-07-01T02:43:20.182Z,46.023,190,chunk_20260701-0230-yuvraj,chunk_20260701-0230-yuvraj,False,within_chunk,2,M1-H-2
ses_20260701-022828-yuvraj,19,2026-07-01T02:43:20.237Z,2026-07-01T02:43:52.606Z,32.369,68,chunk_20260701-0230-yuvraj,chunk_20260701-0230-yuvraj,False,within_chunk,2,M1-D-2
ses_20260701-022828-yuvraj,20,2026-07-01T02:43:52.635Z,2026-07-01T02:44:17.719Z,25.084,87,chunk_20260701-0230-yuvraj,chunk_20260701-0230-yuvraj,False,within_chunk,2,M1-O-2
ses_20260701-022828-yuvraj,21,2026-07-01T02:44:17.740Z,2026-07-01T02:44:46.414Z,28.674,86,chunk_20260701-0230-yuvraj,chunk_20260701-0230-yuvraj,False,within_chunk,2,M1-H-3
ses_20260701-022828-yuvraj,22,2026-07-01T02:44:46.428Z,2026-07-01T02:45:21.057Z,34.629,78,chunk_20260701-0230-yuvraj,chunk_20260701-0230-yuvraj,False,within_chunk,1,M1-C-4
ses_20260701-022828-yuvraj,23,2026-07-01T02:45:24.504Z,2026-07-01T02:45:53.246Z,28.742,60,chunk_20260701-0230-yuvraj,chunk_20260701-0230-yuvraj,False,within_chunk,2,M1-E-1
ses_20260701-022828-yuvraj,24,2026-07-01T02:46:13.426Z,2026-07-01T02:46:15.042Z,1.616,6,chunk_20260701-0230-yuvraj,chunk_20260701-0230-yuvraj,False,within_chunk,1,M1-D-3
ses_20260701-022828-yuvraj,25,2026-07-01T02:46:17.106Z,2026-07-01T02:46:25.798Z,8.692,34,chunk_20260701-0230-yuvraj,chunk_20260701-0230-yuvraj,False,within_chunk,2,M1-D-3
ses_20260701-022828-yuvraj,26,2026-07-01T02:46:25.830Z,2026-07-01T02:46:51.195Z,25.365,83,chunk_20260701-0230-yuvraj,chunk_20260701-0230-yuvraj,False,within_chunk,2,M1-H-4
ses_20260701-022828-yuvraj,27,2026-07-01T02:46:51.248Z,2026-07-01T02:47:12.385Z,21.137,70,chunk_20260701-0230-yuvraj,chunk_20260701-0230-yuvraj,False,within_chunk,1,M1-L-2
ses_20260701-022828-yuvraj,28,2026-07-01T02:47:15.867Z,2026-07-01T02:47:43.074Z,27.207,69,chunk_20260701-0230-yuvraj,chunk_20260701-0230-yuvraj,False,within_chunk,2,M1-O-3
ses_20260701-022828-yuvraj,29,2026-07-01T02:47:43.087Z,2026-07-01T02:48:08.903Z,25.816,81,chunk_20260701-0230-yuvraj,chunk_20260701-0230-yuvraj,False,within_chunk,1,M1-E-2
ses_20260701-022828-yuvraj,30,2026-07-01T02:48:08.926Z,2026-07-01T02:48:56.757Z,47.831,133,chunk_20260701-0230-yuvraj,chunk_20260701-0230-yuvraj,False,within_chunk,2,M1-L-4
ses_20260701-022828-yuvraj,31,2026-07-01T02:48:56.772Z,2026-07-01T02:49:44.103Z,47.331,103,chunk_20260701-0230-yuvraj,chunk_20260701-0230-yuvraj,False,within_chunk,1,M1-E-3
ses_20260701-030836-yuvraj,1,2026-07-01T03:08:36.377Z,2026-07-01T03:10:00.417Z,84.04,53,chunk_20260701-0300-yuvraj,chunk_20260701-0300-yuvraj,False,within_chunk,1,M1-N-1
ses_20260701-030836-yuvraj,2,2026-07-01T03:10:03.916Z,2026-07-01T03:10:23.770Z,19.854,53,chunk_20260701-0300-yuvraj,chunk_20260701-0300-yuvraj,False,within_chunk,1,M1-K-1
ses_20260701-030836-yuvraj,3,2026-07-01T03:11:04.645Z,2026-07-01T03:11:10.066Z,5.421,9,chunk_20260701-0300-yuvraj,chunk_20260701-0300-yuvraj,False,within_chunk,1,M1-N-2
ses_20260701-030836-yuvraj,4,2026-07-01T03:11:23.205Z,2026-07-01T03:11:35.238Z,12.033,41,chunk_20260701-0300-yuvraj,chunk_20260701-0300-yuvraj,False,within_chunk,2,M1-N-2
ses_20260701-030836-yuvraj,5,2026-07-01T03:11:35.302Z,2026-07-01T03:11:35.777Z,0.475,10,chunk_20260701-0300-yuvraj,chunk_20260701-0300-yuvraj,False,within_chunk,1,M1-D-1
ses_20260701-030836-yuvraj,6,2026-07-01T03:11:36.563Z,2026-07-01T03:12:11.176Z,34.613,63,chunk_20260701-0300-yuvraj,chunk_20260701-0300-yuvraj,False,within_chunk,2,M1-D-1
ses_20260701-030836-yuvraj,7,2026-07-01T03:12:11.209Z,2026-07-01T03:13:09.567Z,58.358,175,chunk_20260701-0300-yuvraj,chunk_20260701-0300-yuvraj,False,within_chunk,1,M1-N-3
ses_20260701-030836-yuvraj,8,2026-07-01T03:13:25.949Z,2026-07-01T03:13:39.668Z,13.719,64,chunk_20260701-0300-yuvraj,chunk_20260701-0300-yuvraj,False,within_chunk,1,M1-G-1
ses_20260701-030836-yuvraj,9,2026-07-01T03:13:44.139Z,2026-07-01T03:14:06.649Z,22.51,56,chunk_20260701-0300-yuvraj,chunk_20260701-0300-yuvraj,False,within_chunk,2,M1-J-1
ses_20260701-030836-yuvraj,10,2026-07-01T03:14:06.709Z,2026-07-01T03:14:42.397Z,35.688,70,chunk_20260701-0300-yuvraj,chunk_20260701-0300-yuvraj,False,within_chunk,2,M1-D-2
ses_20260701-030836-yuvraj,11,2026-07-01T03:14:42.441Z,2026-07-01T03:15:07.164Z,24.723,74,chunk_20260701-0300-yuvraj,chunk_20260701-0300-yuvraj,False,within_chunk,2,M1-L-1
ses_20260701-030836-yuvraj,12,2026-07-01T03:15:07.167Z,2026-07-01T03:17:48.304Z,161.137,138,chunk_20260701-0300-yuvraj,chunk_20260701-0300-yuvraj,False,within_chunk,3,M1-D-3
ses_20260701-030836-yuvraj,13,2026-07-01T03:17:48.330Z,2026-07-01T03:18:06.145Z,17.815,64,chunk_20260701-0300-yuvraj,chunk_20260701-0300-yuvraj,False,within_chunk,1,M1-G-2
ses_20260701-030836-yuvraj,14,2026-07-01T03:18:09.749Z,2026-07-01T03:18:55.719Z,45.97,115,chunk_20260701-0300-yuvraj,chunk_20260701-0300-yuvraj,False,within_chunk,1,M1-J-3
ses_20260701-030836-yuvraj,15,2026-07-01T03:18:59.962Z,2026-07-01T03:19:26.994Z,27.032,63,chunk_20260701-0300-yuvraj,chunk_20260701-0300-yuvraj,False,within_chunk,2,M1-H-1
ses_20260701-030836-yuvraj,16,2026-07-01T03:19:27.023Z,2026-07-01T03:19:49.519Z,22.496,83,chunk_20260701-0300-yuvraj,chunk_20260701-0300-yuvraj,False,within_chunk,1,M1-K-2
ses_20260701-030836-yuvraj,17,2026-07-01T03:20:21.189Z,2026-07-01T03:20:28.781Z,7.592,9,chunk_20260701-0300-yuvraj,chunk_20260701-0300-yuvraj,False,within_chunk,1,M1-H-2
ses_20260701-030836-yuvraj,18,2026-07-01T03:20:28.829Z,2026-07-01T03:20:57.191Z,28.362,88,chunk_20260701-0300-yuvraj,chunk_20260701-0300-yuvraj,False,within_chunk,1,M1-H-2
ses_20260701-030836-yuvraj,19,2026-07-01T03:20:57.230Z,2026-07-01T03:21:42.893Z,45.663,121,chunk_20260701-0300-yuvraj,chunk_20260701-0300-yuvraj,False,within_chunk,1,M1-L-3
ses_20260701-030836-yuvraj,20,2026-07-01T03:21:58.744Z,2026-07-01T03:22:22.171Z,23.427,79,chunk_20260701-0300-yuvraj,chunk_20260701-0300-yuvraj,False,within_chunk,2,M1-G-3
ses_20260701-030836-yuvraj,21,2026-07-01T03:22:22.222Z,2026-07-01T03:23:02.360Z,40.138,82,chunk_20260701-0300-yuvraj,chunk_20260701-0300-yuvraj,False,within_chunk,2,M1-C-2
ses_20260701-030836-yuvraj,22,2026-07-01T03:23:02.385Z,2026-07-01T03:23:34.049Z,31.664,90,chunk_20260701-0300-yuvraj,chunk_20260701-0300-yuvraj,False,within_chunk,1,M1-G-4
ses_20260701-030836-yuvraj,23,2026-07-01T03:23:34.500Z,2026-07-01T03:23:59.004Z,24.504,82,chunk_20260701-0300-yuvraj,chunk_20260701-0300-yuvraj,False,within_chunk,1,M1-L-4
ses_20260701-030836-yuvraj,24,2026-07-01T03:23:59.059Z,2026-07-01T03:25:17.205Z,78.146,129,chunk_20260701-0300-yuvraj,chunk_20260701-0300-yuvraj,False,within_chunk,2,M1-C-4
ses_20260701-030836-yuvraj,25,2026-07-01T03:25:17.266Z,2026-07-01T03:26:04.771Z,47.505,207,chunk_20260701-0300-yuvraj,chunk_20260701-0300-yuvraj,False,within_chunk,2,M1-H-3
ses_20260701-030836-yuvraj,26,2026-07-01T03:26:04.800Z,2026-07-01T03:26:30.546Z,25.746,75,chunk_20260701-0300-yuvraj,chunk_20260701-0300-yuvraj,False,within_chunk,1,M1-K-3
ses_20260701-030836-yuvraj,27,2026-07-01T03:27:06.281Z,2026-07-01T03:31:04.499Z,238.218,13,chunk_20260701-0300-yuvraj,chunk_20260701-0330-yuvraj,True,continuation_across_chunk,1,M1-K-3
ses_20260701-032825-CHAITANYA0BCF,1,2026-07-01T03:28:25.360Z,2026-07-01T03:28:35.179Z,9.819,40,chunk_20260701-0300-CHAITANYA0BCF,chunk_20260701-0300-CHAITANYA0BCF,False,within_chunk,0,
ses_20260701-032825-CHAITANYA0BCF,2,2026-07-01T03:29:20.264Z,2026-07-01T03:29:59.155Z,38.891,78,chunk_20260701-0300-CHAITANYA0BCF,chunk_20260701-0300-CHAITANYA0BCF,False,within_chunk,1,M1-C-1
ses_20260701-032825-CHAITANYA0BCF,3,2026-07-01T03:29:59.690Z,2026-07-01T03:30:39.199Z,39.509,96,chunk_20260701-0300-CHAITANYA0BCF,chunk_20260701-0330-CHAITANYA0BCF,True,continuation_across_chunk,2,M1-N-1
ses_20260701-032825-CHAITANYA0BCF,4,2026-07-01T03:30:39.274Z,2026-07-01T03:30:57.682Z,18.408,65,chunk_20260701-0330-CHAITANYA0BCF,chunk_20260701-0330-CHAITANYA0BCF,False,within_chunk,1,M1-B-1
ses_20260701-032825-CHAITANYA0BCF,5,2026-07-01T03:31:37.466Z,2026-07-01T03:31:42.147Z,4.681,9,chunk_20260701-0330-CHAITANYA0BCF,chunk_20260701-0330-CHAITANYA0BCF,False,within_chunk,1,M1-B-1
ses_20260701-032825-CHAITANYA0BCF,6,2026-07-01T03:31:44.389Z,2026-07-01T03:31:45.056Z,0.667,5,chunk_20260701-0330-CHAITANYA0BCF,chunk_20260701-0330-CHAITANYA0BCF,False,within_chunk,2,M1-H-1
ses_20260701-032825-CHAITANYA0BCF,7,2026-07-01T03:31:45.087Z,2026-07-01T03:32:11.453Z,26.366,105,chunk_20260701-0330-CHAITANYA0BCF,chunk_20260701-0330-CHAITANYA0BCF,False,within_chunk,2,M1-H-1
ses_20260701-032825-CHAITANYA0BCF,8,2026-07-01T03:32:11.512Z,2026-07-01T03:32:33.434Z,21.922,77,chunk_20260701-0330-CHAITANYA0BCF,chunk_20260701-0330-CHAITANYA0BCF,False,within_chunk,1,M1-B-2
ses_20260701-032825-CHAITANYA0BCF,9,2026-07-01T03:33:30.832Z,2026-07-01T03:34:38.615Z,67.783,113,chunk_20260701-0330-CHAITANYA0BCF,chunk_20260701-0330-CHAITANYA0BCF,False,within_chunk,1,M1-I-1
ses_20260701-032825-CHAITANYA0BCF,10,2026-07-01T03:34:41.825Z,2026-07-01T03:34:41.875Z,0.05,5,chunk_20260701-0330-CHAITANYA0BCF,chunk_20260701-0330-CHAITANYA0BCF,False,within_chunk,1,M1-D-1
ses_20260701-032825-CHAITANYA0BCF,11,2026-07-01T03:34:41.885Z,2026-07-01T03:35:16.094Z,34.209,87,chunk_20260701-0330-CHAITANYA0BCF,chunk_20260701-0330-CHAITANYA0BCF,False,within_chunk,2,M1-D-1
ses_20260701-032825-CHAITANYA0BCF,12,2026-07-01T03:35:16.126Z,2026-07-01T03:36:44.771Z,88.645,170,chunk_20260701-0330-CHAITANYA0BCF,chunk_20260701-0330-CHAITANYA0BCF,False,within_chunk,3,M1-H-2
ses_20260701-032825-CHAITANYA0BCF,13,2026-07-01T03:36:44.784Z,2026-07-01T03:37:27.359Z,42.575,83,chunk_20260701-0330-CHAITANYA0BCF,chunk_20260701-0330-CHAITANYA0BCF,False,within_chunk,1,M1-C-2
ses_20260701-032825-CHAITANYA0BCF,14,2026-07-01T03:37:47.503Z,2026-07-01T03:38:17.137Z,29.634,60,chunk_20260701-0330-CHAITANYA0BCF,chunk_20260701-0330-CHAITANYA0BCF,False,within_chunk,2,M1-I-3
ses_20260701-032825-CHAITANYA0BCF,15,2026-07-01T03:38:31.552Z,2026-07-01T03:38:32.831Z,1.279,8,chunk_20260701-0330-CHAITANYA0BCF,chunk_20260701-0330-CHAITANYA0BCF,False,within_chunk,1,M1-I-3
ses_20260701-032825-CHAITANYA0BCF,16,2026-07-01T03:38:54.912Z,2026-07-01T03:40:30.296Z,95.384,66,chunk_20260701-0330-CHAITANYA0BCF,chunk_20260701-0330-CHAITANYA0BCF,False,within_chunk,2,M1-I-3
ses_20260701-032825-CHAITANYA0BCF,17,2026-07-01T03:40:30.322Z,2026-07-01T03:40:30.898Z,0.576,12,chunk_20260701-0330-CHAITANYA0BCF,chunk_20260701-0330-CHAITANYA0BCF,False,within_chunk,1,M1-E-1
ses_20260701-032825-CHAITANYA0BCF,18,2026-07-01T03:40:31.979Z,2026-07-01T03:40:57.139Z,25.16,74,chunk_20260701-0330-CHAITANYA0BCF,chunk_20260701-0330-CHAITANYA0BCF,False,within_chunk,1,M1-E-1
ses_20260701-032825-CHAITANYA0BCF,19,2026-07-01T03:41:01.636Z,2026-07-01T03:41:25.119Z,23.483,62,chunk_20260701-0330-CHAITANYA0BCF,chunk_20260701-0330-CHAITANYA0BCF,False,within_chunk,1,M1-A-1
ses_20260701-032825-CHAITANYA0BCF,20,2026-07-01T03:41:28.916Z,2026-07-01T03:41:47.154Z,18.238,47,chunk_20260701-0330-CHAITANYA0BCF,chunk_20260701-0330-CHAITANYA0BCF,False,within_chunk,0,
ses_20260701-032825-CHAITANYA0BCF,21,2026-07-01T03:42:38.567Z,2026-07-01T03:43:16.438Z,37.871,82,chunk_20260701-0330-CHAITANYA0BCF,chunk_20260701-0330-CHAITANYA0BCF,False,within_chunk,1,M1-B-4
ses_20260701-032825-CHAITANYA0BCF,22,2026-07-01T03:44:04.352Z,2026-07-01T03:44:05.539Z,1.187,15,chunk_20260701-0330-CHAITANYA0BCF,chunk_20260701-0330-CHAITANYA0BCF,False,within_chunk,1,M1-B-4
ses_20260701-032825-CHAITANYA0BCF,23,2026-07-01T03:44:06.595Z,2026-07-01T03:45:00.956Z,54.361,153,chunk_20260701-0330-CHAITANYA0BCF,chunk_20260701-0330-CHAITANYA0BCF,False,within_chunk,1,M1-H-4
ses_20260701-032825-CHAITANYA0BCF,24,2026-07-01T03:45:00.977Z,2026-07-01T03:46:14.773Z,73.796,145,chunk_20260701-0330-CHAITANYA0BCF,chunk_20260701-0330-CHAITANYA0BCF,False,within_chunk,2,M1-N-3
ses_20260701-032825-CHAITANYA0BCF,25,2026-07-01T03:46:14.783Z,2026-07-01T03:46:37.557Z,22.774,79,chunk_20260701-0330-CHAITANYA0BCF,chunk_20260701-0330-CHAITANYA0BCF,False,within_chunk,1,M1-A-2
ses_20260701-032825-CHAITANYA0BCF,26,2026-07-01T03:46:41.858Z,2026-07-01T03:48:26.117Z,104.259,170,chunk_20260701-0330-CHAITANYA0BCF,chunk_20260701-0330-CHAITANYA0BCF,False,within_chunk,2,M1-C-3
ses_20260701-032825-CHAITANYA0BCF,27,2026-07-01T03:48:26.769Z,2026-07-01T03:48:56.541Z,29.772,95,chunk_20260701-0330-CHAITANYA0BCF,chunk_20260701-0330-CHAITANYA0BCF,False,within_chunk,2,M1-J-1
ses_20260701-032825-CHAITANYA0BCF,28,2026-07-01T03:48:56.562Z,2026-07-01T03:49:27.014Z,30.452,112,chunk_20260701-0330-CHAITANYA0BCF,chunk_20260701-0330-CHAITANYA0BCF,False,within_chunk,2,M1-A-3
ses_20260701-032825-CHAITANYA0BCF,29,2026-07-01T03:49:27.026Z,2026-07-01T03:49:56.208Z,29.182,91,chunk_20260701-0330-CHAITANYA0BCF,chunk_20260701-0330-CHAITANYA0BCF,False,within_chunk,2,M1-J-2
ses_20260701-032825-CHAITANYA0BCF,30,2026-07-01T03:49:56.234Z,2026-07-01T03:50:23.771Z,27.537,99,chunk_20260701-0330-CHAITANYA0BCF,chunk_20260701-0330-CHAITANYA0BCF,False,within_chunk,1,M1-E-2
ses_20260701-032825-CHAITANYA0BCF,31,2026-07-01T03:50:27.689Z,2026-07-01T03:51:00.936Z,33.247,55,chunk_20260701-0330-CHAITANYA0BCF,chunk_20260701-0330-CHAITANYA0BCF,False,within_chunk,1,M1-C-4
ses_20260701-032825-CHAITANYA0BCF,32,2026-07-01T03:51:04.948Z,2026-07-01T03:51:30.196Z,25.248,75,chunk_20260701-0330-CHAITANYA0BCF,chunk_20260701-0330-CHAITANYA0BCF,False,within_chunk,2,M1-E-3
ses_20260701-032825-CHAITANYA0BCF,33,2026-07-01T03:51:30.208Z,2026-07-01T03:52:26.068Z,55.86,127,chunk_20260701-0330-CHAITANYA0BCF,chunk_20260701-0330-CHAITANYA0BCF,False,within_chunk,1,M1-J-3
ses_20260701-035622-SIDDHIGUPTAB00B,1,2026-07-01T03:56:22.434Z,2026-07-01T03:57:01.898Z,39.464,55,chunk_20260701-0330-SIDDHIGUPTAB00B,chunk_20260701-0330-SIDDHIGUPTAB00B,False,within_chunk,0,
ses_20260701-035622-SIDDHIGUPTAB00B,2,2026-07-01T03:57:43.564Z,2026-07-01T03:58:13.936Z,30.372,70,chunk_20260701-0330-SIDDHIGUPTAB00B,chunk_20260701-0330-SIDDHIGUPTAB00B,False,within_chunk,2,M1-B-1
ses_20260701-035622-SIDDHIGUPTAB00B,3,2026-07-01T03:58:14.013Z,2026-07-01T03:58:34.015Z,20.002,57,chunk_20260701-0330-SIDDHIGUPTAB00B,chunk_20260701-0330-SIDDHIGUPTAB00B,False,within_chunk,1,M1-L-1
ses_20260701-035622-SIDDHIGUPTAB00B,4,2026-07-01T03:58:34.554Z,2026-07-01T03:58:59.508Z,24.954,68,chunk_20260701-0330-SIDDHIGUPTAB00B,chunk_20260701-0330-SIDDHIGUPTAB00B,False,within_chunk,1,M1-B-2
ses_20260701-035622-SIDDHIGUPTAB00B,5,2026-07-01T03:59:30.473Z,2026-07-01T04:00:46.866Z,76.393,76,chunk_20260701-0330-SIDDHIGUPTAB00B,chunk_20260701-0400-SIDDHIGUPTAB00B,True,continuation_across_chunk,1,M1-G-1
ses_20260701-035622-SIDDHIGUPTAB00B,6,2026-07-01T04:00:47.354Z,2026-07-01T04:00:48.199Z,0.845,7,chunk_20260701-0400-SIDDHIGUPTAB00B,chunk_20260701-0400-SIDDHIGUPTAB00B,False,within_chunk,1,M1-M-1
ses_20260701-035622-SIDDHIGUPTAB00B,7,2026-07-01T04:00:48.396Z,2026-07-01T04:01:28.077Z,39.681,88,chunk_20260701-0400-SIDDHIGUPTAB00B,chunk_20260701-0400-SIDDHIGUPTAB00B,False,within_chunk,2,M1-M-1
ses_20260701-035622-SIDDHIGUPTAB00B,8,2026-07-01T04:01:28.102Z,2026-07-01T04:01:55.059Z,26.957,54,chunk_20260701-0400-SIDDHIGUPTAB00B,chunk_20260701-0400-SIDDHIGUPTAB00B,False,within_chunk,1,M1-I-1
ses_20260701-035622-SIDDHIGUPTAB00B,9,2026-07-01T04:02:05.818Z,2026-07-01T04:02:30.295Z,24.477,54,chunk_20260701-0400-SIDDHIGUPTAB00B,chunk_20260701-0400-SIDDHIGUPTAB00B,False,within_chunk,1,M1-I-1
ses_20260701-035622-SIDDHIGUPTAB00B,10,2026-07-01T04:02:34.423Z,2026-07-01T04:03:01.055Z,26.632,66,chunk_20260701-0400-SIDDHIGUPTAB00B,chunk_20260701-0400-SIDDHIGUPTAB00B,False,within_chunk,2,M1-F-1
ses_20260701-035622-SIDDHIGUPTAB00B,11,2026-07-01T04:03:01.099Z,2026-07-01T04:03:32.456Z,31.357,108,chunk_20260701-0400-SIDDHIGUPTAB00B,chunk_20260701-0400-SIDDHIGUPTAB00B,False,within_chunk,2,M1-E-1
ses_20260701-035622-SIDDHIGUPTAB00B,12,2026-07-01T04:03:32.483Z,2026-07-01T04:05:16.310Z,103.827,109,chunk_20260701-0400-SIDDHIGUPTAB00B,chunk_20260701-0400-SIDDHIGUPTAB00B,False,within_chunk,1,M1-F-2
ses_20260701-035622-SIDDHIGUPTAB00B,13,2026-07-01T04:05:53.299Z,2026-07-01T04:06:36.874Z,43.575,94,chunk_20260701-0400-SIDDHIGUPTAB00B,chunk_20260701-0400-SIDDHIGUPTAB00B,False,within_chunk,1,M1-D-1
ses_20260701-035622-SIDDHIGUPTAB00B,14,2026-07-01T04:06:46.945Z,2026-07-01T04:07:07.202Z,20.257,49,chunk_20260701-0400-SIDDHIGUPTAB00B,chunk_20260701-0400-SIDDHIGUPTAB00B,False,within_chunk,1,M1-B-3
ses_20260701-035622-SIDDHIGUPTAB00B,15,2026-07-01T04:07:24.971Z,2026-07-01T04:07:50.831Z,25.86,80,chunk_20260701-0400-SIDDHIGUPTAB00B,chunk_20260701-0400-SIDDHIGUPTAB00B,False,within_chunk,2,M1-L-2
ses_20260701-035622-SIDDHIGUPTAB00B,16,2026-07-01T04:07:54.681Z,2026-07-01T04:07:54.737Z,0.056,4,chunk_20260701-0400-SIDDHIGUPTAB00B,chunk_20260701-0400-SIDDHIGUPTAB00B,False,within_chunk,0,
ses_20260701-035622-SIDDHIGUPTAB00B,17,2026-07-01T04:07:54.743Z,2026-07-01T04:08:45.732Z,50.989,143,chunk_20260701-0400-SIDDHIGUPTAB00B,chunk_20260701-0400-SIDDHIGUPTAB00B,False,within_chunk,1,M1-F-4
ses_20260701-035622-SIDDHIGUPTAB00B,18,2026-07-01T04:08:49.567Z,2026-07-01T04:09:09.058Z,19.491,47,chunk_20260701-0400-SIDDHIGUPTAB00B,chunk_20260701-0400-SIDDHIGUPTAB00B,False,within_chunk,1,M1-G-2
ses_20260701-035622-SIDDHIGUPTAB00B,19,2026-07-01T04:09:12.834Z,2026-07-01T04:09:29.867Z,17.033,28,chunk_20260701-0400-SIDDHIGUPTAB00B,chunk_20260701-0400-SIDDHIGUPTAB00B,False,within_chunk,1,M1-I-2
ses_20260701-035622-SIDDHIGUPTAB00B,20,2026-07-01T04:09:48.532Z,2026-07-01T04:10:10.936Z,22.404,53,chunk_20260701-0400-SIDDHIGUPTAB00B,chunk_20260701-0400-SIDDHIGUPTAB00B,False,within_chunk,1,M1-I-2
ses_20260701-035622-SIDDHIGUPTAB00B,21,2026-07-01T04:10:15.029Z,2026-07-01T04:10:50.843Z,35.814,104,chunk_20260701-0400-SIDDHIGUPTAB00B,chunk_20260701-0400-SIDDHIGUPTAB00B,False,within_chunk,2,M1-L-3
ses_20260701-035622-SIDDHIGUPTAB00B,22,2026-07-01T04:10:50.846Z,2026-07-01T04:11:25.487Z,34.641,86,chunk_20260701-0400-SIDDHIGUPTAB00B,chunk_20260701-0400-SIDDHIGUPTAB00B,False,within_chunk,2,M1-K-1
ses_20260701-035622-SIDDHIGUPTAB00B,23,2026-07-01T04:11:33.552Z,2026-07-01T04:12:29.730Z,56.178,66,chunk_20260701-0400-SIDDHIGUPTAB00B,chunk_20260701-0400-SIDDHIGUPTAB00B,False,within_chunk,1,M1-N-1
ses_20260701-035622-SIDDHIGUPTAB00B,24,2026-07-01T04:12:30.438Z,2026-07-01T04:12:57.942Z,27.504,80,chunk_20260701-0400-SIDDHIGUPTAB00B,chunk_20260701-0400-SIDDHIGUPTAB00B,False,within_chunk,2,M1-H-1
ses_20260701-035622-SIDDHIGUPTAB00B,25,2026-07-01T04:12:58.053Z,2026-07-01T04:13:32.253Z,34.2,91,chunk_20260701-0400-SIDDHIGUPTAB00B,chunk_20260701-0400-SIDDHIGUPTAB00B,False,within_chunk,1,M1-K-2
ses_20260701-035622-SIDDHIGUPTAB00B,26,2026-07-01T04:13:43.644Z,2026-07-01T04:14:12.528Z,28.884,92,chunk_20260701-0400-SIDDHIGUPTAB00B,chunk_20260701-0400-SIDDHIGUPTAB00B,False,within_chunk,2,M1-E-2
ses_20260701-035622-SIDDHIGUPTAB00B,27,2026-07-01T04:14:12.558Z,2026-07-01T04:14:48.125Z,35.567,88,chunk_20260701-0400-SIDDHIGUPTAB00B,chunk_20260701-0400-SIDDHIGUPTAB00B,False,within_chunk,1,M1-K-3
ses_20260701-035622-SIDDHIGUPTAB00B,28,2026-07-01T04:14:59.313Z,2026-07-01T04:14:59.930Z,0.617,9,chunk_20260701-0400-SIDDHIGUPTAB00B,chunk_20260701-0400-SIDDHIGUPTAB00B,False,within_chunk,1,M1-K-3
ses_20260701-035622-SIDDHIGUPTAB00B,29,2026-07-01T04:14:59.994Z,2026-07-01T04:16:19.512Z,79.518,136,chunk_20260701-0400-SIDDHIGUPTAB00B,chunk_20260701-0400-SIDDHIGUPTAB00B,False,within_chunk,2,M1-N-3
ses_20260701-035622-SIDDHIGUPTAB00B,30,2026-07-01T04:16:19.530Z,2026-07-01T04:16:50.719Z,31.189,87,chunk_20260701-0400-SIDDHIGUPTAB00B,chunk_20260701-0400-SIDDHIGUPTAB00B,False,within_chunk,2,M1-G-4
ses_20260701-035622-SIDDHIGUPTAB00B,31,2026-07-01T04:16:59.430Z,2026-07-01T04:18:30.958Z,91.528,250,chunk_20260701-0400-SIDDHIGUPTAB00B,chunk_20260701-0400-SIDDHIGUPTAB00B,False,within_chunk,4,M1-E-3
ses_20260701-035622-SIDDHIGUPTAB00B,32,2026-07-01T04:18:30.966Z,2026-07-01T04:18:55.503Z,24.537,89,chunk_20260701-0400-SIDDHIGUPTAB00B,chunk_20260701-0400-SIDDHIGUPTAB00B,False,within_chunk,1,M1-K-4
ses_20260701-035622-SIDDHIGUPTAB00B,33,2026-07-01T04:18:57.009Z,2026-07-01T04:19:54.507Z,57.498,55,chunk_20260701-0400-SIDDHIGUPTAB00B,chunk_20260701-0400-SIDDHIGUPTAB00B,False,within_chunk,2,M1-M-2
ses_20260701-035622-SIDDHIGUPTAB00B,34,2026-07-01T04:20:03.658Z,2026-07-01T04:20:04.582Z,0.924,4,chunk_20260701-0400-SIDDHIGUPTAB00B,chunk_20260701-0400-SIDDHIGUPTAB00B,False,within_chunk,1,M1-M-2
ses_20260701-035622-SIDDHIGUPTAB00B,35,2026-07-01T04:20:05.282Z,2026-07-01T04:22:08.248Z,122.966,218,chunk_20260701-0400-SIDDHIGUPTAB00B,chunk_20260701-0400-SIDDHIGUPTAB00B,False,within_chunk,3,M1-D-2
ses_20260701-035622-SIDDHIGUPTAB00B,36,2026-07-01T04:22:08.308Z,2026-07-01T04:23:52.507Z,104.199,163,chunk_20260701-0400-SIDDHIGUPTAB00B,chunk_20260701-0400-SIDDHIGUPTAB00B,False,within_chunk,2,M1-I-3
ses_20260701-035622-SIDDHIGUPTAB00B,37,2026-07-01T04:23:53.075Z,2026-07-01T04:24:24.794Z,31.719,36,chunk_20260701-0400-SIDDHIGUPTAB00B,chunk_20260701-0400-SIDDHIGUPTAB00B,False,within_chunk,1,M1-D-3
ses_20260701-043922-SIDDHIGUPTAB00B,1,2026-07-01T04:39:22.341Z,2026-07-01T04:40:39.836Z,77.495,72,chunk_20260701-0430-SIDDHIGUPTAB00B,chunk_20260701-0430-SIDDHIGUPTAB00B,False,within_chunk,1,M1-K-1
ses_20260701-043922-SIDDHIGUPTAB00B,2,2026-07-01T04:40:41.386Z,2026-07-01T04:41:08.215Z,26.829,51,chunk_20260701-0430-SIDDHIGUPTAB00B,chunk_20260701-0430-SIDDHIGUPTAB00B,False,within_chunk,2,M1-L-1
ses_20260701-043922-SIDDHIGUPTAB00B,3,2026-07-01T04:41:11.686Z,2026-07-01T04:41:12.511Z,0.825,8,chunk_20260701-0430-SIDDHIGUPTAB00B,chunk_20260701-0430-SIDDHIGUPTAB00B,False,within_chunk,2,M1-F-1
ses_20260701-043922-SIDDHIGUPTAB00B,4,2026-07-01T04:41:12.736Z,2026-07-01T04:41:37.566Z,24.83,98,chunk_20260701-0430-SIDDHIGUPTAB00B,chunk_20260701-0430-SIDDHIGUPTAB00B,False,within_chunk,1,M1-F-1
ses_20260701-043922-SIDDHIGUPTAB00B,5,2026-07-01T04:42:07.171Z,2026-07-01T04:42:08.051Z,0.88,8,chunk_20260701-0430-SIDDHIGUPTAB00B,chunk_20260701-0430-SIDDHIGUPTAB00B,False,within_chunk,1,M1-F-1
ses_20260701-043922-SIDDHIGUPTAB00B,6,2026-07-01T04:42:08.074Z,2026-07-01T04:43:02.662Z,54.588,157,chunk_20260701-0430-SIDDHIGUPTAB00B,chunk_20260701-0430-SIDDHIGUPTAB00B,False,within_chunk,2,M1-A-2
ses_20260701-043922-SIDDHIGUPTAB00B,7,2026-07-01T04:43:02.737Z,2026-07-01T04:43:25.225Z,22.488,74,chunk_20260701-0430-SIDDHIGUPTAB00B,chunk_20260701-0430-SIDDHIGUPTAB00B,False,within_chunk,1,M1-G-1
ses_20260701-043922-SIDDHIGUPTAB00B,8,2026-07-01T04:43:55.256Z,2026-07-01T04:44:21.694Z,26.438,12,chunk_20260701-0430-SIDDHIGUPTAB00B,chunk_20260701-0430-SIDDHIGUPTAB00B,False,within_chunk,1,M1-G-1
ses_20260701-043922-SIDDHIGUPTAB00B,9,2026-07-01T04:44:35.776Z,2026-07-01T04:44:50.514Z,14.738,7,chunk_20260701-0430-SIDDHIGUPTAB00B,chunk_20260701-0430-SIDDHIGUPTAB00B,False,within_chunk,1,M1-G-1
ses_20260701-043922-SIDDHIGUPTAB00B,10,2026-07-01T04:45:04.320Z,2026-07-01T04:45:06.433Z,2.113,9,chunk_20260701-0430-SIDDHIGUPTAB00B,chunk_20260701-0430-SIDDHIGUPTAB00B,False,within_chunk,2,M1-G-1
ses_20260701-043922-SIDDHIGUPTAB00B,11,2026-07-01T04:45:06.438Z,2026-07-01T04:45:34.400Z,27.962,92,chunk_20260701-0430-SIDDHIGUPTAB00B,chunk_20260701-0430-SIDDHIGUPTAB00B,False,within_chunk,1,M1-J-1
ses_20260701-043922-SIDDHIGUPTAB00B,12,2026-07-01T04:45:50.569Z,2026-07-01T04:46:18.665Z,28.096,64,chunk_20260701-0430-SIDDHIGUPTAB00B,chunk_20260701-0430-SIDDHIGUPTAB00B,False,within_chunk,2,M1-I-1
ses_20260701-043922-SIDDHIGUPTAB00B,13,2026-07-01T04:46:36.672Z,2026-07-01T04:46:38.146Z,1.474,9,chunk_20260701-0430-SIDDHIGUPTAB00B,chunk_20260701-0430-SIDDHIGUPTAB00B,False,within_chunk,1,M1-I-1
ses_20260701-043922-SIDDHIGUPTAB00B,14,2026-07-01T04:46:53.905Z,2026-07-01T04:47:05.129Z,11.224,46,chunk_20260701-0430-SIDDHIGUPTAB00B,chunk_20260701-0430-SIDDHIGUPTAB00B,False,within_chunk,2,M1-I-1
ses_20260701-043922-SIDDHIGUPTAB00B,15,2026-07-01T04:47:05.154Z,2026-07-01T04:47:36.656Z,31.502,73,chunk_20260701-0430-SIDDHIGUPTAB00B,chunk_20260701-0430-SIDDHIGUPTAB00B,False,within_chunk,1,M1-B-1
ses_20260701-043922-SIDDHIGUPTAB00B,16,2026-07-01T04:47:37.772Z,2026-07-01T04:47:38.326Z,0.554,8,chunk_20260701-0430-SIDDHIGUPTAB00B,chunk_20260701-0430-SIDDHIGUPTAB00B,False,within_chunk,2,M1-A-3
ses_20260701-043922-SIDDHIGUPTAB00B,17,2026-07-01T04:47:38.374Z,2026-07-01T04:50:28.930Z,170.556,263,chunk_20260701-0430-SIDDHIGUPTAB00B,chunk_20260701-0430-SIDDHIGUPTAB00B,False,within_chunk,4,M1-F-2
ses_20260701-043922-SIDDHIGUPTAB00B,18,2026-07-01T04:51:11.856Z,2026-07-01T04:51:52.218Z,40.362,27,chunk_20260701-0430-SIDDHIGUPTAB00B,chunk_20260701-0430-SIDDHIGUPTAB00B,False,within_chunk,1,M1-I-2
ses_20260701-043922-SIDDHIGUPTAB00B,19,2026-07-01T04:52:09.922Z,2026-07-01T04:52:34.330Z,24.408,26,chunk_20260701-0430-SIDDHIGUPTAB00B,chunk_20260701-0430-SIDDHIGUPTAB00B,False,within_chunk,1,M1-I-2
ses_20260701-043922-SIDDHIGUPTAB00B,20,2026-07-01T04:52:44.207Z,2026-07-01T04:52:45.691Z,1.484,9,chunk_20260701-0430-SIDDHIGUPTAB00B,chunk_20260701-0430-SIDDHIGUPTAB00B,False,within_chunk,2,M1-H-1
ses_20260701-043922-SIDDHIGUPTAB00B,21,2026-07-01T04:52:45.772Z,2026-07-01T04:53:26.360Z,40.588,83,chunk_20260701-0430-SIDDHIGUPTAB00B,chunk_20260701-0430-SIDDHIGUPTAB00B,False,within_chunk,1,M1-H-1
ses_20260701-043922-SIDDHIGUPTAB00B,22,2026-07-01T04:53:35.930Z,2026-07-01T04:53:38.653Z,2.723,7,chunk_20260701-0430-SIDDHIGUPTAB00B,chunk_20260701-0430-SIDDHIGUPTAB00B,False,within_chunk,2,M1-H-1
ses_20260701-043922-SIDDHIGUPTAB00B,23,2026-07-01T04:53:38.655Z,2026-07-01T04:54:09.866Z,31.211,76,chunk_20260701-0430-SIDDHIGUPTAB00B,chunk_20260701-0430-SIDDHIGUPTAB00B,False,within_chunk,1,M1-K-2
ses_20260701-043922-SIDDHIGUPTAB00B,24,2026-07-01T04:54:21.216Z,2026-07-01T04:54:21.315Z,0.099,4,chunk_20260701-0430-SIDDHIGUPTAB00B,chunk_20260701-0430-SIDDHIGUPTAB00B,False,within_chunk,1,M1-L-2
ses_20260701-043922-SIDDHIGUPTAB00B,25,2026-07-01T04:54:21.333Z,2026-07-01T04:55:03.523Z,42.19,72,chunk_20260701-0430-SIDDHIGUPTAB00B,chunk_20260701-0430-SIDDHIGUPTAB00B,False,within_chunk,1,M1-L-2
ses_20260701-043922-SIDDHIGUPTAB00B,26,2026-07-01T04:55:03.950Z,2026-07-01T04:55:04.043Z,0.093,5,chunk_20260701-0430-SIDDHIGUPTAB00B,chunk_20260701-0430-SIDDHIGUPTAB00B,False,within_chunk,1,M1-J-2
ses_20260701-043922-SIDDHIGUPTAB00B,27,2026-07-01T04:55:04.089Z,2026-07-01T04:56:05.904Z,61.815,92,chunk_20260701-0430-SIDDHIGUPTAB00B,chunk_20260701-0430-SIDDHIGUPTAB00B,False,within_chunk,2,M1-J-2
ses_20260701-043922-SIDDHIGUPTAB00B,28,2026-07-01T04:56:05.927Z,2026-07-01T04:56:41.016Z,35.089,93,chunk_20260701-0430-SIDDHIGUPTAB00B,chunk_20260701-0430-SIDDHIGUPTAB00B,False,within_chunk,1,M1-K-3
ses_20260701-043922-SIDDHIGUPTAB00B,29,2026-07-01T04:56:50.834Z,2026-07-01T04:57:32.206Z,41.372,68,chunk_20260701-0430-SIDDHIGUPTAB00B,chunk_20260701-0430-SIDDHIGUPTAB00B,False,within_chunk,2,M1-N-1
ses_20260701-043922-SIDDHIGUPTAB00B,30,2026-07-01T04:57:42.272Z,2026-07-01T04:58:24.416Z,42.144,65,chunk_20260701-0430-SIDDHIGUPTAB00B,chunk_20260701-0430-SIDDHIGUPTAB00B,False,within_chunk,2,M1-D-1
ses_20260701-043922-SIDDHIGUPTAB00B,31,2026-07-01T04:58:34.405Z,2026-07-01T04:58:35.870Z,1.465,9,chunk_20260701-0430-SIDDHIGUPTAB00B,chunk_20260701-0430-SIDDHIGUPTAB00B,False,within_chunk,2,M1-F-3
ses_20260701-043922-SIDDHIGUPTAB00B,32,2026-07-01T04:58:35.902Z,2026-07-01T04:59:14.635Z,38.733,85,chunk_20260701-0430-SIDDHIGUPTAB00B,chunk_20260701-0430-SIDDHIGUPTAB00B,False,within_chunk,1,M1-F-3
ses_20260701-043922-SIDDHIGUPTAB00B,33,2026-07-01T05:00:00.766Z,2026-07-01T05:00:02.266Z,1.5,6,chunk_20260701-0500-SIDDHIGUPTAB00B,chunk_20260701-0500-SIDDHIGUPTAB00B,False,within_chunk,2,M1-F-3
ses_20260701-043922-SIDDHIGUPTAB00B,34,2026-07-01T05:00:02.313Z,2026-07-01T05:00:46.379Z,44.066,68,chunk_20260701-0500-SIDDHIGUPTAB00B,chunk_20260701-0500-SIDDHIGUPTAB00B,False,within_chunk,1,M1-I-3
ses_20260701-043922-SIDDHIGUPTAB00B,35,2026-07-01T05:01:03.837Z,2026-07-01T05:01:22.414Z,18.577,25,chunk_20260701-0500-SIDDHIGUPTAB00B,chunk_20260701-0500-SIDDHIGUPTAB00B,False,within_chunk,1,M1-I-3
ses_20260701-043922-SIDDHIGUPTAB00B,36,2026-07-01T05:01:31.847Z,2026-07-01T05:01:33.701Z,1.854,6,chunk_20260701-0500-SIDDHIGUPTAB00B,chunk_20260701-0500-SIDDHIGUPTAB00B,False,within_chunk,2,M1-B-3
ses_20260701-043922-SIDDHIGUPTAB00B,37,2026-07-01T05:01:33.789Z,2026-07-01T05:02:05.584Z,31.795,69,chunk_20260701-0500-SIDDHIGUPTAB00B,chunk_20260701-0500-SIDDHIGUPTAB00B,False,within_chunk,1,M1-B-3
ses_20260701-043922-SIDDHIGUPTAB00B,38,2026-07-01T05:02:17.071Z,2026-07-01T05:02:56.231Z,39.16,64,chunk_20260701-0500-SIDDHIGUPTAB00B,chunk_20260701-0500-SIDDHIGUPTAB00B,False,within_chunk,2,M1-F-4
ses_20260701-043922-SIDDHIGUPTAB00B,39,2026-07-01T05:03:32.025Z,2026-07-01T05:04:09.729Z,37.704,95,chunk_20260701-0500-SIDDHIGUPTAB00B,chunk_20260701-0500-SIDDHIGUPTAB00B,False,within_chunk,2,M1-K-4
ses_20260701-043922-SIDDHIGUPTAB00B,40,2026-07-01T05:04:21.094Z,2026-07-01T05:04:49.214Z,28.12,67,chunk_20260701-0500-SIDDHIGUPTAB00B,chunk_20260701-0500-SIDDHIGUPTAB00B,False,within_chunk,1,M1-L-3
ses_20260701-043922-SIDDHIGUPTAB00B,41,2026-07-01T05:04:59.466Z,2026-07-01T05:05:01.000Z,1.534,9,chunk_20260701-0500-SIDDHIGUPTAB00B,chunk_20260701-0500-SIDDHIGUPTAB00B,False,within_chunk,2,M1-N-2
ses_20260701-043922-SIDDHIGUPTAB00B,42,2026-07-01T05:05:01.002Z,2026-07-01T05:05:45.372Z,44.37,59,chunk_20260701-0500-SIDDHIGUPTAB00B,chunk_20260701-0500-SIDDHIGUPTAB00B,False,within_chunk,1,M1-N-2
ses_20260701-043922-SIDDHIGUPTAB00B,43,2026-07-01T05:05:55.767Z,2026-07-01T05:05:56.773Z,1.006,4,chunk_20260701-0500-SIDDHIGUPTAB00B,chunk_20260701-0500-SIDDHIGUPTAB00B,False,within_chunk,1,M1-N-2
ses_20260701-043922-SIDDHIGUPTAB00B,44,2026-07-01T05:05:57.101Z,2026-07-01T05:07:20.917Z,83.816,144,chunk_20260701-0500-SIDDHIGUPTAB00B,chunk_20260701-0500-SIDDHIGUPTAB00B,False,within_chunk,2,M1-K-5
ses_20260701-043922-SIDDHIGUPTAB00B,45,2026-07-01T05:07:30.942Z,2026-07-01T05:07:32.169Z,1.227,10,chunk_20260701-0500-SIDDHIGUPTAB00B,chunk_20260701-0500-SIDDHIGUPTAB00B,False,within_chunk,2,M1-H-2
ses_20260701-043922-SIDDHIGUPTAB00B,46,2026-07-01T05:07:32.245Z,2026-07-01T05:11:36.683Z,244.438,278,chunk_20260701-0500-SIDDHIGUPTAB00B,chunk_20260701-0500-SIDDHIGUPTAB00B,False,within_chunk,5,M1-H-2
ses_20260701-043922-SIDDHIGUPTAB00B,47,2026-07-01T05:11:47.915Z,2026-07-01T05:14:01.685Z,133.77,138,chunk_20260701-0500-SIDDHIGUPTAB00B,chunk_20260701-0500-SIDDHIGUPTAB00B,False,within_chunk,3,M1-N-3
ses_20260701-043922-SIDDHIGUPTAB00B,48,2026-07-01T05:14:04.184Z,2026-07-01T05:14:47.693Z,43.509,48,chunk_20260701-0500-SIDDHIGUPTAB00B,chunk_20260701-0500-SIDDHIGUPTAB00B,False,within_chunk,1,M1-D-3
ses_20260701-043922-SIDDHIGUPTAB00B,49,2026-07-01T05:14:59.241Z,2026-07-01T05:15:47.731Z,48.49,90,chunk_20260701-0500-SIDDHIGUPTAB00B,chunk_20260701-0500-SIDDHIGUPTAB00B,False,within_chunk,0,
ses_20260701-043922-SIDDHIGUPTAB00B,50,2026-07-01T05:15:57.315Z,2026-07-01T05:17:39.318Z,102.003,163,chunk_20260701-0500-SIDDHIGUPTAB00B,chunk_20260701-0500-SIDDHIGUPTAB00B,False,within_chunk,1,M1-C-4
ses_20260701-051820-CHAITANYA0BCF,1,2026-07-01T05:18:20.677Z,2026-07-01T05:20:16.202Z,115.525,123,chunk_20260701-0500-CHAITANYA0BCF,chunk_20260701-0500-CHAITANYA0BCF,False,within_chunk,2,M1-I-1
ses_20260701-051820-CHAITANYA0BCF,2,2026-07-01T05:20:16.224Z,2026-07-01T05:20:58.337Z,42.113,105,chunk_20260701-0500-CHAITANYA0BCF,chunk_20260701-0500-CHAITANYA0BCF,False,within_chunk,2,M1-C-1
ses_20260701-051820-CHAITANYA0BCF,3,2026-07-01T05:20:58.358Z,2026-07-01T05:21:32.267Z,33.909,102,chunk_20260701-0500-CHAITANYA0BCF,chunk_20260701-0500-CHAITANYA0BCF,False,within_chunk,1,M1-M-1
ses_20260701-051820-CHAITANYA0BCF,4,2026-07-01T05:21:36.158Z,2026-07-01T05:21:58.799Z,22.641,52,chunk_20260701-0500-CHAITANYA0BCF,chunk_20260701-0500-CHAITANYA0BCF,False,within_chunk,2,M1-L-1
ses_20260701-051820-CHAITANYA0BCF,5,2026-07-01T05:21:58.817Z,2026-07-01T05:24:09.584Z,130.767,292,chunk_20260701-0500-CHAITANYA0BCF,chunk_20260701-0500-CHAITANYA0BCF,False,within_chunk,3,M1-E-1
ses_20260701-051820-CHAITANYA0BCF,6,2026-07-01T05:24:09.588Z,2026-07-01T05:24:32.131Z,22.543,77,chunk_20260701-0500-CHAITANYA0BCF,chunk_20260701-0500-CHAITANYA0BCF,False,within_chunk,1,M1-L-2
ses_20260701-051820-CHAITANYA0BCF,7,2026-07-01T05:24:33.763Z,2026-07-01T05:24:33.871Z,0.108,5,chunk_20260701-0500-CHAITANYA0BCF,chunk_20260701-0500-CHAITANYA0BCF,False,within_chunk,1,M1-L-2
ses_20260701-051820-CHAITANYA0BCF,8,2026-07-01T05:24:35.700Z,2026-07-01T05:25:12.909Z,37.209,54,chunk_20260701-0500-CHAITANYA0BCF,chunk_20260701-0500-CHAITANYA0BCF,False,within_chunk,2,M1-M-2
ses_20260701-051820-CHAITANYA0BCF,9,2026-07-01T05:25:12.920Z,2026-07-01T05:25:49.178Z,36.258,98,chunk_20260701-0500-CHAITANYA0BCF,chunk_20260701-0500-CHAITANYA0BCF,False,within_chunk,2,M1-C-2
ses_20260701-051820-CHAITANYA0BCF,10,2026-07-01T05:25:49.194Z,2026-07-01T05:26:31.107Z,41.913,99,chunk_20260701-0500-CHAITANYA0BCF,chunk_20260701-0500-CHAITANYA0BCF,False,within_chunk,2,M1-M-3
ses_20260701-051820-CHAITANYA0BCF,11,2026-07-01T05:26:31.133Z,2026-07-01T05:27:12.257Z,41.124,70,chunk_20260701-0500-CHAITANYA0BCF,chunk_20260701-0500-CHAITANYA0BCF,False,within_chunk,1,M1-C-3
ses_20260701-051820-CHAITANYA0BCF,12,2026-07-01T05:27:12.738Z,2026-07-01T05:27:12.831Z,0.093,5,chunk_20260701-0500-CHAITANYA0BCF,chunk_20260701-0500-CHAITANYA0BCF,False,within_chunk,1,M1-L-3
ses_20260701-051820-CHAITANYA0BCF,13,2026-07-01T05:27:12.874Z,2026-07-01T05:27:33.578Z,20.704,72,chunk_20260701-0500-CHAITANYA0BCF,chunk_20260701-0500-CHAITANYA0BCF,False,within_chunk,1,M1-L-3
ses_20260701-051820-CHAITANYA0BCF,14,2026-07-01T05:27:37.637Z,2026-07-01T05:28:31.518Z,53.881,102,chunk_20260701-0500-CHAITANYA0BCF,chunk_20260701-0500-CHAITANYA0BCF,False,within_chunk,2,M1-M-4
ses_20260701-051820-CHAITANYA0BCF,15,2026-07-01T05:28:49.184Z,2026-07-01T05:29:16.390Z,27.206,59,chunk_20260701-0500-CHAITANYA0BCF,chunk_20260701-0500-CHAITANYA0BCF,False,within_chunk,2,M1-I-2
ses_20260701-051820-CHAITANYA0BCF,16,2026-07-01T05:29:16.396Z,2026-07-01T05:29:46.421Z,30.025,94,chunk_20260701-0500-CHAITANYA0BCF,chunk_20260701-0500-CHAITANYA0BCF,False,within_chunk,2,M1-L-4
ses_20260701-051820-CHAITANYA0BCF,17,2026-07-01T05:29:46.434Z,2026-07-01T05:31:01.454Z,75.02,149,chunk_20260701-0500-CHAITANYA0BCF,chunk_20260701-0530-CHAITANYA0BCF,True,continuation_across_chunk,2,M1-C-4
ses_20260701-051820-CHAITANYA0BCF,18,2026-07-01T05:31:05.413Z,2026-07-01T05:31:27.579Z,22.166,52,chunk_20260701-0530-CHAITANYA0BCF,chunk_20260701-0530-CHAITANYA0BCF,False,within_chunk,2,M1-B-1
ses_20260701-051820-CHAITANYA0BCF,19,2026-07-01T05:31:27.615Z,2026-07-01T05:32:12.045Z,44.43,105,chunk_20260701-0530-CHAITANYA0BCF,chunk_20260701-0530-CHAITANYA0BCF,False,within_chunk,2,M1-J-1
ses_20260701-051820-CHAITANYA0BCF,20,2026-07-01T05:32:28.166Z,2026-07-01T05:32:29.412Z,1.246,9,chunk_20260701-0530-CHAITANYA0BCF,chunk_20260701-0530-CHAITANYA0BCF,False,within_chunk,1,M1-I-3
ses_20260701-051820-CHAITANYA0BCF,21,2026-07-01T05:32:50.523Z,2026-07-01T05:32:57.813Z,7.29,42,chunk_20260701-0530-CHAITANYA0BCF,chunk_20260701-0530-CHAITANYA0BCF,False,within_chunk,1,M1-I-3
ses_20260701-051820-CHAITANYA0BCF,22,2026-07-01T05:33:01.966Z,2026-07-01T05:33:27.770Z,25.804,65,chunk_20260701-0530-CHAITANYA0BCF,chunk_20260701-0530-CHAITANYA0BCF,False,within_chunk,2,M1-J-2
ses_20260701-051820-CHAITANYA0BCF,23,2026-07-01T05:33:27.833Z,2026-07-01T05:33:45.453Z,17.62,64,chunk_20260701-0530-CHAITANYA0BCF,chunk_20260701-0530-CHAITANYA0BCF,False,within_chunk,1,M1-B-2
ses_20260701-051820-CHAITANYA0BCF,24,2026-07-01T05:33:50.407Z,2026-07-01T05:34:45.553Z,55.146,141,chunk_20260701-0530-CHAITANYA0BCF,chunk_20260701-0530-CHAITANYA0BCF,False,within_chunk,2,M1-E-3
ses_20260701-051820-CHAITANYA0BCF,25,2026-07-01T05:34:45.584Z,2026-07-01T05:36:19.877Z,94.293,122,chunk_20260701-0530-CHAITANYA0BCF,chunk_20260701-0530-CHAITANYA0BCF,False,within_chunk,1,M1-J-3
ses_20260701-051820-CHAITANYA0BCF,26,2026-07-01T05:36:31.162Z,2026-07-01T05:37:09.923Z,38.761,37,chunk_20260701-0530-CHAITANYA0BCF,chunk_20260701-0530-CHAITANYA0BCF,False,within_chunk,1,M1-J-3
ses_20260701-051850-LAPTOP-R36BQBTE,1,2026-07-01T05:18:50.953Z,2026-07-01T05:19:09.841Z,18.888,27,chunk_20260701-0500-LAPTOP-R36BQBTE,chunk_20260701-0500-LAPTOP-R36BQBTE,False,within_chunk,0,
ses_20260701-051850-LAPTOP-R36BQBTE,2,2026-07-01T05:20:05.828Z,2026-07-01T05:20:44.988Z,39.16,100,chunk_20260701-0500-LAPTOP-R36BQBTE,chunk_20260701-0500-LAPTOP-R36BQBTE,False,within_chunk,2,M1-C-1
ses_20260701-051850-LAPTOP-R36BQBTE,3,2026-07-01T05:20:45.050Z,2026-07-01T05:21:12.628Z,27.578,56,chunk_20260701-0500-LAPTOP-R36BQBTE,chunk_20260701-0500-LAPTOP-R36BQBTE,False,within_chunk,1,M1-I-1
ses_20260701-051850-LAPTOP-R36BQBTE,4,2026-07-01T05:21:27.988Z,2026-07-01T05:22:27.427Z,59.439,109,chunk_20260701-0500-LAPTOP-R36BQBTE,chunk_20260701-0500-LAPTOP-R36BQBTE,False,within_chunk,3,M1-N-1
ses_20260701-051850-LAPTOP-R36BQBTE,5,2026-07-01T05:22:27.454Z,2026-07-01T05:22:46.901Z,19.447,43,chunk_20260701-0500-LAPTOP-R36BQBTE,chunk_20260701-0500-LAPTOP-R36BQBTE,False,within_chunk,1,M1-I-2
ses_20260701-051850-LAPTOP-R36BQBTE,6,2026-07-01T05:23:03.367Z,2026-07-01T05:24:20.061Z,76.694,172,chunk_20260701-0500-LAPTOP-R36BQBTE,chunk_20260701-0500-LAPTOP-R36BQBTE,False,within_chunk,3,M1-K-1
ses_20260701-051850-LAPTOP-R36BQBTE,7,2026-07-01T05:24:23.423Z,2026-07-01T05:24:23.493Z,0.07,4,chunk_20260701-0500-LAPTOP-R36BQBTE,chunk_20260701-0500-LAPTOP-R36BQBTE,False,within_chunk,1,M1-C-2
ses_20260701-051850-LAPTOP-R36BQBTE,8,2026-07-01T05:24:23.495Z,2026-07-01T05:24:23.909Z,0.414,8,chunk_20260701-0500-LAPTOP-R36BQBTE,chunk_20260701-0500-LAPTOP-R36BQBTE,False,within_chunk,1,M1-C-2
ses_20260701-051850-LAPTOP-R36BQBTE,9,2026-07-01T05:24:26.696Z,2026-07-01T05:24:58.453Z,31.757,56,chunk_20260701-0500-LAPTOP-R36BQBTE,chunk_20260701-0500-LAPTOP-R36BQBTE,False,within_chunk,2,M1-C-2
ses_20260701-051850-LAPTOP-R36BQBTE,10,2026-07-01T05:24:58.465Z,2026-07-01T05:26:01.690Z,63.225,133,chunk_20260701-0500-LAPTOP-R36BQBTE,chunk_20260701-0500-LAPTOP-R36BQBTE,False,within_chunk,3,M1-H-2
ses_20260701-051850-LAPTOP-R36BQBTE,11,2026-07-01T05:26:01.710Z,2026-07-01T05:27:28.444Z,86.734,211,chunk_20260701-0500-LAPTOP-R36BQBTE,chunk_20260701-0500-LAPTOP-R36BQBTE,False,within_chunk,3,M1-C-3
ses_20260701-051850-LAPTOP-R36BQBTE,12,2026-07-01T05:27:49.974Z,2026-07-01T05:27:50.623Z,0.649,6,chunk_20260701-0500-LAPTOP-R36BQBTE,chunk_20260701-0500-LAPTOP-R36BQBTE,False,within_chunk,1,M1-D-1
ses_20260701-051850-LAPTOP-R36BQBTE,13,2026-07-01T05:27:50.767Z,2026-07-01T05:28:26.372Z,35.605,105,chunk_20260701-0500-LAPTOP-R36BQBTE,chunk_20260701-0500-LAPTOP-R36BQBTE,False,within_chunk,3,M1-K-2
ses_20260701-051850-LAPTOP-R36BQBTE,14,2026-07-01T05:28:26.373Z,2026-07-01T05:28:51.169Z,24.796,71,chunk_20260701-0500-LAPTOP-R36BQBTE,chunk_20260701-0500-LAPTOP-R36BQBTE,False,within_chunk,1,M1-H-3
ses_20260701-051850-LAPTOP-R36BQBTE,15,2026-07-01T05:28:51.563Z,2026-07-01T05:28:51.714Z,0.151,4,chunk_20260701-0500-LAPTOP-R36BQBTE,chunk_20260701-0500-LAPTOP-R36BQBTE,False,within_chunk,1,M1-L-1
ses_20260701-051850-LAPTOP-R36BQBTE,16,2026-07-01T05:28:51.725Z,2026-07-01T05:29:12.116Z,20.391,61,chunk_20260701-0500-LAPTOP-R36BQBTE,chunk_20260701-0500-LAPTOP-R36BQBTE,False,within_chunk,1,M1-L-1
ses_20260701-051850-LAPTOP-R36BQBTE,17,2026-07-01T05:29:15.516Z,2026-07-01T05:29:16.192Z,0.676,6,chunk_20260701-0500-LAPTOP-R36BQBTE,chunk_20260701-0500-LAPTOP-R36BQBTE,False,within_chunk,2,M1-I-3
ses_20260701-051850-LAPTOP-R36BQBTE,18,2026-07-01T05:29:16.226Z,2026-07-01T05:30:18.714Z,62.488,100,chunk_20260701-0500-LAPTOP-R36BQBTE,chunk_20260701-0530-LAPTOP-R36BQBTE,True,continuation_across_chunk,2,M1-I-3
ses_20260701-051850-LAPTOP-R36BQBTE,19,2026-07-01T05:30:21.578Z,2026-07-01T05:30:29.578Z,8.0,14,chunk_20260701-0530-LAPTOP-R36BQBTE,chunk_20260701-0530-LAPTOP-R36BQBTE,False,within_chunk,2,M1-G-1
ses_20260701-051850-LAPTOP-R36BQBTE,20,2026-07-01T05:30:29.612Z,2026-07-01T05:30:30.008Z,0.396,8,chunk_20260701-0530-LAPTOP-R36BQBTE,chunk_20260701-0530-LAPTOP-R36BQBTE,False,within_chunk,1,M1-K-3
ses_20260701-051850-LAPTOP-R36BQBTE,21,2026-07-01T05:30:32.906Z,2026-07-01T05:30:58.721Z,25.815,66,chunk_20260701-0530-LAPTOP-R36BQBTE,chunk_20260701-0530-LAPTOP-R36BQBTE,False,within_chunk,1,M1-K-3
ses_20260701-051850-LAPTOP-R36BQBTE,22,2026-07-01T05:30:58.726Z,2026-07-01T05:31:29.324Z,30.598,77,chunk_20260701-0530-LAPTOP-R36BQBTE,chunk_20260701-0530-LAPTOP-R36BQBTE,False,within_chunk,1,M1-G-3
ses_20260701-051850-LAPTOP-R36BQBTE,23,2026-07-01T05:31:32.866Z,2026-07-01T05:31:41.384Z,8.518,17,chunk_20260701-0530-LAPTOP-R36BQBTE,chunk_20260701-0530-LAPTOP-R36BQBTE,False,within_chunk,1,M1-G-3
ses_20260701-051850-LAPTOP-R36BQBTE,24,2026-07-01T05:31:47.446Z,2026-07-01T05:32:13.556Z,26.11,56,chunk_20260701-0530-LAPTOP-R36BQBTE,chunk_20260701-0530-LAPTOP-R36BQBTE,False,within_chunk,2,M1-H-4
ses_20260701-051850-LAPTOP-R36BQBTE,25,2026-07-01T05:32:13.596Z,2026-07-01T05:32:38.753Z,25.157,70,chunk_20260701-0530-LAPTOP-R36BQBTE,chunk_20260701-0530-LAPTOP-R36BQBTE,False,within_chunk,2,M1-A-2
ses_20260701-051850-LAPTOP-R36BQBTE,26,2026-07-01T05:32:38.791Z,2026-07-01T05:33:03.552Z,24.761,90,chunk_20260701-0530-LAPTOP-R36BQBTE,chunk_20260701-0530-LAPTOP-R36BQBTE,False,within_chunk,2,M1-K-4
ses_20260701-051850-LAPTOP-R36BQBTE,27,2026-07-01T05:33:03.585Z,2026-07-01T05:33:31.923Z,28.338,79,chunk_20260701-0530-LAPTOP-R36BQBTE,chunk_20260701-0530-LAPTOP-R36BQBTE,False,within_chunk,1,M1-G-4
ses_20260701-051850-LAPTOP-R36BQBTE,28,2026-07-01T05:33:33.803Z,2026-07-01T05:33:56.458Z,22.655,47,chunk_20260701-0530-LAPTOP-R36BQBTE,chunk_20260701-0530-LAPTOP-R36BQBTE,False,within_chunk,1,M1-D-2
ses_20260701-051850-LAPTOP-R36BQBTE,29,2026-07-01T05:33:59.964Z,2026-07-01T05:34:04.942Z,4.978,11,chunk_20260701-0530-LAPTOP-R36BQBTE,chunk_20260701-0530-LAPTOP-R36BQBTE,False,within_chunk,2,M1-D-2
ses_20260701-051850-LAPTOP-R36BQBTE,30,2026-07-01T05:34:04.951Z,2026-07-01T05:34:33.610Z,28.659,83,chunk_20260701-0530-LAPTOP-R36BQBTE,chunk_20260701-0530-LAPTOP-R36BQBTE,False,within_chunk,2,M1-K-5
ses_20260701-051850-LAPTOP-R36BQBTE,31,2026-07-01T05:34:33.650Z,2026-07-01T05:36:58.042Z,144.392,155,chunk_20260701-0530-LAPTOP-R36BQBTE,chunk_20260701-0530-LAPTOP-R36BQBTE,False,within_chunk,2,M1-N-3
ses_20260701-051850-LAPTOP-R36BQBTE,32,2026-07-01T05:37:11.300Z,2026-07-01T05:37:43.302Z,32.002,84,chunk_20260701-0530-LAPTOP-R36BQBTE,chunk_20260701-0530-LAPTOP-R36BQBTE,False,within_chunk,2,M1-A-3
ses_20260701-051850-LAPTOP-R36BQBTE,33,2026-07-01T05:37:43.310Z,2026-07-01T05:38:12.895Z,29.585,68,chunk_20260701-0530-LAPTOP-R36BQBTE,chunk_20260701-0530-LAPTOP-R36BQBTE,False,within_chunk,0,
ses_20260701-051850-LAPTOP-R36BQBTE,34,2026-07-01T05:38:19.715Z,2026-07-01T05:38:23.535Z,3.82,16,chunk_20260701-0530-LAPTOP-R36BQBTE,chunk_20260701-0530-LAPTOP-R36BQBTE,False,within_chunk,0,
ses_20260701-051850-LAPTOP-R36BQBTE,35,2026-07-01T05:38:27.858Z,2026-07-01T05:38:36.979Z,9.121,18,chunk_20260701-0530-LAPTOP-R36BQBTE,chunk_20260701-0530-LAPTOP-R36BQBTE,False,within_chunk,0,
ses_20260701-051850-LAPTOP-R36BQBTE,36,2026-07-01T05:38:43.395Z,2026-07-01T05:39:07.643Z,24.248,68,chunk_20260701-0530-LAPTOP-R36BQBTE,chunk_20260701-0530-LAPTOP-R36BQBTE,False,within_chunk,1,M1-L-4
ses_20260701-051850-LAPTOP-R36BQBTE,37,2026-07-01T05:39:07.655Z,2026-07-01T05:40:45.855Z,98.2,184,chunk_20260701-0530-LAPTOP-R36BQBTE,chunk_20260701-0530-LAPTOP-R36BQBTE,False,within_chunk,2,M1-C-4
ses_20260701-051850-LAPTOP-R36BQBTE,38,2026-07-01T05:46:55.560Z,2026-07-01T05:46:58.661Z,3.101,17,chunk_20260701-0530-LAPTOP-R36BQBTE,chunk_20260701-0530-LAPTOP-R36BQBTE,False,within_chunk,0,
ses_20260701-053005-MSI,1,2026-07-01T05:30:05.181Z,2026-07-01T05:31:24.475Z,79.294,75,chunk_20260701-0530-MSI,chunk_20260701-0530-MSI,False,within_chunk,1,M1-F-1
ses_20260701-053005-MSI,2,2026-07-01T05:31:25.562Z,2026-07-01T05:31:51.898Z,26.336,79,chunk_20260701-0530-MSI,chunk_20260701-0530-MSI,False,within_chunk,2,M1-F-1
ses_20260701-053005-MSI,3,2026-07-01T05:31:51.917Z,2026-07-01T05:32:28.857Z,36.94,106,chunk_20260701-0530-MSI,chunk_20260701-0530-MSI,False,within_chunk,1,M1-C-1
ses_20260701-053005-MSI,4,2026-07-01T05:32:33.203Z,2026-07-01T05:35:31.696Z,178.493,243,chunk_20260701-0530-MSI,chunk_20260701-0530-MSI,False,within_chunk,4,M1-D-1
ses_20260701-053005-MSI,5,2026-07-01T05:35:31.707Z,2026-07-01T05:36:12.229Z,40.522,82,chunk_20260701-0530-MSI,chunk_20260701-0530-MSI,False,within_chunk,2,M1-N-1
ses_20260701-053005-MSI,6,2026-07-01T05:36:12.286Z,2026-07-01T05:36:37.683Z,25.397,87,chunk_20260701-0530-MSI,chunk_20260701-0530-MSI,False,within_chunk,1,M1-A-2
ses_20260701-053005-MSI,7,2026-07-01T05:36:41.522Z,2026-07-01T05:37:06.498Z,24.976,78,chunk_20260701-0530-MSI,chunk_20260701-0530-MSI,False,within_chunk,1,M1-E-1
ses_20260701-053005-MSI,8,2026-07-01T05:37:09.922Z,2026-07-01T05:38:13.984Z,64.062,125,chunk_20260701-0530-MSI,chunk_20260701-0530-MSI,False,within_chunk,3,M1-D-2
ses_20260701-053005-MSI,9,2026-07-01T05:38:14.025Z,2026-07-01T05:38:37.099Z,23.074,83,chunk_20260701-0530-MSI,chunk_20260701-0530-MSI,False,within_chunk,2,M1-F-2
ses_20260701-053005-MSI,10,2026-07-01T05:38:37.149Z,2026-07-01T05:39:04.454Z,27.305,106,chunk_20260701-0530-MSI,chunk_20260701-0530-MSI,False,within_chunk,1,M1-A-4
ses_20260701-053005-MSI,11,2026-07-01T05:39:08.523Z,2026-07-01T05:39:33.665Z,25.142,62,chunk_20260701-0530-MSI,chunk_20260701-0530-MSI,False,within_chunk,1,M1-E-2
ses_20260701-053005-MSI,12,2026-07-01T05:39:37.227Z,2026-07-01T05:40:09.752Z,32.525,67,chunk_20260701-0530-MSI,chunk_20260701-0530-MSI,False,within_chunk,1,M1-C-2
ses_20260701-053005-MSI,13,2026-07-01T05:40:14.450Z,2026-07-01T05:40:31.985Z,17.535,40,chunk_20260701-0530-MSI,chunk_20260701-0530-MSI,False,within_chunk,1,M1-B-3
ses_20260701-053005-MSI,14,2026-07-01T05:40:32.021Z,2026-07-01T05:41:19.678Z,47.657,65,chunk_20260701-0530-MSI,chunk_20260701-0530-MSI,False,within_chunk,2,M1-D-3
ses_20260701-053005-MSI,15,2026-07-01T05:41:24.003Z,2026-07-01T05:41:47.620Z,23.617,56,chunk_20260701-0530-MSI,chunk_20260701-0530-MSI,False,within_chunk,2,M1-B-4
ses_20260701-053005-MSI,16,2026-07-01T05:41:47.668Z,2026-07-01T05:43:11.152Z,83.484,177,chunk_20260701-0530-MSI,chunk_20260701-0530-MSI,False,within_chunk,2,M1-M-1
ses_20260701-053005-MSI,17,2026-07-01T05:43:32.854Z,2026-07-01T05:43:40.549Z,7.695,28,chunk_20260701-0530-MSI,chunk_20260701-0530-MSI,False,within_chunk,1,M1-N-3
ses_20260701-053005-MSI,18,2026-07-01T05:43:44.480Z,2026-07-01T05:44:48.994Z,64.514,116,chunk_20260701-0530-MSI,chunk_20260701-0530-MSI,False,within_chunk,1,M1-M-3
ses_20260701-053005-MSI,19,2026-07-01T05:44:52.879Z,2026-07-01T05:45:18.087Z,25.208,81,chunk_20260701-0530-MSI,chunk_20260701-0530-MSI,False,within_chunk,1,M1-O-1
ses_20260701-053005-MSI,20,2026-07-01T05:45:18.091Z,2026-07-01T05:46:36.760Z,78.669,221,chunk_20260701-0530-MSI,chunk_20260701-0530-MSI,False,within_chunk,2,M1-F-5
ses_20260701-053005-MSI,21,2026-07-01T05:46:36.774Z,2026-07-01T05:47:41.367Z,64.593,193,chunk_20260701-0530-MSI,chunk_20260701-0530-MSI,False,within_chunk,1,M1-M-4
ses_20260701-053005-MSI,22,2026-07-01T05:47:41.897Z,2026-07-01T05:48:43.178Z,61.281,157,chunk_20260701-0530-MSI,chunk_20260701-0530-MSI,False,within_chunk,2,M1-C-3
ses_20260701-053005-MSI,23,2026-07-01T05:48:47.070Z,2026-07-01T05:49:21.867Z,34.797,70,chunk_20260701-0530-MSI,chunk_20260701-0530-MSI,False,within_chunk,1,M1-C-4
ses_20260701-053005-MSI,24,2026-07-01T05:49:22.088Z,2026-07-01T05:51:48.234Z,146.146,285,chunk_20260701-0530-MSI,chunk_20260701-0530-MSI,False,within_chunk,2,M1-O-3
ses_20260701-053720-SIDDHIGUPTAB00B,1,2026-07-01T05:37:20.510Z,2026-07-01T05:38:34.764Z,74.254,90,chunk_20260701-0530-SIDDHIGUPTAB00B,chunk_20260701-0530-SIDDHIGUPTAB00B,False,within_chunk,1,M1-F-1
ses_20260701-053720-SIDDHIGUPTAB00B,2,2026-07-01T05:39:09.990Z,2026-07-01T05:39:30.766Z,20.776,53,chunk_20260701-0530-SIDDHIGUPTAB00B,chunk_20260701-0530-SIDDHIGUPTAB00B,False,within_chunk,1,M1-L-1
ses_20260701-053720-SIDDHIGUPTAB00B,3,2026-07-01T05:39:47.495Z,2026-07-01T05:40:10.877Z,23.382,82,chunk_20260701-0530-SIDDHIGUPTAB00B,chunk_20260701-0530-SIDDHIGUPTAB00B,False,within_chunk,2,M1-F-2
ses_20260701-053720-SIDDHIGUPTAB00B,4,2026-07-01T05:40:42.475Z,2026-07-01T05:41:47.245Z,64.77,88,chunk_20260701-0530-SIDDHIGUPTAB00B,chunk_20260701-0530-SIDDHIGUPTAB00B,False,within_chunk,2,M1-I-1
ses_20260701-053720-SIDDHIGUPTAB00B,5,2026-07-01T05:41:47.250Z,2026-07-01T05:42:28.113Z,40.863,90,chunk_20260701-0530-SIDDHIGUPTAB00B,chunk_20260701-0530-SIDDHIGUPTAB00B,False,within_chunk,2,M1-D-1
ses_20260701-053720-SIDDHIGUPTAB00B,6,2026-07-01T05:42:28.147Z,2026-07-01T05:42:53.887Z,25.74,80,chunk_20260701-0530-SIDDHIGUPTAB00B,chunk_20260701-0530-SIDDHIGUPTAB00B,False,within_chunk,1,M1-J-1
ses_20260701-053720-SIDDHIGUPTAB00B,7,2026-07-01T05:42:54.315Z,2026-07-01T05:42:54.415Z,0.1,4,chunk_20260701-0530-SIDDHIGUPTAB00B,chunk_20260701-0530-SIDDHIGUPTAB00B,False,within_chunk,1,M1-L-2
ses_20260701-053720-SIDDHIGUPTAB00B,8,2026-07-01T05:42:54.463Z,2026-07-01T05:43:14.885Z,20.422,69,chunk_20260701-0530-SIDDHIGUPTAB00B,chunk_20260701-0530-SIDDHIGUPTAB00B,False,within_chunk,1,M1-L-2
ses_20260701-053720-SIDDHIGUPTAB00B,9,2026-07-01T05:43:18.532Z,2026-07-01T05:43:18.604Z,0.072,4,chunk_20260701-0530-SIDDHIGUPTAB00B,chunk_20260701-0530-SIDDHIGUPTAB00B,False,within_chunk,0,
ses_20260701-053720-SIDDHIGUPTAB00B,10,2026-07-01T05:43:18.806Z,2026-07-01T05:43:19.146Z,0.34,7,chunk_20260701-0530-SIDDHIGUPTAB00B,chunk_20260701-0530-SIDDHIGUPTAB00B,False,within_chunk,0,
ses_20260701-053720-SIDDHIGUPTAB00B,11,2026-07-01T05:43:19.756Z,2026-07-01T05:43:40.697Z,20.941,84,chunk_20260701-0530-SIDDHIGUPTAB00B,chunk_20260701-0530-SIDDHIGUPTAB00B,False,within_chunk,0,
ses_20260701-053720-SIDDHIGUPTAB00B,12,2026-07-01T05:44:20.132Z,2026-07-01T05:44:41.646Z,21.514,58,chunk_20260701-0530-SIDDHIGUPTAB00B,chunk_20260701-0530-SIDDHIGUPTAB00B,False,within_chunk,1,M1-F-4
ses_20260701-053720-SIDDHIGUPTAB00B,13,2026-07-01T05:45:12.804Z,2026-07-01T05:45:44.062Z,31.258,34,chunk_20260701-0530-SIDDHIGUPTAB00B,chunk_20260701-0530-SIDDHIGUPTAB00B,False,within_chunk,2,M1-I-2
ses_20260701-053720-SIDDHIGUPTAB00B,14,2026-07-01T05:46:02.147Z,2026-07-01T05:46:31.633Z,29.486,53,chunk_20260701-0530-SIDDHIGUPTAB00B,chunk_20260701-0530-SIDDHIGUPTAB00B,False,within_chunk,1,M1-I-2
ses_20260701-053720-SIDDHIGUPTAB00B,15,2026-07-01T05:46:35.542Z,2026-07-01T05:46:57.280Z,21.738,58,chunk_20260701-0530-SIDDHIGUPTAB00B,chunk_20260701-0530-SIDDHIGUPTAB00B,False,within_chunk,2,M1-H-1
ses_20260701-053720-SIDDHIGUPTAB00B,16,2026-07-01T05:46:57.304Z,2026-07-01T05:47:24.555Z,27.251,69,chunk_20260701-0530-SIDDHIGUPTAB00B,chunk_20260701-0530-SIDDHIGUPTAB00B,False,within_chunk,1,M1-L-3
ses_20260701-053720-SIDDHIGUPTAB00B,17,2026-07-01T05:47:25.092Z,2026-07-01T05:47:25.213Z,0.121,4,chunk_20260701-0530-SIDDHIGUPTAB00B,chunk_20260701-0530-SIDDHIGUPTAB00B,False,within_chunk,1,M1-C-1
ses_20260701-053720-SIDDHIGUPTAB00B,18,2026-07-01T05:47:25.244Z,2026-07-01T05:48:08.693Z,43.449,90,chunk_20260701-0530-SIDDHIGUPTAB00B,chunk_20260701-0530-SIDDHIGUPTAB00B,False,within_chunk,1,M1-C-1
ses_20260701-053720-SIDDHIGUPTAB00B,19,2026-07-01T05:48:09.046Z,2026-07-01T05:48:09.251Z,0.205,6,chunk_20260701-0530-SIDDHIGUPTAB00B,chunk_20260701-0530-SIDDHIGUPTAB00B,False,within_chunk,1,M1-G-1
ses_20260701-053720-SIDDHIGUPTAB00B,20,2026-07-01T05:48:09.311Z,2026-07-01T05:48:42.333Z,33.022,161,chunk_20260701-0530-SIDDHIGUPTAB00B,chunk_20260701-0530-SIDDHIGUPTAB00B,False,within_chunk,1,M1-G-1
ses_20260701-053720-SIDDHIGUPTAB00B,21,2026-07-01T05:48:42.470Z,2026-07-01T05:49:10.059Z,27.589,64,chunk_20260701-0530-SIDDHIGUPTAB00B,chunk_20260701-0530-SIDDHIGUPTAB00B,False,within_chunk,2,M1-H-2
ses_20260701-053720-SIDDHIGUPTAB00B,22,2026-07-01T05:49:14.243Z,2026-07-01T05:50:12.210Z,57.967,81,chunk_20260701-0530-SIDDHIGUPTAB00B,chunk_20260701-0530-SIDDHIGUPTAB00B,False,within_chunk,2,M1-I-3
ses_20260701-053720-SIDDHIGUPTAB00B,23,2026-07-01T05:50:12.232Z,2026-07-01T05:50:48.307Z,36.075,82,chunk_20260701-0530-SIDDHIGUPTAB00B,chunk_20260701-0530-SIDDHIGUPTAB00B,False,within_chunk,1,M1-N-1
ses_20260701-053720-SIDDHIGUPTAB00B,24,2026-07-01T05:50:51.672Z,2026-07-01T05:50:51.777Z,0.105,5,chunk_20260701-0530-SIDDHIGUPTAB00B,chunk_20260701-0530-SIDDHIGUPTAB00B,False,within_chunk,1,M1-G-2
ses_20260701-053720-SIDDHIGUPTAB00B,25,2026-07-01T05:50:51.937Z,2026-07-01T05:51:09.346Z,17.409,59,chunk_20260701-0530-SIDDHIGUPTAB00B,chunk_20260701-0530-SIDDHIGUPTAB00B,False,within_chunk,1,M1-G-2
ses_20260701-053720-SIDDHIGUPTAB00B,26,2026-07-01T05:51:10.556Z,2026-07-01T05:51:55.498Z,44.942,156,chunk_20260701-0530-SIDDHIGUPTAB00B,chunk_20260701-0530-SIDDHIGUPTAB00B,False,within_chunk,2,M1-H-3
ses_20260701-053720-SIDDHIGUPTAB00B,27,2026-07-01T05:51:55.578Z,2026-07-01T05:52:00.313Z,4.735,18,chunk_20260701-0530-SIDDHIGUPTAB00B,chunk_20260701-0530-SIDDHIGUPTAB00B,False,within_chunk,1,M1-H-3
ses_20260701-053720-SIDDHIGUPTAB00B,28,2026-07-01T05:52:01.267Z,2026-07-01T05:52:44.776Z,43.509,83,chunk_20260701-0530-SIDDHIGUPTAB00B,chunk_20260701-0530-SIDDHIGUPTAB00B,False,within_chunk,1,M1-D-3
ses_20260701-053720-SIDDHIGUPTAB00B,29,2026-07-01T05:53:01.717Z,2026-07-01T05:53:11.902Z,10.185,33,chunk_20260701-0530-SIDDHIGUPTAB00B,chunk_20260701-0530-SIDDHIGUPTAB00B,False,within_chunk,2,M1-D-3
ses_20260701-053720-SIDDHIGUPTAB00B,30,2026-07-01T05:53:11.924Z,2026-07-01T05:53:33.684Z,21.76,94,chunk_20260701-0530-SIDDHIGUPTAB00B,chunk_20260701-0530-SIDDHIGUPTAB00B,False,within_chunk,1,M1-L-4
ses_20260701-053720-SIDDHIGUPTAB00B,31,2026-07-01T05:53:35.658Z,2026-07-01T05:54:13.449Z,37.791,97,chunk_20260701-0530-SIDDHIGUPTAB00B,chunk_20260701-0530-SIDDHIGUPTAB00B,False,within_chunk,3,M1-H-4
ses_20260701-053720-SIDDHIGUPTAB00B,32,2026-07-01T05:54:13.461Z,2026-07-01T05:54:47.228Z,33.767,85,chunk_20260701-0530-SIDDHIGUPTAB00B,chunk_20260701-0530-SIDDHIGUPTAB00B,False,within_chunk,2,M1-N-2
ses_20260701-053720-SIDDHIGUPTAB00B,33,2026-07-01T05:54:47.314Z,2026-07-01T05:55:10.333Z,23.019,74,chunk_20260701-0530-SIDDHIGUPTAB00B,chunk_20260701-0530-SIDDHIGUPTAB00B,False,within_chunk,1,M1-G-3
ses_20260701-053720-SIDDHIGUPTAB00B,34,2026-07-01T05:55:14.558Z,2026-07-01T05:55:37.505Z,22.947,57,chunk_20260701-0530-SIDDHIGUPTAB00B,chunk_20260701-0530-SIDDHIGUPTAB00B,False,within_chunk,2,M1-J-2
ses_20260701-053720-SIDDHIGUPTAB00B,35,2026-07-01T05:55:37.516Z,2026-07-01T05:56:16.369Z,38.853,72,chunk_20260701-0530-SIDDHIGUPTAB00B,chunk_20260701-0530-SIDDHIGUPTAB00B,False,within_chunk,1,M1-C-2
ses_20260701-053720-SIDDHIGUPTAB00B,36,2026-07-01T05:56:16.899Z,2026-07-01T05:56:16.989Z,0.09,6,chunk_20260701-0530-SIDDHIGUPTAB00B,chunk_20260701-0530-SIDDHIGUPTAB00B,False,within_chunk,1,M1-N-3
ses_20260701-053720-SIDDHIGUPTAB00B,37,2026-07-01T05:56:17.036Z,2026-07-01T05:56:53.775Z,36.739,81,chunk_20260701-0530-SIDDHIGUPTAB00B,chunk_20260701-0530-SIDDHIGUPTAB00B,False,within_chunk,1,M1-N-3
ses_20260701-053720-SIDDHIGUPTAB00B,38,2026-07-01T05:56:54.423Z,2026-07-01T05:56:54.516Z,0.093,6,chunk_20260701-0530-SIDDHIGUPTAB00B,chunk_20260701-0530-SIDDHIGUPTAB00B,False,within_chunk,1,M1-C-3
ses_20260701-053720-SIDDHIGUPTAB00B,39,2026-07-01T05:56:54.686Z,2026-07-01T05:57:43.332Z,48.646,166,chunk_20260701-0530-SIDDHIGUPTAB00B,chunk_20260701-0530-SIDDHIGUPTAB00B,False,within_chunk,1,M1-C-3
ses_20260701-053720-SIDDHIGUPTAB00B,40,2026-07-01T05:57:43.564Z,2026-07-01T05:58:14.580Z,31.016,97,chunk_20260701-0530-SIDDHIGUPTAB00B,chunk_20260701-0530-SIDDHIGUPTAB00B,False,within_chunk,2,M1-G-4
ses_20260701-053720-SIDDHIGUPTAB00B,41,2026-07-01T05:58:18.449Z,2026-07-01T05:58:43.110Z,24.661,61,chunk_20260701-0530-SIDDHIGUPTAB00B,chunk_20260701-0530-SIDDHIGUPTAB00B,False,within_chunk,1,M1-J-3
ses_20260701-053720-SIDDHIGUPTAB00B,42,2026-07-01T05:58:59.882Z,2026-07-01T05:59:37.692Z,37.81,92,chunk_20260701-0530-SIDDHIGUPTAB00B,chunk_20260701-0530-SIDDHIGUPTAB00B,False,within_chunk,2,M1-C-4
ses_20260701-053720-SIDDHIGUPTAB00B,43,2026-07-01T06:00:13.778Z,2026-07-01T06:00:33.054Z,19.276,11,chunk_20260701-0600-SIDDHIGUPTAB00B,chunk_20260701-0600-SIDDHIGUPTAB00B,False,within_chunk,1,M1-C-4
ses_20260701-053720-SIDDHIGUPTAB00B,44,2026-07-01T06:00:47.433Z,2026-07-01T06:00:48.907Z,1.474,6,chunk_20260701-0600-SIDDHIGUPTAB00B,chunk_20260701-0600-SIDDHIGUPTAB00B,False,within_chunk,1,M1-C-4
ses_20260701-053720-SIDDHIGUPTAB00B,45,2026-07-01T06:01:07.852Z,2026-07-01T06:01:24.677Z,16.825,10,chunk_20260701-0600-SIDDHIGUPTAB00B,chunk_20260701-0600-SIDDHIGUPTAB00B,False,within_chunk,1,M1-C-4
ses_20260701-053720-SIDDHIGUPTAB00B,46,2026-07-01T06:01:24.852Z,2026-07-01T06:03:06.632Z,101.78,229,chunk_20260701-0600-SIDDHIGUPTAB00B,chunk_20260701-0600-SIDDHIGUPTAB00B,False,within_chunk,1,M1-E-3
ses_20260701-054901-LAPTOP-R36BQBTE,1,2026-07-01T05:49:01.927Z,2026-07-01T05:49:21.273Z,19.346,36,chunk_20260701-0530-LAPTOP-R36BQBTE,chunk_20260701-0530-LAPTOP-R36BQBTE,False,within_chunk,0,
ses_20260701-054901-LAPTOP-R36BQBTE,2,2026-07-01T05:50:14.846Z,2026-07-01T05:50:33.052Z,18.206,59,chunk_20260701-0530-LAPTOP-R36BQBTE,chunk_20260701-0530-LAPTOP-R36BQBTE,False,within_chunk,1,M1-F-1
ses_20260701-054901-LAPTOP-R36BQBTE,3,2026-07-01T05:50:39.205Z,2026-07-01T05:50:43.778Z,4.573,16,chunk_20260701-0530-LAPTOP-R36BQBTE,chunk_20260701-0530-LAPTOP-R36BQBTE,False,within_chunk,1,M1-F-1
ses_20260701-054901-LAPTOP-R36BQBTE,4,2026-07-01T05:50:47.613Z,2026-07-01T05:50:58.093Z,10.48,20,chunk_20260701-0530-LAPTOP-R36BQBTE,chunk_20260701-0530-LAPTOP-R36BQBTE,False,within_chunk,2,M1-F-1
ses_20260701-054901-LAPTOP-R36BQBTE,5,2026-07-01T05:50:58.584Z,2026-07-01T05:51:25.044Z,26.46,69,chunk_20260701-0530-LAPTOP-R36BQBTE,chunk_20260701-0530-LAPTOP-R36BQBTE,False,within_chunk,2,M1-A-1
ses_20260701-054901-LAPTOP-R36BQBTE,6,2026-07-01T05:51:25.091Z,2026-07-01T05:51:47.383Z,22.292,63,chunk_20260701-0530-LAPTOP-R36BQBTE,chunk_20260701-0530-LAPTOP-R36BQBTE,False,within_chunk,2,M1-F-2
ses_20260701-054901-LAPTOP-R36BQBTE,7,2026-07-01T05:51:47.894Z,2026-07-01T05:52:21.001Z,33.107,78,chunk_20260701-0530-LAPTOP-R36BQBTE,chunk_20260701-0530-LAPTOP-R36BQBTE,False,within_chunk,1,M1-L-1
ses_20260701-054901-LAPTOP-R36BQBTE,8,2026-07-01T05:52:21.010Z,2026-07-01T05:52:29.288Z,8.278,43,chunk_20260701-0530-LAPTOP-R36BQBTE,chunk_20260701-0530-LAPTOP-R36BQBTE,False,within_chunk,1,M1-L-1
ses_20260701-054901-LAPTOP-R36BQBTE,9,2026-07-01T05:52:33.870Z,2026-07-01T05:52:45.903Z,12.033,24,chunk_20260701-0530-LAPTOP-R36BQBTE,chunk_20260701-0530-LAPTOP-R36BQBTE,False,within_chunk,1,M1-L-1
ses_20260701-054901-LAPTOP-R36BQBTE,10,2026-07-01T05:52:45.941Z,2026-07-01T05:53:52.575Z,66.634,186,chunk_20260701-0530-LAPTOP-R36BQBTE,chunk_20260701-0530-LAPTOP-R36BQBTE,False,within_chunk,4,M1-A-2
ses_20260701-054901-LAPTOP-R36BQBTE,11,2026-07-01T05:54:08.809Z,2026-07-01T05:54:09.472Z,0.663,5,chunk_20260701-0530-LAPTOP-R36BQBTE,chunk_20260701-0530-LAPTOP-R36BQBTE,False,within_chunk,1,M1-I-1
ses_20260701-054901-LAPTOP-R36BQBTE,12,2026-07-01T05:54:09.481Z,2026-07-01T05:54:35.366Z,25.885,73,chunk_20260701-0530-LAPTOP-R36BQBTE,chunk_20260701-0530-LAPTOP-R36BQBTE,False,within_chunk,1,M1-I-1
ses_20260701-054901-LAPTOP-R36BQBTE,13,2026-07-01T05:54:42.499Z,2026-07-01T05:55:25.011Z,42.512,73,chunk_20260701-0530-LAPTOP-R36BQBTE,chunk_20260701-0530-LAPTOP-R36BQBTE,False,within_chunk,2,M1-L-2
ses_20260701-054901-LAPTOP-R36BQBTE,14,2026-07-01T05:55:40.017Z,2026-07-01T05:56:33.820Z,53.803,99,chunk_20260701-0530-LAPTOP-R36BQBTE,chunk_20260701-0530-LAPTOP-R36BQBTE,False,within_chunk,2,M1-A-3
ses_20260701-054901-LAPTOP-R36BQBTE,15,2026-07-01T05:56:36.871Z,2026-07-01T05:56:52.785Z,15.914,50,chunk_20260701-0530-LAPTOP-R36BQBTE,chunk_20260701-0530-LAPTOP-R36BQBTE,False,within_chunk,1,M1-A-3
ses_20260701-054901-LAPTOP-R36BQBTE,16,2026-07-01T05:56:52.787Z,2026-07-01T05:57:58.074Z,65.287,105,chunk_20260701-0530-LAPTOP-R36BQBTE,chunk_20260701-0530-LAPTOP-R36BQBTE,False,within_chunk,3,M1-F-3
ses_20260701-054901-LAPTOP-R36BQBTE,17,2026-07-01T05:57:58.095Z,2026-07-01T05:59:06.939Z,68.844,167,chunk_20260701-0530-LAPTOP-R36BQBTE,chunk_20260701-0530-LAPTOP-R36BQBTE,False,within_chunk,3,M1-H-3
ses_20260701-054901-LAPTOP-R36BQBTE,18,2026-07-01T05:59:06.956Z,2026-07-01T06:00:11.126Z,64.17,95,chunk_20260701-0530-LAPTOP-R36BQBTE,chunk_20260701-0600-LAPTOP-R36BQBTE,True,continuation_across_chunk,3,M1-I-2
ses_20260701-054901-LAPTOP-R36BQBTE,19,2026-07-01T06:00:11.152Z,2026-07-01T06:00:42.062Z,30.91,72,chunk_20260701-0600-LAPTOP-R36BQBTE,chunk_20260701-0600-LAPTOP-R36BQBTE,False,within_chunk,1,M1-I-2
ses_20260701-054901-LAPTOP-R36BQBTE,20,2026-07-01T06:00:42.067Z,2026-07-01T06:01:25.020Z,42.953,77,chunk_20260701-0600-LAPTOP-R36BQBTE,chunk_20260701-0600-LAPTOP-R36BQBTE,False,within_chunk,1,M1-I-2
ses_20260701-054901-LAPTOP-R36BQBTE,21,2026-07-01T06:01:25.037Z,2026-07-01T06:02:34.928Z,69.891,180,chunk_20260701-0600-LAPTOP-R36BQBTE,chunk_20260701-0600-LAPTOP-R36BQBTE,False,within_chunk,2,M1-L-3
ses_20260701-054901-LAPTOP-R36BQBTE,22,2026-07-01T06:02:34.936Z,2026-07-01T06:04:29.305Z,114.369,219,chunk_20260701-0600-LAPTOP-R36BQBTE,chunk_20260701-0600-LAPTOP-R36BQBTE,False,within_chunk,1,M1-L-3
ses_20260701-054901-LAPTOP-R36BQBTE,23,2026-07-01T06:04:29.365Z,2026-07-01T06:06:12.802Z,103.437,266,chunk_20260701-0600-LAPTOP-R36BQBTE,chunk_20260701-0600-LAPTOP-R36BQBTE,False,within_chunk,5,M1-J-2
ses_20260701-054901-LAPTOP-R36BQBTE,24,2026-07-01T06:06:12.853Z,2026-07-01T06:07:20.155Z,67.302,101,chunk_20260701-0600-LAPTOP-R36BQBTE,chunk_20260701-0600-LAPTOP-R36BQBTE,False,within_chunk,2,M1-L-4
ses_20260701-054901-LAPTOP-R36BQBTE,25,2026-07-01T06:07:20.201Z,2026-07-01T06:08:21.946Z,61.745,142,chunk_20260701-0600-LAPTOP-R36BQBTE,chunk_20260701-0600-LAPTOP-R36BQBTE,False,within_chunk,2,M1-J-3
ses_20260701-054901-LAPTOP-R36BQBTE,26,2026-07-01T06:09:34.610Z,2026-07-01T06:10:05.527Z,30.917,52,chunk_20260701-0600-LAPTOP-R36BQBTE,chunk_20260701-0600-LAPTOP-R36BQBTE,False,within_chunk,2,M1-N-3
ses_20260701-054901-LAPTOP-R36BQBTE,27,2026-07-01T06:18:37.413Z,2026-07-01T06:18:43.973Z,6.56,47,chunk_20260701-0600-LAPTOP-R36BQBTE,chunk_20260701-0600-LAPTOP-R36BQBTE,False,within_chunk,0,
ses_20260701-054930-CHAITANYA0BCF,1,2026-07-01T05:49:30.898Z,2026-07-01T05:50:25.657Z,54.759,21,chunk_20260701-0530-CHAITANYA0BCF,chunk_20260701-0530-CHAITANYA0BCF,False,within_chunk,1,M1-F-1
ses_20260701-054930-CHAITANYA0BCF,2,2026-07-01T05:50:25.672Z,2026-07-01T05:50:54.888Z,29.216,79,chunk_20260701-0530-CHAITANYA0BCF,chunk_20260701-0530-CHAITANYA0BCF,False,within_chunk,2,M1-F-1
ses_20260701-054930-CHAITANYA0BCF,3,2026-07-01T05:50:54.919Z,2026-07-01T05:51:21.405Z,26.486,104,chunk_20260701-0530-CHAITANYA0BCF,chunk_20260701-0530-CHAITANYA0BCF,False,within_chunk,2,M1-A-1
ses_20260701-054930-CHAITANYA0BCF,4,2026-07-01T05:51:21.429Z,2026-07-01T05:51:45.723Z,24.294,80,chunk_20260701-0530-CHAITANYA0BCF,chunk_20260701-0530-CHAITANYA0BCF,False,within_chunk,2,M1-F-2
ses_20260701-054930-CHAITANYA0BCF,5,2026-07-01T05:51:45.749Z,2026-07-01T05:52:04.453Z,18.704,64,chunk_20260701-0530-CHAITANYA0BCF,chunk_20260701-0530-CHAITANYA0BCF,False,within_chunk,1,M1-L-1
ses_20260701-054930-CHAITANYA0BCF,6,2026-07-01T05:52:48.715Z,2026-07-01T05:53:14.005Z,25.29,86,chunk_20260701-0530-CHAITANYA0BCF,chunk_20260701-0530-CHAITANYA0BCF,False,within_chunk,3,M1-H-1
ses_20260701-054930-CHAITANYA0BCF,7,2026-07-01T05:53:14.017Z,2026-07-01T05:53:41.695Z,27.678,83,chunk_20260701-0530-CHAITANYA0BCF,chunk_20260701-0530-CHAITANYA0BCF,False,within_chunk,1,M1-A-2
ses_20260701-054930-CHAITANYA0BCF,8,2026-07-01T05:53:42.086Z,2026-07-01T05:53:42.189Z,0.103,4,chunk_20260701-0530-CHAITANYA0BCF,chunk_20260701-0530-CHAITANYA0BCF,False,within_chunk,1,M1-I-1
ses_20260701-054930-CHAITANYA0BCF,9,2026-07-01T05:53:42.256Z,2026-07-01T05:54:53.145Z,70.889,110,chunk_20260701-0530-CHAITANYA0BCF,chunk_20260701-0530-CHAITANYA0BCF,False,within_chunk,1,M1-I-1
ses_20260701-054930-CHAITANYA0BCF,10,2026-07-01T05:54:53.542Z,2026-07-01T05:54:53.639Z,0.097,4,chunk_20260701-0530-CHAITANYA0BCF,chunk_20260701-0530-CHAITANYA0BCF,False,within_chunk,1,M1-L-2
ses_20260701-054930-CHAITANYA0BCF,11,2026-07-01T05:54:53.720Z,2026-07-01T05:55:12.091Z,18.371,63,chunk_20260701-0530-CHAITANYA0BCF,chunk_20260701-0530-CHAITANYA0BCF,False,within_chunk,1,M1-L-2
ses_20260701-054930-CHAITANYA0BCF,12,2026-07-01T05:55:45.515Z,2026-07-01T05:56:10.961Z,25.446,88,chunk_20260701-0530-CHAITANYA0BCF,chunk_20260701-0530-CHAITANYA0BCF,False,within_chunk,2,M1-H-2
ses_20260701-054930-CHAITANYA0BCF,13,2026-07-01T05:56:10.972Z,2026-07-01T05:56:42.592Z,31.62,109,chunk_20260701-0530-CHAITANYA0BCF,chunk_20260701-0530-CHAITANYA0BCF,False,within_chunk,1,M1-A-3
ses_20260701-054930-CHAITANYA0BCF,14,2026-07-01T05:56:42.618Z,2026-07-01T05:57:21.924Z,39.306,110,chunk_20260701-0530-CHAITANYA0BCF,chunk_20260701-0530-CHAITANYA0BCF,False,within_chunk,1,M1-G-2
ses_20260701-054930-CHAITANYA0BCF,15,2026-07-01T05:57:25.818Z,2026-07-01T05:57:48.843Z,23.025,62,chunk_20260701-0530-CHAITANYA0BCF,chunk_20260701-0530-CHAITANYA0BCF,False,within_chunk,1,M1-F-3
ses_20260701-054930-CHAITANYA0BCF,16,2026-07-01T05:57:52.853Z,2026-07-01T05:58:16.445Z,23.592,76,chunk_20260701-0530-CHAITANYA0BCF,chunk_20260701-0530-CHAITANYA0BCF,False,within_chunk,1,M1-H-3
ses_20260701-054930-CHAITANYA0BCF,17,2026-07-01T05:58:20.157Z,2026-07-01T05:58:38.399Z,18.242,47,chunk_20260701-0530-CHAITANYA0BCF,chunk_20260701-0530-CHAITANYA0BCF,False,within_chunk,1,M1-G-3
ses_20260701-054930-CHAITANYA0BCF,18,2026-07-01T05:58:41.861Z,2026-07-01T05:59:23.438Z,41.577,169,chunk_20260701-0530-CHAITANYA0BCF,chunk_20260701-0530-CHAITANYA0BCF,False,within_chunk,1,M1-J-1
ses_20260701-054930-CHAITANYA0BCF,19,2026-07-01T05:59:25.345Z,2026-07-01T05:59:52.744Z,27.399,107,chunk_20260701-0530-CHAITANYA0BCF,chunk_20260701-0530-CHAITANYA0BCF,False,within_chunk,2,M1-A-4
ses_20260701-054930-CHAITANYA0BCF,20,2026-07-01T05:59:53.255Z,2026-07-01T06:03:53.727Z,240.472,207,chunk_20260701-0530-CHAITANYA0BCF,chunk_20260701-0600-CHAITANYA0BCF,True,continuation_across_chunk,2,M1-I-2
ses_20260701-054930-CHAITANYA0BCF,21,2026-07-01T06:04:07.752Z,2026-07-01T06:04:08.888Z,1.136,5,chunk_20260701-0600-CHAITANYA0BCF,chunk_20260701-0600-CHAITANYA0BCF,False,within_chunk,1,M1-L-3
ses_20260701-054930-CHAITANYA0BCF,22,2026-07-01T06:04:42.922Z,2026-07-01T06:05:06.019Z,23.097,85,chunk_20260701-0600-CHAITANYA0BCF,chunk_20260701-0600-CHAITANYA0BCF,False,within_chunk,2,M1-J-2
ses_20260701-054930-CHAITANYA0BCF,23,2026-07-01T06:05:10.165Z,2026-07-01T06:05:32.466Z,22.301,60,chunk_20260701-0600-CHAITANYA0BCF,chunk_20260701-0600-CHAITANYA0BCF,False,within_chunk,1,M1-H-4
ses_20260701-054930-CHAITANYA0BCF,24,2026-07-01T06:05:36.488Z,2026-07-01T06:06:04.428Z,27.94,82,chunk_20260701-0600-CHAITANYA0BCF,chunk_20260701-0600-CHAITANYA0BCF,False,within_chunk,2,M1-G-4
ses_20260701-054930-CHAITANYA0BCF,25,2026-07-01T06:06:04.444Z,2026-07-01T06:06:30.680Z,26.236,86,chunk_20260701-0600-CHAITANYA0BCF,chunk_20260701-0600-CHAITANYA0BCF,False,within_chunk,1,M1-L-4
ses_20260701-054930-CHAITANYA0BCF,26,2026-07-01T06:07:09.039Z,2026-07-01T06:07:34.949Z,25.91,106,chunk_20260701-0600-CHAITANYA0BCF,chunk_20260701-0600-CHAITANYA0BCF,False,within_chunk,2,M1-J-3
ses_20260701-054930-CHAITANYA0BCF,27,2026-07-01T06:07:34.951Z,2026-07-01T06:08:44.133Z,69.182,147,chunk_20260701-0600-CHAITANYA0BCF,chunk_20260701-0600-CHAITANYA0BCF,False,within_chunk,2,M1-N-2
ses_20260701-054930-CHAITANYA0BCF,28,2026-07-01T06:08:44.171Z,2026-07-01T06:08:44.745Z,0.574,10,chunk_20260701-0600-CHAITANYA0BCF,chunk_20260701-0600-CHAITANYA0BCF,False,within_chunk,1,M1-I-3
ses_20260701-054930-CHAITANYA0BCF,29,2026-07-01T06:08:45.569Z,2026-07-01T06:09:04.686Z,19.117,38,chunk_20260701-0600-CHAITANYA0BCF,chunk_20260701-0600-CHAITANYA0BCF,False,within_chunk,1,M1-I-3
ses_20260701-054930-CHAITANYA0BCF,30,2026-07-01T06:09:16.654Z,2026-07-01T06:09:42.549Z,25.895,60,chunk_20260701-0600-CHAITANYA0BCF,chunk_20260701-0600-CHAITANYA0BCF,False,within_chunk,2,M1-I-3
ses_20260701-054930-CHAITANYA0BCF,31,2026-07-01T06:09:42.593Z,2026-07-01T06:10:30.994Z,48.401,274,chunk_20260701-0600-CHAITANYA0BCF,chunk_20260701-0600-CHAITANYA0BCF,False,within_chunk,1,M1-N-3
ses_20260701-055037-Marcos,1,2026-07-01T05:50:37.051Z,2026-07-01T05:51:50.381Z,73.33,94,chunk_20260701-0530-Marcos,chunk_20260701-0530-Marcos,False,within_chunk,1,M1-F-1
ses_20260701-055037-Marcos,2,2026-07-01T05:52:27.180Z,2026-07-01T05:52:51.843Z,24.663,77,chunk_20260701-0530-Marcos,chunk_20260701-0530-Marcos,False,within_chunk,2,M1-L-1
ses_20260701-055037-Marcos,3,2026-07-01T05:53:04.949Z,2026-07-01T05:53:31.496Z,26.547,101,chunk_20260701-0530-Marcos,chunk_20260701-0530-Marcos,False,within_chunk,2,M1-E-1
ses_20260701-055037-Marcos,4,2026-07-01T05:53:31.516Z,2026-07-01T05:54:01.009Z,29.493,87,chunk_20260701-0530-Marcos,chunk_20260701-0530-Marcos,False,within_chunk,2,M1-K-1
ses_20260701-055037-Marcos,5,2026-07-01T05:54:01.061Z,2026-07-01T05:54:28.584Z,27.523,97,chunk_20260701-0530-Marcos,chunk_20260701-0530-Marcos,False,within_chunk,1,M1-F-2
ses_20260701-055037-Marcos,6,2026-07-01T05:54:58.665Z,2026-07-01T05:54:59.837Z,1.172,14,chunk_20260701-0530-Marcos,chunk_20260701-0530-Marcos,False,within_chunk,1,M1-D-1
ses_20260701-055037-Marcos,7,2026-07-01T05:55:00.683Z,2026-07-01T05:55:38.545Z,37.862,72,chunk_20260701-0530-Marcos,chunk_20260701-0530-Marcos,False,within_chunk,2,M1-D-1
ses_20260701-055037-Marcos,8,2026-07-01T05:55:38.551Z,2026-07-01T05:56:02.951Z,24.4,71,chunk_20260701-0530-Marcos,chunk_20260701-0530-Marcos,False,within_chunk,2,M1-L-2
ses_20260701-055037-Marcos,9,2026-07-01T05:56:02.978Z,2026-07-01T05:56:28.543Z,25.565,82,chunk_20260701-0530-Marcos,chunk_20260701-0530-Marcos,False,within_chunk,2,M1-A-1
ses_20260701-055037-Marcos,10,2026-07-01T05:56:28.570Z,2026-07-01T05:56:53.879Z,25.309,94,chunk_20260701-0530-Marcos,chunk_20260701-0530-Marcos,False,within_chunk,1,M1-F-3
ses_20260701-055037-Marcos,11,2026-07-01T05:57:25.624Z,2026-07-01T05:59:19.311Z,113.687,114,chunk_20260701-0530-Marcos,chunk_20260701-0530-Marcos,False,within_chunk,3,M1-K-2
ses_20260701-055037-Marcos,12,2026-07-01T05:59:19.350Z,2026-07-01T05:59:45.452Z,26.102,84,chunk_20260701-0530-Marcos,chunk_20260701-0530-Marcos,False,within_chunk,1,M1-E-2
ses_20260701-055037-Marcos,13,2026-07-01T05:59:50.277Z,2026-07-01T06:00:15.378Z,25.101,72,chunk_20260701-0530-Marcos,chunk_20260701-0600-Marcos,True,continuation_across_chunk,2,M1-A-2
ses_20260701-055037-Marcos,14,2026-07-01T06:00:15.399Z,2026-07-01T06:01:09.940Z,54.541,160,chunk_20260701-0600-Marcos,chunk_20260701-0600-Marcos,False,within_chunk,2,M1-O-1
ses_20260701-055037-Marcos,15,2026-07-01T06:01:13.940Z,2026-07-01T06:02:01.202Z,47.262,133,chunk_20260701-0600-Marcos,chunk_20260701-0600-Marcos,False,within_chunk,2,M1-F-4
ses_20260701-055037-Marcos,16,2026-07-01T06:02:32.701Z,2026-07-01T06:03:36.332Z,63.631,154,chunk_20260701-0600-Marcos,chunk_20260701-0600-Marcos,False,within_chunk,4,M1-A-3
ses_20260701-055037-Marcos,17,2026-07-01T06:03:36.340Z,2026-07-01T06:04:03.570Z,27.23,87,chunk_20260701-0600-Marcos,chunk_20260701-0600-Marcos,False,within_chunk,2,M1-K-4
ses_20260701-055037-Marcos,18,2026-07-01T06:04:03.621Z,2026-07-01T06:04:41.058Z,37.437,82,chunk_20260701-0600-Marcos,chunk_20260701-0600-Marcos,False,within_chunk,1,M1-D-3
ses_20260701-055037-Marcos,19,2026-07-01T06:04:41.059Z,2026-07-01T06:05:27.103Z,46.044,138,chunk_20260701-0600-Marcos,chunk_20260701-0600-Marcos,False,within_chunk,1,M1-O-3
ses_20260701-055037-Marcos,20,2026-07-01T06:05:30.285Z,2026-07-01T06:05:55.771Z,25.486,62,chunk_20260701-0600-Marcos,chunk_20260701-0600-Marcos,False,within_chunk,2,M1-K-5
ses_20260701-055037-Marcos,21,2026-07-01T06:05:55.781Z,2026-07-01T06:06:20.417Z,24.636,100,chunk_20260701-0600-Marcos,chunk_20260701-0600-Marcos,False,within_chunk,1,M1-F-5
ses_20260701-055037-Marcos,22,2026-07-01T06:06:46.104Z,2026-07-01T06:06:47.107Z,1.003,4,chunk_20260701-0600-Marcos,chunk_20260701-0600-Marcos,False,within_chunk,1,M1-F-5
ses_20260701-055037-Marcos,23,2026-07-01T06:07:03.983Z,2026-07-01T06:07:13.207Z,9.224,9,chunk_20260701-0600-Marcos,chunk_20260701-0600-Marcos,False,within_chunk,2,M1-I-1
ses_20260701-055037-Marcos,24,2026-07-01T06:07:15.038Z,2026-07-01T06:08:17.900Z,62.862,82,chunk_20260701-0600-Marcos,chunk_20260701-0600-Marcos,False,within_chunk,2,M1-I-1
ses_20260701-055037-Marcos,25,2026-07-01T06:08:17.943Z,2026-07-01T06:08:47.112Z,29.169,88,chunk_20260701-0600-Marcos,chunk_20260701-0600-Marcos,False,within_chunk,1,M1-A-4
ses_20260701-055037-Marcos,26,2026-07-01T06:09:06.036Z,2026-07-01T06:09:29.075Z,23.039,70,chunk_20260701-0600-Marcos,chunk_20260701-0600-Marcos,False,within_chunk,2,M1-E-3
ses_20260701-055037-Marcos,27,2026-07-01T06:09:32.287Z,2026-07-01T06:09:54.706Z,22.419,55,chunk_20260701-0600-Marcos,chunk_20260701-0600-Marcos,False,within_chunk,1,M1-A-5
ses_20260701-055037-Marcos,28,2026-07-01T06:09:54.746Z,2026-07-01T06:12:21.867Z,147.121,110,chunk_20260701-0600-Marcos,chunk_20260701-0600-Marcos,False,within_chunk,0,
ses_20260701-055037-Marcos,29,2026-07-01T06:12:44.450Z,2026-07-01T06:13:04.785Z,20.335,24,chunk_20260701-0600-Marcos,chunk_20260701-0600-Marcos,False,within_chunk,1,M1-I-3
ses_20260701-055037-Marcos,30,2026-07-01T06:13:24.125Z,2026-07-01T06:14:16.905Z,52.78,70,chunk_20260701-0600-Marcos,chunk_20260701-0600-Marcos,False,within_chunk,1,M1-I-3
ses_20260701-055918-MSI,1,2026-07-01T05:59:18.567Z,2026-07-01T05:59:32.753Z,14.186,47,chunk_20260701-0530-MSI,chunk_20260701-0530-MSI,False,within_chunk,0,
ses_20260701-055918-MSI,2,2026-07-01T06:00:29.125Z,2026-07-01T06:01:10.554Z,41.429,97,chunk_20260701-0600-MSI,chunk_20260701-0600-MSI,False,within_chunk,2,M1-N-1
ses_20260701-055918-MSI,3,2026-07-01T06:01:10.566Z,2026-07-01T06:01:33.353Z,22.787,84,chunk_20260701-0600-MSI,chunk_20260701-0600-MSI,False,within_chunk,2,M1-F-1
ses_20260701-055918-MSI,4,2026-07-01T06:01:33.397Z,2026-07-01T06:01:53.787Z,20.39,73,chunk_20260701-0600-MSI,chunk_20260701-0600-MSI,False,within_chunk,1,M1-B-1
ses_20260701-055918-MSI,5,2026-07-01T06:01:57.897Z,2026-07-01T06:02:19.913Z,22.016,72,chunk_20260701-0600-MSI,chunk_20260701-0600-MSI,False,within_chunk,1,M1-E-1
ses_20260701-055918-MSI,6,2026-07-01T06:02:39.703Z,2026-07-01T06:03:10.671Z,30.968,94,chunk_20260701-0600-MSI,chunk_20260701-0600-MSI,False,within_chunk,3,M1-F-2
ses_20260701-055918-MSI,7,2026-07-01T06:03:10.675Z,2026-07-01T06:03:39.396Z,28.721,109,chunk_20260701-0600-MSI,chunk_20260701-0600-MSI,False,within_chunk,2,M1-O-1
ses_20260701-055918-MSI,8,2026-07-01T06:03:39.431Z,2026-07-01T06:04:04.473Z,25.042,79,chunk_20260701-0600-MSI,chunk_20260701-0600-MSI,False,within_chunk,2,M1-B-2
ses_20260701-055918-MSI,9,2026-07-01T06:04:04.483Z,2026-07-01T06:04:42.943Z,38.46,82,chunk_20260701-0600-MSI,chunk_20260701-0600-MSI,False,within_chunk,2,M1-M-1
ses_20260701-055918-MSI,10,2026-07-01T06:04:42.953Z,2026-07-01T06:05:18.721Z,35.768,94,chunk_20260701-0600-MSI,chunk_20260701-0600-MSI,False,within_chunk,1,M1-C-1
ses_20260701-055918-MSI,11,2026-07-01T06:05:22.700Z,2026-07-01T06:06:13.538Z,50.838,133,chunk_20260701-0600-MSI,chunk_20260701-0600-MSI,False,within_chunk,2,M1-A-2
ses_20260701-055918-MSI,12,2026-07-01T06:06:13.565Z,2026-07-01T06:06:37.389Z,23.824,82,chunk_20260701-0600-MSI,chunk_20260701-0600-MSI,False,within_chunk,2,M1-F-3
ses_20260701-055918-MSI,13,2026-07-01T06:06:37.439Z,2026-07-01T06:07:07.466Z,30.027,110,chunk_20260701-0600-MSI,chunk_20260701-0600-MSI,False,within_chunk,2,M1-O-2
ses_20260701-055918-MSI,14,2026-07-01T06:07:07.491Z,2026-07-01T06:07:33.093Z,25.602,86,chunk_20260701-0600-MSI,chunk_20260701-0600-MSI,False,within_chunk,1,M1-A-3
ses_20260701-055918-MSI,15,2026-07-01T06:07:34.920Z,2026-07-01T06:08:21.371Z,46.451,70,chunk_20260701-0600-MSI,chunk_20260701-0600-MSI,False,within_chunk,3,M1-D-1
ses_20260701-055918-MSI,16,2026-07-01T06:08:21.389Z,2026-07-01T06:09:45.192Z,83.803,236,chunk_20260701-0600-MSI,chunk_20260701-0600-MSI,False,within_chunk,3,M1-N-2
ses_20260701-055918-MSI,17,2026-07-01T06:09:45.225Z,2026-07-01T06:12:15.263Z,150.038,154,chunk_20260701-0600-MSI,chunk_20260701-0600-MSI,False,within_chunk,2,M1-D-2
ses_20260701-055918-MSI,18,2026-07-01T06:12:18.797Z,2026-07-01T06:12:47.127Z,28.33,84,chunk_20260701-0600-MSI,chunk_20260701-0600-MSI,False,within_chunk,2,M1-E-2
ses_20260701-055918-MSI,19,2026-07-01T06:12:47.169Z,2026-07-01T06:13:15.537Z,28.368,89,chunk_20260701-0600-MSI,chunk_20260701-0600-MSI,False,within_chunk,1,M1-F-4
ses_20260701-055918-MSI,20,2026-07-01T06:13:15.588Z,2026-07-01T06:14:47.047Z,91.459,152,chunk_20260701-0600-MSI,chunk_20260701-0600-MSI,False,within_chunk,2,M1-C-3
ses_20260701-055918-MSI,21,2026-07-01T06:14:47.077Z,2026-07-01T06:15:17.109Z,30.032,108,chunk_20260701-0600-MSI,chunk_20260701-0600-MSI,False,within_chunk,2,M1-F-5
ses_20260701-055918-MSI,22,2026-07-01T06:15:17.122Z,2026-07-01T06:15:55.976Z,38.854,79,chunk_20260701-0600-MSI,chunk_20260701-0600-MSI,False,within_chunk,1,M1-M-3
ses_20260701-055918-MSI,23,2026-07-01T06:16:31.109Z,2026-07-01T06:16:56.933Z,25.824,14,chunk_20260701-0600-MSI,chunk_20260701-0600-MSI,False,within_chunk,1,M1-M-3
ses_20260701-055918-MSI,24,2026-07-01T06:17:17.416Z,2026-07-01T06:17:57.645Z,40.229,90,chunk_20260701-0600-MSI,chunk_20260701-0600-MSI,False,within_chunk,3,M1-C-4
ses_20260701-055918-MSI,25,2026-07-01T06:17:57.650Z,2026-07-01T06:18:53.809Z,56.159,158,chunk_20260701-0600-MSI,chunk_20260701-0600-MSI,False,within_chunk,2,M1-O-3
ses_20260701-055918-MSI,26,2026-07-01T06:18:56.607Z,2026-07-01T06:18:56.665Z,0.058,5,chunk_20260701-0600-MSI,chunk_20260701-0600-MSI,False,within_chunk,1,M1-E-3
ses_20260701-055918-MSI,27,2026-07-01T06:18:56.716Z,2026-07-01T06:19:26.753Z,30.037,90,chunk_20260701-0600-MSI,chunk_20260701-0600-MSI,False,within_chunk,2,M1-E-3
ses_20260701-055918-MSI,28,2026-07-01T06:19:26.792Z,2026-07-01T06:20:03.913Z,37.121,99,chunk_20260701-0600-MSI,chunk_20260701-0600-MSI,False,within_chunk,1,M1-M-4
ses_20260701-055918-MSI,29,2026-07-01T06:20:03.915Z,2026-07-01T06:22:20.938Z,137.023,213,chunk_20260701-0600-MSI,chunk_20260701-0600-MSI,False,within_chunk,2,M1-D-3
ses_20260701-062250-Marcos,1,2026-07-01T06:22:50.558Z,2026-07-01T06:24:04.905Z,74.347,93,chunk_20260701-0600-Marcos,chunk_20260701-0600-Marcos,False,within_chunk,2,M1-J-1
ses_20260701-062250-Marcos,2,2026-07-01T06:24:04.909Z,2026-07-01T06:24:40.686Z,35.777,108,chunk_20260701-0600-Marcos,chunk_20260701-0600-Marcos,False,within_chunk,2,M1-M-1
ses_20260701-062250-Marcos,3,2026-07-01T06:24:40.712Z,2026-07-01T06:25:18.751Z,38.039,83,chunk_20260701-0600-Marcos,chunk_20260701-0600-Marcos,False,within_chunk,1,M1-D-1
ses_20260701-062250-Marcos,4,2026-07-01T06:25:22.528Z,2026-07-01T06:25:50.187Z,27.659,64,chunk_20260701-0600-Marcos,chunk_20260701-0600-Marcos,False,within_chunk,2,M1-A-1
ses_20260701-062250-Marcos,5,2026-07-01T06:25:50.206Z,2026-07-01T06:26:12.305Z,22.099,72,chunk_20260701-0600-Marcos,chunk_20260701-0600-Marcos,False,within_chunk,1,M1-G-1
ses_20260701-062250-Marcos,6,2026-07-01T06:26:16.293Z,2026-07-01T06:27:06.505Z,50.212,132,chunk_20260701-0600-Marcos,chunk_20260701-0600-Marcos,False,within_chunk,2,M1-J-3
ses_20260701-062250-Marcos,7,2026-07-01T06:27:06.544Z,2026-07-01T06:27:28.161Z,21.617,69,chunk_20260701-0600-Marcos,chunk_20260701-0600-Marcos,False,within_chunk,1,M1-B-1
ses_20260701-062250-Marcos,8,2026-07-01T06:27:32.026Z,2026-07-01T06:27:59.827Z,27.801,77,chunk_20260701-0600-Marcos,chunk_20260701-0600-Marcos,False,within_chunk,2,M1-E-1
ses_20260701-062250-Marcos,9,2026-07-01T06:27:59.859Z,2026-07-01T06:28:14.628Z,14.769,45,chunk_20260701-0600-Marcos,chunk_20260701-0600-Marcos,False,within_chunk,1,M1-M-2
ses_20260701-062250-Marcos,10,2026-07-01T06:28:29.501Z,2026-07-01T06:28:40.362Z,10.861,31,chunk_20260701-0600-Marcos,chunk_20260701-0600-Marcos,False,within_chunk,2,M1-M-2
ses_20260701-062250-Marcos,11,2026-07-01T06:28:40.378Z,2026-07-01T06:29:40.887Z,60.509,108,chunk_20260701-0600-Marcos,chunk_20260701-0600-Marcos,False,within_chunk,2,M1-I-1
ses_20260701-062250-Marcos,12,2026-07-01T06:29:40.914Z,2026-07-01T06:30:07.011Z,26.097,87,chunk_20260701-0600-Marcos,chunk_20260701-0630-Marcos,True,continuation_across_chunk,1,M1-A-2
ses_20260701-062250-Marcos,13,2026-07-01T06:30:10.297Z,2026-07-01T06:30:33.934Z,23.637,74,chunk_20260701-0630-Marcos,chunk_20260701-0630-Marcos,False,within_chunk,2,M1-E-2
ses_20260701-062250-Marcos,14,2026-07-01T06:30:33.946Z,2026-07-01T06:30:51.177Z,17.231,62,chunk_20260701-0630-Marcos,chunk_20260701-0630-Marcos,False,within_chunk,1,M1-G-2
ses_20260701-062250-Marcos,15,2026-07-01T06:30:54.689Z,2026-07-01T06:31:16.466Z,21.777,55,chunk_20260701-0630-Marcos,chunk_20260701-0630-Marcos,False,within_chunk,2,M1-H-1
ses_20260701-062250-Marcos,16,2026-07-01T06:31:16.480Z,2026-07-01T06:31:40.753Z,24.273,77,chunk_20260701-0630-Marcos,chunk_20260701-0630-Marcos,False,within_chunk,1,M1-B-2
ses_20260701-062250-Marcos,17,2026-07-01T06:31:40.758Z,2026-07-01T06:32:26.795Z,46.037,136,chunk_20260701-0630-Marcos,chunk_20260701-0630-Marcos,False,within_chunk,1,M1-G-4
ses_20260701-062250-Marcos,18,2026-07-01T06:32:30.073Z,2026-07-01T06:32:30.150Z,0.077,5,chunk_20260701-0630-Marcos,chunk_20260701-0630-Marcos,False,within_chunk,1,M1-A-3
ses_20260701-062250-Marcos,19,2026-07-01T06:32:30.159Z,2026-07-01T06:32:55.885Z,25.726,75,chunk_20260701-0630-Marcos,chunk_20260701-0630-Marcos,False,within_chunk,2,M1-A-3
ses_20260701-062250-Marcos,20,2026-07-01T06:32:55.903Z,2026-07-01T06:33:56.979Z,61.076,103,chunk_20260701-0630-Marcos,chunk_20260701-0630-Marcos,False,within_chunk,1,M1-I-2
ses_20260701-062250-Marcos,21,2026-07-01T06:34:00.633Z,2026-07-01T06:35:07.760Z,67.127,135,chunk_20260701-0630-Marcos,chunk_20260701-0630-Marcos,False,within_chunk,2,M1-H-3
ses_20260701-062250-Marcos,22,2026-07-01T06:35:07.809Z,2026-07-01T06:35:40.852Z,33.043,77,chunk_20260701-0630-Marcos,chunk_20260701-0630-Marcos,False,within_chunk,1,M1-D-2
ses_20260701-062250-Marcos,23,2026-07-01T06:35:44.521Z,2026-07-01T06:35:59.736Z,15.215,38,chunk_20260701-0630-Marcos,chunk_20260701-0630-Marcos,False,within_chunk,1,M1-B-3
ses_20260701-062250-Marcos,24,2026-07-01T06:36:03.388Z,2026-07-01T06:36:39.736Z,36.348,75,chunk_20260701-0630-Marcos,chunk_20260701-0630-Marcos,False,within_chunk,1,M1-C-1
ses_20260701-062250-Marcos,25,2026-07-01T06:36:43.362Z,2026-07-01T06:37:09.414Z,26.052,76,chunk_20260701-0630-Marcos,chunk_20260701-0630-Marcos,False,within_chunk,2,M1-B-4
ses_20260701-062250-Marcos,26,2026-07-01T06:37:09.429Z,2026-07-01T06:37:47.070Z,37.641,77,chunk_20260701-0630-Marcos,chunk_20260701-0630-Marcos,False,within_chunk,2,M1-M-3
ses_20260701-062250-Marcos,27,2026-07-01T06:37:47.071Z,2026-07-01T06:38:28.624Z,41.553,86,chunk_20260701-0630-Marcos,chunk_20260701-0630-Marcos,False,within_chunk,2,M1-D-3
ses_20260701-062250-Marcos,28,2026-07-01T06:38:28.635Z,2026-07-01T06:39:30.650Z,62.015,103,chunk_20260701-0630-Marcos,chunk_20260701-0630-Marcos,False,within_chunk,1,M1-I-3
ses_20260701-062250-Marcos,29,2026-07-01T06:39:34.003Z,2026-07-01T06:39:57.095Z,23.092,55,chunk_20260701-0630-Marcos,chunk_20260701-0630-Marcos,False,within_chunk,1,M1-H-4
ses_20260701-062250-Marcos,30,2026-07-01T06:39:57.141Z,2026-07-01T06:41:55.173Z,118.032,108,chunk_20260701-0630-Marcos,chunk_20260701-0630-Marcos,False,within_chunk,0,
ses_20260701-062250-Marcos,31,2026-07-01T06:42:17.722Z,2026-07-01T06:42:48.234Z,30.512,65,chunk_20260701-0630-Marcos,chunk_20260701-0630-Marcos,False,within_chunk,2,M1-C-3
ses_20260701-062250-Marcos,32,2026-07-01T06:42:48.258Z,2026-07-01T06:43:28.696Z,40.438,97,chunk_20260701-0630-Marcos,chunk_20260701-0630-Marcos,False,within_chunk,2,M1-M-4
ses_20260701-062250-Marcos,33,2026-07-01T06:43:28.752Z,2026-07-01T06:44:10.651Z,41.899,95,chunk_20260701-0630-Marcos,chunk_20260701-0630-Marcos,False,within_chunk,1,M1-E-3
ses_20260701-062732-MSI,1,2026-07-01T06:27:32.080Z,2026-07-01T06:27:59.927Z,27.847,87,chunk_20260701-0600-MSI,chunk_20260701-0600-MSI,False,within_chunk,0,
ses_20260701-062732-MSI,2,2026-07-01T06:28:55.001Z,2026-07-01T06:29:20.870Z,25.869,85,chunk_20260701-0600-MSI,chunk_20260701-0600-MSI,False,within_chunk,2,M1-F-1
ses_20260701-062732-MSI,3,2026-07-01T06:29:20.874Z,2026-07-01T06:29:46.628Z,25.754,106,chunk_20260701-0600-MSI,chunk_20260701-0600-MSI,False,within_chunk,1,M1-A-1
ses_20260701-062732-MSI,4,2026-07-01T06:29:50.365Z,2026-07-01T06:30:09.038Z,18.673,46,chunk_20260701-0600-MSI,chunk_20260701-0630-MSI,True,continuation_across_chunk,1,M1-B-1
ses_20260701-062732-MSI,5,2026-07-01T06:30:26.907Z,2026-07-01T06:30:57.431Z,30.524,102,chunk_20260701-0630-MSI,chunk_20260701-0630-MSI,False,within_chunk,3,M1-F-2
ses_20260701-062732-MSI,6,2026-07-01T06:30:57.460Z,2026-07-01T06:31:14.555Z,17.095,64,chunk_20260701-0630-MSI,chunk_20260701-0630-MSI,False,within_chunk,1,M1-B-2
ses_20260701-062732-MSI,7,2026-07-01T06:31:18.268Z,2026-07-01T06:31:46.853Z,28.585,59,chunk_20260701-0630-MSI,chunk_20260701-0630-MSI,False,within_chunk,1,M1-D-1
ses_20260701-062732-MSI,8,2026-07-01T06:31:51.069Z,2026-07-01T06:32:15.088Z,24.019,60,chunk_20260701-0630-MSI,chunk_20260701-0630-MSI,False,within_chunk,1,M1-A-2
ses_20260701-062732-MSI,9,2026-07-01T06:32:18.879Z,2026-07-01T06:32:52.661Z,33.782,67,chunk_20260701-0630-MSI,chunk_20260701-0630-MSI,False,within_chunk,1,M1-C-1
ses_20260701-062732-MSI,10,2026-07-01T06:32:56.837Z,2026-07-01T06:33:24.197Z,27.36,66,chunk_20260701-0630-MSI,chunk_20260701-0630-MSI,False,within_chunk,1,M1-A-3
ses_20260701-062732-MSI,11,2026-07-01T06:33:24.218Z,2026-07-01T06:34:16.738Z,52.52,157,chunk_20260701-0630-MSI,chunk_20260701-0630-MSI,False,within_chunk,2,M1-F-4
ses_20260701-062732-MSI,12,2026-07-01T06:34:16.762Z,2026-07-01T06:34:50.188Z,33.426,78,chunk_20260701-0630-MSI,chunk_20260701-0630-MSI,False,within_chunk,1,M1-D-2
ses_20260701-062732-MSI,13,2026-07-01T06:34:53.682Z,2026-07-01T06:35:17.915Z,24.233,61,chunk_20260701-0630-MSI,chunk_20260701-0630-MSI,False,within_chunk,1,M1-A-4
ses_20260701-062732-MSI,14,2026-07-01T06:35:22.253Z,2026-07-01T06:37:26.038Z,123.785,141,chunk_20260701-0630-MSI,chunk_20260701-0630-MSI,False,within_chunk,3,M1-E-1
ses_20260701-062732-MSI,15,2026-07-01T06:37:26.084Z,2026-07-01T06:37:53.127Z,27.043,89,chunk_20260701-0630-MSI,chunk_20260701-0630-MSI,False,within_chunk,1,M1-F-5
ses_20260701-062732-MSI,16,2026-07-01T06:37:53.138Z,2026-07-01T06:39:08.062Z,74.924,126,chunk_20260701-0630-MSI,chunk_20260701-0630-MSI,False,within_chunk,1,M1-N-2
ses_20260701-062732-MSI,17,2026-07-01T06:39:08.128Z,2026-07-01T06:40:59.398Z,111.27,190,chunk_20260701-0630-MSI,chunk_20260701-0630-MSI,False,within_chunk,1,M1-C-4
ses_20260701-062732-MSI,18,2026-07-01T06:41:03.374Z,2026-07-01T06:41:30.550Z,27.176,83,chunk_20260701-0630-MSI,chunk_20260701-0630-MSI,False,within_chunk,2,M1-B-4
ses_20260701-062732-MSI,19,2026-07-01T06:41:30.603Z,2026-07-01T06:42:00.723Z,30.12,91,chunk_20260701-0630-MSI,chunk_20260701-0630-MSI,False,within_chunk,2,M1-O-1
ses_20260701-062732-MSI,20,2026-07-01T06:42:00.737Z,2026-07-01T06:42:31.438Z,30.701,87,chunk_20260701-0630-MSI,chunk_20260701-0630-MSI,False,within_chunk,1,M1-D-3
ses_20260701-062732-MSI,21,2026-07-01T06:42:35.152Z,2026-07-01T06:42:58.227Z,23.075,57,chunk_20260701-0630-MSI,chunk_20260701-0630-MSI,False,within_chunk,1,M1-E-2
ses_20260701-062732-MSI,22,2026-07-01T06:42:58.231Z,2026-07-01T06:43:38.247Z,40.016,96,chunk_20260701-0630-MSI,chunk_20260701-0630-MSI,False,within_chunk,0,
ses_20260701-062732-MSI,23,2026-07-01T06:44:00.417Z,2026-07-01T06:44:17.414Z,16.997,8,chunk_20260701-0630-MSI,chunk_20260701-0630-MSI,False,within_chunk,0,
ses_20260701-062732-MSI,24,2026-07-01T06:44:35.546Z,2026-07-01T06:44:36.614Z,1.068,5,chunk_20260701-0630-MSI,chunk_20260701-0630-MSI,False,within_chunk,0,
ses_20260701-062732-MSI,25,2026-07-01T06:44:50.456Z,2026-07-01T06:46:12.811Z,82.355,266,chunk_20260701-0630-MSI,chunk_20260701-0630-MSI,False,within_chunk,2,M1-M-2
ses_20260701-062732-MSI,26,2026-07-01T06:46:16.398Z,2026-07-01T06:47:53.582Z,97.184,176,chunk_20260701-0630-MSI,chunk_20260701-0630-MSI,False,within_chunk,2,M1-N-3
ses_20260701-062732-MSI,27,2026-07-01T06:47:56.897Z,2026-07-01T06:48:21.352Z,24.455,62,chunk_20260701-0630-MSI,chunk_20260701-0630-MSI,False,within_chunk,1,M1-O-3
ses_20260701-062732-MSI,28,2026-07-01T06:48:21.889Z,2026-07-01T06:48:21.992Z,0.103,4,chunk_20260701-0630-MSI,chunk_20260701-0630-MSI,False,within_chunk,1,M1-E-3
ses_20260701-062732-MSI,29,2026-07-01T06:48:22.051Z,2026-07-01T06:49:52.856Z,90.805,121,chunk_20260701-0630-MSI,chunk_20260701-0630-MSI,False,within_chunk,1,M1-E-3
ses_20260701-063106-LAPTOP-R36BQBTE,1,2026-07-01T06:31:06.557Z,2026-07-01T06:31:24.376Z,17.819,37,chunk_20260701-0630-LAPTOP-R36BQBTE,chunk_20260701-0630-LAPTOP-R36BQBTE,False,within_chunk,0,
ses_20260701-063106-LAPTOP-R36BQBTE,2,2026-07-01T06:32:18.900Z,2026-07-01T06:32:41.735Z,22.835,66,chunk_20260701-0630-LAPTOP-R36BQBTE,chunk_20260701-0630-LAPTOP-R36BQBTE,False,within_chunk,2,M1-G-1
ses_20260701-063106-LAPTOP-R36BQBTE,3,2026-07-01T06:32:41.889Z,2026-07-01T06:32:49.159Z,7.27,9,chunk_20260701-0630-LAPTOP-R36BQBTE,chunk_20260701-0630-LAPTOP-R36BQBTE,False,within_chunk,1,M1-D-1
ses_20260701-063106-LAPTOP-R36BQBTE,4,2026-07-01T06:33:08.244Z,2026-07-01T06:33:20.492Z,12.248,41,chunk_20260701-0630-LAPTOP-R36BQBTE,chunk_20260701-0630-LAPTOP-R36BQBTE,False,within_chunk,2,M1-D-1
ses_20260701-063106-LAPTOP-R36BQBTE,5,2026-07-01T06:33:20.523Z,2026-07-01T06:33:31.359Z,10.836,47,chunk_20260701-0630-LAPTOP-R36BQBTE,chunk_20260701-0630-LAPTOP-R36BQBTE,False,within_chunk,1,M1-G-2
ses_20260701-063106-LAPTOP-R36BQBTE,6,2026-07-01T06:33:31.807Z,2026-07-01T06:33:40.207Z,8.4,14,chunk_20260701-0630-LAPTOP-R36BQBTE,chunk_20260701-0630-LAPTOP-R36BQBTE,False,within_chunk,1,M1-G-2
ses_20260701-063106-LAPTOP-R36BQBTE,7,2026-07-01T06:33:46.277Z,2026-07-01T06:35:01.314Z,75.037,156,chunk_20260701-0630-LAPTOP-R36BQBTE,chunk_20260701-0630-LAPTOP-R36BQBTE,False,within_chunk,1,M1-F-1
ses_20260701-063106-LAPTOP-R36BQBTE,8,2026-07-01T06:35:18.684Z,2026-07-01T06:35:36.176Z,17.492,61,chunk_20260701-0630-LAPTOP-R36BQBTE,chunk_20260701-0630-LAPTOP-R36BQBTE,False,within_chunk,1,M1-B-1
ses_20260701-063106-LAPTOP-R36BQBTE,9,2026-07-01T06:35:41.975Z,2026-07-01T06:35:46.052Z,4.077,7,chunk_20260701-0630-LAPTOP-R36BQBTE,chunk_20260701-0630-LAPTOP-R36BQBTE,False,within_chunk,1,M1-D-2
ses_20260701-063106-LAPTOP-R36BQBTE,10,2026-07-01T06:36:04.293Z,2026-07-01T06:36:13.537Z,9.244,22,chunk_20260701-0630-LAPTOP-R36BQBTE,chunk_20260701-0630-LAPTOP-R36BQBTE,False,within_chunk,2,M1-D-2
ses_20260701-063106-LAPTOP-R36BQBTE,11,2026-07-01T06:36:13.538Z,2026-07-01T06:36:36.355Z,22.817,73,chunk_20260701-0630-LAPTOP-R36BQBTE,chunk_20260701-0630-LAPTOP-R36BQBTE,False,within_chunk,1,M1-F-2
ses_20260701-063106-LAPTOP-R36BQBTE,12,2026-07-01T06:37:18.299Z,2026-07-01T06:37:50.459Z,32.16,28,chunk_20260701-0630-LAPTOP-R36BQBTE,chunk_20260701-0630-LAPTOP-R36BQBTE,False,within_chunk,0,
ses_20260701-063106-LAPTOP-R36BQBTE,13,2026-07-01T06:38:04.721Z,2026-07-01T06:38:31.796Z,27.075,49,chunk_20260701-0630-LAPTOP-R36BQBTE,chunk_20260701-0630-LAPTOP-R36BQBTE,False,within_chunk,0,
ses_20260701-063106-LAPTOP-R36BQBTE,14,2026-07-01T06:38:36.261Z,2026-07-01T06:38:38.296Z,2.035,7,chunk_20260701-0630-LAPTOP-R36BQBTE,chunk_20260701-0630-LAPTOP-R36BQBTE,False,within_chunk,0,
ses_20260701-063106-LAPTOP-R36BQBTE,15,2026-07-01T06:38:58.321Z,2026-07-01T06:39:38.563Z,40.242,56,chunk_20260701-0630-LAPTOP-R36BQBTE,chunk_20260701-0630-LAPTOP-R36BQBTE,False,within_chunk,1,M1-I-3
ses_20260701-063106-LAPTOP-R36BQBTE,16,2026-07-01T06:39:42.506Z,2026-07-01T06:39:46.310Z,3.804,10,chunk_20260701-0630-LAPTOP-R36BQBTE,chunk_20260701-0630-LAPTOP-R36BQBTE,False,within_chunk,1,M1-I-3
ses_20260701-063106-LAPTOP-R36BQBTE,17,2026-07-01T06:39:59.535Z,2026-07-01T06:40:27.023Z,27.488,48,chunk_20260701-0630-LAPTOP-R36BQBTE,chunk_20260701-0630-LAPTOP-R36BQBTE,False,within_chunk,2,M1-I-3
ses_20260701-063106-LAPTOP-R36BQBTE,18,2026-07-01T06:40:27.048Z,2026-07-01T06:40:52.404Z,25.356,67,chunk_20260701-0630-LAPTOP-R36BQBTE,chunk_20260701-0630-LAPTOP-R36BQBTE,False,within_chunk,2,M1-B-2
ses_20260701-063106-LAPTOP-R36BQBTE,19,2026-07-01T06:40:52.441Z,2026-07-01T06:41:15.120Z,22.679,77,chunk_20260701-0630-LAPTOP-R36BQBTE,chunk_20260701-0630-LAPTOP-R36BQBTE,False,within_chunk,1,M1-F-3
ses_20260701-063106-LAPTOP-R36BQBTE,20,2026-07-01T06:41:48.080Z,2026-07-01T06:41:48.733Z,0.653,5,chunk_20260701-0630-LAPTOP-R36BQBTE,chunk_20260701-0630-LAPTOP-R36BQBTE,False,within_chunk,2,M1-D-3
ses_20260701-063106-LAPTOP-R36BQBTE,21,2026-07-01T06:41:48.749Z,2026-07-01T06:42:49.964Z,61.215,157,chunk_20260701-0630-LAPTOP-R36BQBTE,chunk_20260701-0630-LAPTOP-R36BQBTE,False,within_chunk,2,M1-F-4
ses_20260701-063106-LAPTOP-R36BQBTE,22,2026-07-01T06:43:25.009Z,2026-07-01T06:43:55.193Z,30.184,77,chunk_20260701-0630-LAPTOP-R36BQBTE,chunk_20260701-0630-LAPTOP-R36BQBTE,False,within_chunk,2,M1-B-3
ses_20260701-063106-LAPTOP-R36BQBTE,23,2026-07-01T06:43:55.651Z,2026-07-01T06:43:55.729Z,0.078,5,chunk_20260701-0630-LAPTOP-R36BQBTE,chunk_20260701-0630-LAPTOP-R36BQBTE,False,within_chunk,1,M1-F-5
ses_20260701-063106-LAPTOP-R36BQBTE,24,2026-07-01T06:43:55.776Z,2026-07-01T06:45:08.804Z,73.028,171,chunk_20260701-0630-LAPTOP-R36BQBTE,chunk_20260701-0630-LAPTOP-R36BQBTE,False,within_chunk,1,M1-F-5
ses_20260701-063106-LAPTOP-R36BQBTE,25,2026-07-01T06:45:09.338Z,2026-07-01T06:45:09.440Z,0.102,4,chunk_20260701-0630-LAPTOP-R36BQBTE,chunk_20260701-0630-LAPTOP-R36BQBTE,False,within_chunk,1,M1-E-1
ses_20260701-063106-LAPTOP-R36BQBTE,26,2026-07-01T06:45:09.495Z,2026-07-01T06:45:34.745Z,25.25,75,chunk_20260701-0630-LAPTOP-R36BQBTE,chunk_20260701-0630-LAPTOP-R36BQBTE,False,within_chunk,1,M1-E-1
ses_20260701-063106-LAPTOP-R36BQBTE,27,2026-07-01T06:45:44.622Z,2026-07-01T06:45:45.457Z,0.835,7,chunk_20260701-0630-LAPTOP-R36BQBTE,chunk_20260701-0630-LAPTOP-R36BQBTE,False,within_chunk,2,M1-N-1
ses_20260701-063106-LAPTOP-R36BQBTE,28,2026-07-01T06:45:45.512Z,2026-07-01T06:45:45.784Z,0.272,6,chunk_20260701-0630-LAPTOP-R36BQBTE,chunk_20260701-0630-LAPTOP-R36BQBTE,False,within_chunk,1,M1-N-1
ses_20260701-063106-LAPTOP-R36BQBTE,29,2026-07-01T06:45:48.588Z,2026-07-01T06:46:14.237Z,25.649,31,chunk_20260701-0630-LAPTOP-R36BQBTE,chunk_20260701-0630-LAPTOP-R36BQBTE,False,within_chunk,1,M1-N-1
ses_20260701-063106-LAPTOP-R36BQBTE,30,2026-07-01T06:46:14.377Z,2026-07-01T06:46:25.615Z,11.238,31,chunk_20260701-0630-LAPTOP-R36BQBTE,chunk_20260701-0630-LAPTOP-R36BQBTE,False,within_chunk,2,M1-N-1
ses_20260701-063106-LAPTOP-R36BQBTE,31,2026-07-01T06:46:25.638Z,2026-07-01T06:46:37.051Z,11.413,49,chunk_20260701-0630-LAPTOP-R36BQBTE,chunk_20260701-0630-LAPTOP-R36BQBTE,False,within_chunk,1,M1-G-3
ses_20260701-063106-LAPTOP-R36BQBTE,32,2026-07-01T06:46:38.876Z,2026-07-01T06:46:44.691Z,5.815,11,chunk_20260701-0630-LAPTOP-R36BQBTE,chunk_20260701-0630-LAPTOP-R36BQBTE,False,within_chunk,2,M1-G-3
ses_20260701-063106-LAPTOP-R36BQBTE,33,2026-07-01T06:46:44.765Z,2026-07-01T06:46:45.361Z,0.596,11,chunk_20260701-0630-LAPTOP-R36BQBTE,chunk_20260701-0630-LAPTOP-R36BQBTE,False,within_chunk,1,M1-B-4
ses_20260701-063106-LAPTOP-R36BQBTE,34,2026-07-01T06:46:47.642Z,2026-07-01T06:47:14.004Z,26.362,65,chunk_20260701-0630-LAPTOP-R36BQBTE,chunk_20260701-0630-LAPTOP-R36BQBTE,False,within_chunk,1,M1-B-4
ses_20260701-063106-LAPTOP-R36BQBTE,35,2026-07-01T06:47:14.010Z,2026-07-01T06:48:06.806Z,52.796,124,chunk_20260701-0630-LAPTOP-R36BQBTE,chunk_20260701-0630-LAPTOP-R36BQBTE,False,within_chunk,2,M1-H-2
ses_20260701-063106-LAPTOP-R36BQBTE,36,2026-07-01T06:48:06.837Z,2026-07-01T06:48:07.470Z,0.633,11,chunk_20260701-0630-LAPTOP-R36BQBTE,chunk_20260701-0630-LAPTOP-R36BQBTE,False,within_chunk,1,M1-N-2
ses_20260701-063106-LAPTOP-R36BQBTE,37,2026-07-01T06:48:10.532Z,2026-07-01T06:48:38.409Z,27.877,34,chunk_20260701-0630-LAPTOP-R36BQBTE,chunk_20260701-0630-LAPTOP-R36BQBTE,False,within_chunk,1,M1-N-2
ses_20260701-063106-LAPTOP-R36BQBTE,38,2026-07-01T06:48:40.219Z,2026-07-01T06:48:48.536Z,8.317,28,chunk_20260701-0630-LAPTOP-R36BQBTE,chunk_20260701-0630-LAPTOP-R36BQBTE,False,within_chunk,1,M1-N-2
ses_20260701-063106-LAPTOP-R36BQBTE,39,2026-07-01T06:48:48.591Z,2026-07-01T06:50:00.544Z,71.953,188,chunk_20260701-0630-LAPTOP-R36BQBTE,chunk_20260701-0630-LAPTOP-R36BQBTE,False,within_chunk,1,M1-H-4
ses_20260701-063106-LAPTOP-R36BQBTE,40,2026-07-01T06:50:07.663Z,2026-07-01T06:50:32.378Z,24.715,52,chunk_20260701-0630-LAPTOP-R36BQBTE,chunk_20260701-0630-LAPTOP-R36BQBTE,False,within_chunk,2,M1-E-3
ses_20260701-063106-LAPTOP-R36BQBTE,41,2026-07-01T06:50:32.418Z,2026-07-01T06:51:10.415Z,37.997,81,chunk_20260701-0630-LAPTOP-R36BQBTE,chunk_20260701-0630-LAPTOP-R36BQBTE,False,within_chunk,1,M1-N-3
ses_20260701-063106-LAPTOP-R36BQBTE,42,2026-07-01T06:52:21.062Z,2026-07-01T06:52:34.654Z,13.592,8,chunk_20260701-0630-LAPTOP-R36BQBTE,chunk_20260701-0630-LAPTOP-R36BQBTE,False,within_chunk,1,M1-N-3
ses_20260701-065151-CHAITANYA0BCF,1,2026-07-01T06:51:51.427Z,2026-07-01T06:52:46.291Z,54.864,27,chunk_20260701-0630-CHAITANYA0BCF,chunk_20260701-0630-CHAITANYA0BCF,False,within_chunk,1,M1-G-1
ses_20260701-065151-CHAITANYA0BCF,2,2026-07-01T06:52:47.348Z,2026-07-01T06:53:07.316Z,19.968,62,chunk_20260701-0630-CHAITANYA0BCF,chunk_20260701-0630-CHAITANYA0BCF,False,within_chunk,1,M1-G-1
ses_20260701-065151-CHAITANYA0BCF,3,2026-07-01T06:53:10.891Z,2026-07-01T06:54:30.271Z,79.38,116,chunk_20260701-0630-CHAITANYA0BCF,chunk_20260701-0630-CHAITANYA0BCF,False,within_chunk,1,M1-C-1
ses_20260701-065151-CHAITANYA0BCF,4,2026-07-01T06:54:43.420Z,2026-07-01T06:55:47.416Z,63.996,106,chunk_20260701-0630-CHAITANYA0BCF,chunk_20260701-0630-CHAITANYA0BCF,False,within_chunk,3,M1-H-1
ses_20260701-065151-CHAITANYA0BCF,5,2026-07-01T06:55:47.436Z,2026-07-01T06:57:07.147Z,79.711,248,chunk_20260701-0630-CHAITANYA0BCF,chunk_20260701-0630-CHAITANYA0BCF,False,within_chunk,2,M1-B-1
ses_20260701-065151-CHAITANYA0BCF,6,2026-07-01T06:57:11.075Z,2026-07-01T06:57:50.441Z,39.366,65,chunk_20260701-0630-CHAITANYA0BCF,chunk_20260701-0630-CHAITANYA0BCF,False,within_chunk,2,M1-N-1
ses_20260701-065151-CHAITANYA0BCF,7,2026-07-01T06:57:50.462Z,2026-07-01T06:58:11.320Z,20.858,74,chunk_20260701-0630-CHAITANYA0BCF,chunk_20260701-0630-CHAITANYA0BCF,False,within_chunk,1,M1-G-2
ses_20260701-065151-CHAITANYA0BCF,8,2026-07-01T06:58:14.816Z,2026-07-01T06:58:37.855Z,23.039,58,chunk_20260701-0630-CHAITANYA0BCF,chunk_20260701-0630-CHAITANYA0BCF,False,within_chunk,1,M1-H-2
ses_20260701-065151-CHAITANYA0BCF,9,2026-07-01T06:58:37.905Z,2026-07-01T06:59:19.472Z,41.567,108,chunk_20260701-0630-CHAITANYA0BCF,chunk_20260701-0630-CHAITANYA0BCF,False,within_chunk,1,M1-B-3
ses_20260701-065151-CHAITANYA0BCF,10,2026-07-01T06:59:23.301Z,2026-07-01T06:59:23.357Z,0.056,5,chunk_20260701-0630-CHAITANYA0BCF,chunk_20260701-0630-CHAITANYA0BCF,False,within_chunk,1,M1-G-3
ses_20260701-065151-CHAITANYA0BCF,11,2026-07-01T06:59:23.382Z,2026-07-01T06:59:46.350Z,22.968,77,chunk_20260701-0630-CHAITANYA0BCF,chunk_20260701-0630-CHAITANYA0BCF,False,within_chunk,2,M1-G-3
ses_20260701-065151-CHAITANYA0BCF,12,2026-07-01T06:59:46.405Z,2026-07-01T07:00:12.674Z,26.269,103,chunk_20260701-0630-CHAITANYA0BCF,chunk_20260701-0700-CHAITANYA0BCF,True,continuation_across_chunk,2,M1-K-1
ses_20260701-065151-CHAITANYA0BCF,13,2026-07-01T07:00:12.698Z,2026-07-01T07:00:44.731Z,32.033,86,chunk_20260701-0700-CHAITANYA0BCF,chunk_20260701-0700-CHAITANYA0BCF,False,within_chunk,2,M1-H-3
ses_20260701-065151-CHAITANYA0BCF,14,2026-07-01T07:00:45.583Z,2026-07-01T07:01:38.305Z,52.722,79,chunk_20260701-0700-CHAITANYA0BCF,chunk_20260701-0700-CHAITANYA0BCF,False,within_chunk,2,M1-I-1
ses_20260701-065151-CHAITANYA0BCF,15,2026-07-01T07:01:38.328Z,2026-07-01T07:02:12.242Z,33.914,81,chunk_20260701-0700-CHAITANYA0BCF,chunk_20260701-0700-CHAITANYA0BCF,False,within_chunk,2,M1-C-2
ses_20260701-065151-CHAITANYA0BCF,16,2026-07-01T07:02:12.251Z,2026-07-01T07:02:41.492Z,29.241,110,chunk_20260701-0700-CHAITANYA0BCF,chunk_20260701-0700-CHAITANYA0BCF,False,within_chunk,2,M1-K-2
ses_20260701-065151-CHAITANYA0BCF,17,2026-07-01T07:02:41.540Z,2026-07-01T07:03:10.725Z,29.185,94,chunk_20260701-0700-CHAITANYA0BCF,chunk_20260701-0700-CHAITANYA0BCF,False,within_chunk,2,M1-H-4
ses_20260701-065151-CHAITANYA0BCF,18,2026-07-01T07:03:10.788Z,2026-07-01T07:03:46.850Z,36.062,88,chunk_20260701-0700-CHAITANYA0BCF,chunk_20260701-0700-CHAITANYA0BCF,False,within_chunk,2,M1-N-2
ses_20260701-065151-CHAITANYA0BCF,19,2026-07-01T07:03:46.860Z,2026-07-01T07:04:11.992Z,25.132,86,chunk_20260701-0700-CHAITANYA0BCF,chunk_20260701-0700-CHAITANYA0BCF,False,within_chunk,2,M1-B-4
ses_20260701-065151-CHAITANYA0BCF,20,2026-07-01T07:04:12.007Z,2026-07-01T07:04:37.837Z,25.83,78,chunk_20260701-0700-CHAITANYA0BCF,chunk_20260701-0700-CHAITANYA0BCF,False,within_chunk,2,M1-L-2
ses_20260701-065151-CHAITANYA0BCF,21,2026-07-01T07:04:37.848Z,2026-07-01T07:05:32.514Z,54.666,134,chunk_20260701-0700-CHAITANYA0BCF,chunk_20260701-0700-CHAITANYA0BCF,False,within_chunk,1,M1-G-4
ses_20260701-065151-CHAITANYA0BCF,22,2026-07-01T07:05:52.939Z,2026-07-01T07:07:15.907Z,82.968,140,chunk_20260701-0700-CHAITANYA0BCF,chunk_20260701-0700-CHAITANYA0BCF,False,within_chunk,2,M1-I-3
ses_20260701-065151-CHAITANYA0BCF,23,2026-07-01T07:07:15.908Z,2026-07-01T07:08:46.097Z,90.189,310,chunk_20260701-0700-CHAITANYA0BCF,chunk_20260701-0700-CHAITANYA0BCF,False,within_chunk,2,M1-O-1
ses_20260701-065151-CHAITANYA0BCF,24,2026-07-01T07:08:49.552Z,2026-07-01T07:10:13.051Z,83.499,203,chunk_20260701-0700-CHAITANYA0BCF,chunk_20260701-0700-CHAITANYA0BCF,False,within_chunk,2,M1-K-5
ses_20260701-065151-CHAITANYA0BCF,25,2026-07-01T07:10:13.100Z,2026-07-01T07:10:39.350Z,26.25,102,chunk_20260701-0700-CHAITANYA0BCF,chunk_20260701-0700-CHAITANYA0BCF,False,within_chunk,2,M1-J-1
ses_20260701-065151-CHAITANYA0BCF,26,2026-07-01T07:10:39.365Z,2026-07-01T07:11:20.883Z,41.518,100,chunk_20260701-0700-CHAITANYA0BCF,chunk_20260701-0700-CHAITANYA0BCF,False,within_chunk,2,M1-C-3
ses_20260701-065151-CHAITANYA0BCF,27,2026-07-01T07:11:20.902Z,2026-07-01T07:12:01.125Z,40.223,91,chunk_20260701-0700-CHAITANYA0BCF,chunk_20260701-0700-CHAITANYA0BCF,False,within_chunk,2,M1-N-3
ses_20260701-065151-CHAITANYA0BCF,28,2026-07-01T07:12:01.159Z,2026-07-01T07:12:35.952Z,34.793,98,chunk_20260701-0700-CHAITANYA0BCF,chunk_20260701-0700-CHAITANYA0BCF,False,within_chunk,2,M1-C-4
ses_20260701-065151-CHAITANYA0BCF,29,2026-07-01T07:12:36.006Z,2026-07-01T07:13:01.453Z,25.447,108,chunk_20260701-0700-CHAITANYA0BCF,chunk_20260701-0700-CHAITANYA0BCF,False,within_chunk,1,M1-O-2
ses_20260701-065151-CHAITANYA0BCF,30,2026-07-01T07:13:01.497Z,2026-07-01T07:13:57.169Z,55.672,169,chunk_20260701-0700-CHAITANYA0BCF,chunk_20260701-0700-CHAITANYA0BCF,False,within_chunk,2,M1-J-3
ses_20260701-065151-CHAITANYA0BCF,31,2026-07-01T07:13:57.187Z,2026-07-01T07:16:56.225Z,179.038,106,chunk_20260701-0700-CHAITANYA0BCF,chunk_20260701-0700-CHAITANYA0BCF,False,within_chunk,1,M1-O-3
ses_20260701-070320-JAYESH,1,2026-07-01T07:03:20.759Z,2026-07-01T07:05:05.212Z,104.453,176,chunk_20260701-0700-JAYESH,chunk_20260701-0700-JAYESH,False,within_chunk,1,M1-J-2
ses_20260701-070320-JAYESH,2,2026-07-01T07:05:05.255Z,2026-07-01T07:05:05.757Z,0.502,10,chunk_20260701-0700-JAYESH,chunk_20260701-0700-JAYESH,False,within_chunk,0,
ses_20260701-070320-JAYESH,3,2026-07-01T07:05:05.761Z,2026-07-01T07:05:32.733Z,26.972,85,chunk_20260701-0700-JAYESH,chunk_20260701-0700-JAYESH,False,within_chunk,0,
ses_20260701-070320-JAYESH,4,2026-07-01T07:05:33.117Z,2026-07-01T07:05:33.852Z,0.735,4,chunk_20260701-0700-JAYESH,chunk_20260701-0700-JAYESH,False,within_chunk,0,
ses_20260701-070320-JAYESH,5,2026-07-01T07:05:34.999Z,2026-07-01T07:06:03.730Z,28.731,93,chunk_20260701-0700-JAYESH,chunk_20260701-0700-JAYESH,False,within_chunk,2,M1-K-2
ses_20260701-070320-JAYESH,6,2026-07-01T07:06:03.788Z,2026-07-01T07:06:04.211Z,0.423,10,chunk_20260701-0700-JAYESH,chunk_20260701-0700-JAYESH,False,within_chunk,1,M1-F-1
ses_20260701-070320-JAYESH,7,2026-07-01T07:06:05.088Z,2026-07-01T07:06:29.178Z,24.09,88,chunk_20260701-0700-JAYESH,chunk_20260701-0700-JAYESH,False,within_chunk,2,M1-F-1
ses_20260701-070320-JAYESH,8,2026-07-01T07:06:29.223Z,2026-07-01T07:06:29.743Z,0.52,11,chunk_20260701-0700-JAYESH,chunk_20260701-0700-JAYESH,False,within_chunk,1,M1-M-1
ses_20260701-070320-JAYESH,9,2026-07-01T07:06:29.798Z,2026-07-01T07:07:07.953Z,38.155,91,chunk_20260701-0700-JAYESH,chunk_20260701-0700-JAYESH,False,within_chunk,1,M1-M-1
ses_20260701-070320-JAYESH,10,2026-07-01T07:07:12.135Z,2026-07-01T07:07:43.307Z,31.172,67,chunk_20260701-0700-JAYESH,chunk_20260701-0700-JAYESH,False,within_chunk,1,M1-N-1
ses_20260701-070320-JAYESH,11,2026-07-01T07:07:43.802Z,2026-07-01T07:08:41.223Z,57.421,112,chunk_20260701-0700-JAYESH,chunk_20260701-0700-JAYESH,False,within_chunk,1,M1-N-1
ses_20260701-070320-JAYESH,12,2026-07-01T07:08:41.726Z,2026-07-01T07:08:45.685Z,3.959,6,chunk_20260701-0700-JAYESH,chunk_20260701-0700-JAYESH,False,within_chunk,1,M1-N-1
ses_20260701-070320-JAYESH,13,2026-07-01T07:08:46.134Z,2026-07-01T07:08:46.665Z,0.531,12,chunk_20260701-0700-JAYESH,chunk_20260701-0700-JAYESH,False,within_chunk,1,M1-D-1
ses_20260701-070320-JAYESH,14,2026-07-01T07:08:46.703Z,2026-07-01T07:09:16.935Z,30.232,75,chunk_20260701-0700-JAYESH,chunk_20260701-0700-JAYESH,False,within_chunk,1,M1-D-1
ses_20260701-070320-JAYESH,15,2026-07-01T07:09:44.339Z,2026-07-01T07:09:45.502Z,1.163,15,chunk_20260701-0700-JAYESH,chunk_20260701-0700-JAYESH,False,within_chunk,1,M1-D-1
ses_20260701-070320-JAYESH,16,2026-07-01T07:09:45.519Z,2026-07-01T07:10:25.222Z,39.703,102,chunk_20260701-0700-JAYESH,chunk_20260701-0700-JAYESH,False,within_chunk,1,M1-G-2
ses_20260701-070320-JAYESH,17,2026-07-01T07:10:28.543Z,2026-07-01T07:10:51.575Z,23.032,61,chunk_20260701-0700-JAYESH,chunk_20260701-0700-JAYESH,False,within_chunk,1,M1-H-1
ses_20260701-070320-JAYESH,18,2026-07-01T07:10:55.603Z,2026-07-01T07:11:00.735Z,5.132,8,chunk_20260701-0700-JAYESH,chunk_20260701-0700-JAYESH,False,within_chunk,1,M1-I-1
ses_20260701-070320-JAYESH,19,2026-07-01T07:11:01.934Z,2026-07-01T07:12:01.949Z,60.015,75,chunk_20260701-0700-JAYESH,chunk_20260701-0700-JAYESH,False,within_chunk,1,M1-I-1
ses_20260701-070320-JAYESH,20,2026-07-01T07:12:05.571Z,2026-07-01T07:12:32.590Z,27.019,66,chunk_20260701-0700-JAYESH,chunk_20260701-0700-JAYESH,False,within_chunk,2,M1-F-2
ses_20260701-070320-JAYESH,21,2026-07-01T07:12:32.609Z,2026-07-01T07:12:33.153Z,0.544,11,chunk_20260701-0700-JAYESH,chunk_20260701-0700-JAYESH,False,within_chunk,1,M1-C-1
ses_20260701-070320-JAYESH,22,2026-07-01T07:12:33.164Z,2026-07-01T07:13:11.827Z,38.663,95,chunk_20260701-0700-JAYESH,chunk_20260701-0700-JAYESH,False,within_chunk,2,M1-C-1
ses_20260701-070320-JAYESH,23,2026-07-01T07:13:11.866Z,2026-07-01T07:13:12.390Z,0.524,11,chunk_20260701-0700-JAYESH,chunk_20260701-0700-JAYESH,False,within_chunk,1,M1-I-2
ses_20260701-070320-JAYESH,24,2026-07-01T07:13:12.458Z,2026-07-01T07:13:32.635Z,20.177,38,chunk_20260701-0700-JAYESH,chunk_20260701-0700-JAYESH,False,within_chunk,1,M1-I-2
ses_20260701-070320-JAYESH,25,2026-07-01T07:13:53.162Z,2026-07-01T07:14:15.793Z,22.631,54,chunk_20260701-0700-JAYESH,chunk_20260701-0700-JAYESH,False,within_chunk,1,M1-I-2
ses_20260701-070320-JAYESH,26,2026-07-01T07:14:17.162Z,2026-07-01T07:15:15.769Z,58.607,196,chunk_20260701-0700-JAYESH,chunk_20260701-0700-JAYESH,False,within_chunk,2,M1-A-1
ses_20260701-070320-JAYESH,27,2026-07-01T07:15:16.130Z,2026-07-01T07:15:53.582Z,37.452,85,chunk_20260701-0700-JAYESH,chunk_20260701-0700-JAYESH,False,within_chunk,3,M1-H-2
ses_20260701-070320-JAYESH,28,2026-07-01T07:15:53.597Z,2026-07-01T07:15:54.229Z,0.632,11,chunk_20260701-0700-JAYESH,chunk_20260701-0700-JAYESH,False,within_chunk,1,M1-M-2
ses_20260701-070320-JAYESH,29,2026-07-01T07:15:54.849Z,2026-07-01T07:16:28.247Z,33.398,65,chunk_20260701-0700-JAYESH,chunk_20260701-0700-JAYESH,False,within_chunk,1,M1-M-2
ses_20260701-070320-JAYESH,30,2026-07-01T07:16:28.731Z,2026-07-01T07:16:28.825Z,0.094,5,chunk_20260701-0700-JAYESH,chunk_20260701-0700-JAYESH,False,within_chunk,1,M1-A-2
ses_20260701-070320-JAYESH,31,2026-07-01T07:16:28.871Z,2026-07-01T07:16:53.876Z,25.005,80,chunk_20260701-0700-JAYESH,chunk_20260701-0700-JAYESH,False,within_chunk,1,M1-A-2
ses_20260701-070320-JAYESH,32,2026-07-01T07:16:58.148Z,2026-07-01T07:17:32.273Z,34.125,77,chunk_20260701-0700-JAYESH,chunk_20260701-0700-JAYESH,False,within_chunk,2,M1-C-2
ses_20260701-070320-JAYESH,33,2026-07-01T07:17:32.351Z,2026-07-01T07:18:08.801Z,36.45,87,chunk_20260701-0700-JAYESH,chunk_20260701-0700-JAYESH,False,within_chunk,2,M1-N-2
ses_20260701-070320-JAYESH,34,2026-07-01T07:18:08.807Z,2026-07-01T07:18:09.464Z,0.657,11,chunk_20260701-0700-JAYESH,chunk_20260701-0700-JAYESH,False,within_chunk,1,M1-B-1
ses_20260701-070320-JAYESH,35,2026-07-01T07:18:10.264Z,2026-07-01T07:18:26.562Z,16.298,55,chunk_20260701-0700-JAYESH,chunk_20260701-0700-JAYESH,False,within_chunk,1,M1-B-1
ses_20260701-070320-JAYESH,36,2026-07-01T07:18:30.689Z,2026-07-01T07:18:54.500Z,23.811,63,chunk_20260701-0700-JAYESH,chunk_20260701-0700-JAYESH,False,within_chunk,1,M1-A-3
ses_20260701-070320-JAYESH,37,2026-07-01T07:18:58.914Z,2026-07-01T07:19:26.653Z,27.739,60,chunk_20260701-0700-JAYESH,chunk_20260701-0700-JAYESH,False,within_chunk,1,M1-D-2
ses_20260701-070320-JAYESH,38,2026-07-01T07:19:30.009Z,2026-07-01T07:20:21.653Z,51.644,137,chunk_20260701-0700-JAYESH,chunk_20260701-0700-JAYESH,False,within_chunk,2,M1-A-5
ses_20260701-070320-JAYESH,39,2026-07-01T07:20:21.709Z,2026-07-01T07:20:22.216Z,0.507,11,chunk_20260701-0700-JAYESH,chunk_20260701-0700-JAYESH,False,within_chunk,1,M1-I-3
ses_20260701-070320-JAYESH,40,2026-07-01T07:20:23.157Z,2026-07-01T07:21:27.328Z,64.171,96,chunk_20260701-0700-JAYESH,chunk_20260701-0700-JAYESH,False,within_chunk,2,M1-I-3
ses_20260701-070320-JAYESH,41,2026-07-01T07:21:27.350Z,2026-07-01T07:21:27.805Z,0.455,10,chunk_20260701-0700-JAYESH,chunk_20260701-0700-JAYESH,False,within_chunk,1,M1-B-2
ses_20260701-070320-JAYESH,42,2026-07-01T07:21:27.856Z,2026-07-01T07:21:48.648Z,20.792,63,chunk_20260701-0700-JAYESH,chunk_20260701-0700-JAYESH,False,within_chunk,1,M1-B-2
ses_20260701-070320-JAYESH,43,2026-07-01T07:21:53.234Z,2026-07-01T07:22:34.236Z,41.002,71,chunk_20260701-0700-JAYESH,chunk_20260701-0700-JAYESH,False,within_chunk,2,M1-C-3
ses_20260701-070320-JAYESH,44,2026-07-01T07:22:34.249Z,2026-07-01T07:22:34.798Z,0.549,11,chunk_20260701-0700-JAYESH,chunk_20260701-0700-JAYESH,False,within_chunk,1,M1-H-3
ses_20260701-070320-JAYESH,45,2026-07-01T07:22:35.569Z,2026-07-01T07:23:04.302Z,28.733,97,chunk_20260701-0700-JAYESH,chunk_20260701-0700-JAYESH,False,within_chunk,2,M1-H-3
ses_20260701-070320-JAYESH,46,2026-07-01T07:23:04.346Z,2026-07-01T07:23:04.847Z,0.501,11,chunk_20260701-0700-JAYESH,chunk_20260701-0700-JAYESH,False,within_chunk,1,M1-M-3
ses_20260701-070320-JAYESH,47,2026-07-01T07:23:05.859Z,2026-07-01T07:23:46.434Z,40.575,89,chunk_20260701-0700-JAYESH,chunk_20260701-0700-JAYESH,False,within_chunk,2,M1-M-3
ses_20260701-070320-JAYESH,48,2026-07-01T07:23:46.564Z,2026-07-01T07:23:46.941Z,0.377,9,chunk_20260701-0700-JAYESH,chunk_20260701-0700-JAYESH,False,within_chunk,1,M1-F-3
ses_20260701-070320-JAYESH,49,2026-07-01T07:23:47.952Z,2026-07-01T07:24:15.871Z,27.919,97,chunk_20260701-0700-JAYESH,chunk_20260701-0700-JAYESH,False,within_chunk,2,M1-F-3
ses_20260701-070320-JAYESH,50,2026-07-01T07:24:15.933Z,2026-07-01T07:24:16.433Z,0.5,11,chunk_20260701-0700-JAYESH,chunk_20260701-0700-JAYESH,False,within_chunk,1,M1-N-3
ses_20260701-070320-JAYESH,51,2026-07-01T07:24:17.297Z,2026-07-01T07:24:52.797Z,35.5,76,chunk_20260701-0700-JAYESH,chunk_20260701-0700-JAYESH,False,within_chunk,2,M1-N-3
ses_20260701-070320-JAYESH,52,2026-07-01T07:24:52.798Z,2026-07-01T07:24:53.263Z,0.465,10,chunk_20260701-0700-JAYESH,chunk_20260701-0700-JAYESH,False,within_chunk,1,M1-D-3
ses_20260701-070320-JAYESH,53,2026-07-01T07:24:53.318Z,2026-07-01T07:25:28.221Z,34.903,79,chunk_20260701-0700-JAYESH,chunk_20260701-0700-JAYESH,False,within_chunk,2,M1-D-3
ses_20260701-070320-JAYESH,54,2026-07-01T07:25:28.226Z,2026-07-01T07:25:28.728Z,0.502,10,chunk_20260701-0700-JAYESH,chunk_20260701-0700-JAYESH,False,within_chunk,1,M1-K-3
ses_20260701-070320-JAYESH,55,2026-07-01T07:25:29.455Z,2026-07-01T07:25:53.935Z,24.48,73,chunk_20260701-0700-JAYESH,chunk_20260701-0700-JAYESH,False,within_chunk,2,M1-K-3
ses_20260701-070320-JAYESH,56,2026-07-01T07:25:53.962Z,2026-07-01T07:26:21.146Z,27.184,106,chunk_20260701-0700-JAYESH,chunk_20260701-0700-JAYESH,False,within_chunk,1,M1-F-4
ses_20260701-070320-JAYESH,57,2026-07-01T07:26:33.308Z,2026-07-01T07:27:02.359Z,29.051,72,chunk_20260701-0700-JAYESH,chunk_20260701-0700-JAYESH,False,within_chunk,2,M1-H-4
ses_20260701-070320-JAYESH,58,2026-07-01T07:27:16.262Z,2026-07-01T07:27:47.459Z,31.197,111,chunk_20260701-0700-JAYESH,chunk_20260701-0700-JAYESH,False,within_chunk,2,M1-K-4
ses_20260701-070320-JAYESH,59,2026-07-01T07:28:03.099Z,2026-07-01T07:28:22.485Z,19.386,70,chunk_20260701-0700-JAYESH,chunk_20260701-0700-JAYESH,False,within_chunk,2,M1-G-3
ses_20260701-070320-JAYESH,60,2026-07-01T07:28:22.492Z,2026-07-01T07:28:23.050Z,0.558,12,chunk_20260701-0700-JAYESH,chunk_20260701-0700-JAYESH,False,within_chunk,1,M1-B-3
ses_20260701-070320-JAYESH,61,2026-07-01T07:28:24.055Z,2026-07-01T07:28:42.884Z,18.829,55,chunk_20260701-0700-JAYESH,chunk_20260701-0700-JAYESH,False,within_chunk,1,M1-B-3
ses_20260701-070320-JAYESH,62,2026-07-01T07:28:43.359Z,2026-07-01T07:28:44.009Z,0.65,14,chunk_20260701-0700-JAYESH,chunk_20260701-0700-JAYESH,False,within_chunk,1,M1-J-3
ses_20260701-070320-JAYESH,63,2026-07-01T07:28:44.778Z,2026-07-01T07:29:10.945Z,26.167,80,chunk_20260701-0700-JAYESH,chunk_20260701-0700-JAYESH,False,within_chunk,2,M1-J-3
ses_20260701-070320-JAYESH,64,2026-07-01T07:29:10.962Z,2026-07-01T07:29:35.229Z,24.267,91,chunk_20260701-0700-JAYESH,chunk_20260701-0700-JAYESH,False,within_chunk,1,M1-B-4
ses_20260701-070320-JAYESH,65,2026-07-01T07:29:35.242Z,2026-07-01T07:29:56.251Z,21.009,30,chunk_20260701-0700-JAYESH,chunk_20260701-0700-JAYESH,False,within_chunk,1,M1-B-4
ses_20260701-071849-Marcos,1,2026-07-01T07:18:49.937Z,2026-07-01T07:20:06.177Z,76.24,95,chunk_20260701-0700-Marcos,chunk_20260701-0700-Marcos,False,within_chunk,2,M1-F-1
ses_20260701-071849-Marcos,2,2026-07-01T07:20:06.233Z,2026-07-01T07:20:28.159Z,21.926,66,chunk_20260701-0700-Marcos,chunk_20260701-0700-Marcos,False,within_chunk,1,M1-B-1
ses_20260701-071849-Marcos,3,2026-07-01T07:21:00.929Z,2026-07-01T07:21:34.271Z,33.342,80,chunk_20260701-0700-Marcos,chunk_20260701-0700-Marcos,False,within_chunk,1,M1-C-1
ses_20260701-071849-Marcos,4,2026-07-01T07:21:34.323Z,2026-07-01T07:23:12.163Z,97.84,159,chunk_20260701-0700-Marcos,chunk_20260701-0700-Marcos,False,within_chunk,1,M1-F-3
ses_20260701-071849-Marcos,5,2026-07-01T07:23:25.381Z,2026-07-01T07:23:26.533Z,1.152,4,chunk_20260701-0700-Marcos,chunk_20260701-0700-Marcos,False,within_chunk,1,M1-F-3
ses_20260701-071849-Marcos,6,2026-07-01T07:23:44.179Z,2026-07-01T07:26:19.143Z,154.964,98,chunk_20260701-0700-Marcos,chunk_20260701-0700-Marcos,False,within_chunk,2,M1-I-1
ses_20260701-071849-Marcos,7,2026-07-01T07:26:41.811Z,2026-07-01T07:27:02.526Z,20.715,72,chunk_20260701-0700-Marcos,chunk_20260701-0700-Marcos,False,within_chunk,3,M1-L-1
ses_20260701-071849-Marcos,8,2026-07-01T07:27:02.542Z,2026-07-01T07:28:00.941Z,58.399,103,chunk_20260701-0700-Marcos,chunk_20260701-0700-Marcos,False,within_chunk,2,M1-I-2
ses_20260701-071849-Marcos,9,2026-07-01T07:28:00.976Z,2026-07-01T07:28:24.820Z,23.844,84,chunk_20260701-0700-Marcos,chunk_20260701-0700-Marcos,False,within_chunk,2,M1-E-1
ses_20260701-071849-Marcos,10,2026-07-01T07:28:24.839Z,2026-07-01T07:29:51.348Z,86.509,150,chunk_20260701-0700-Marcos,chunk_20260701-0700-Marcos,False,within_chunk,3,M1-I-3
ses_20260701-071849-Marcos,11,2026-07-01T07:29:51.380Z,2026-07-01T07:30:27.173Z,35.793,82,chunk_20260701-0700-Marcos,chunk_20260701-0730-Marcos,True,continuation_across_chunk,2,M1-C-2
ses_20260701-071849-Marcos,12,2026-07-01T07:30:27.219Z,2026-07-01T07:30:57.285Z,30.066,103,chunk_20260701-0730-Marcos,chunk_20260701-0730-Marcos,False,within_chunk,2,M1-O-1
ses_20260701-071849-Marcos,13,2026-07-01T07:30:57.303Z,2026-07-01T07:32:54.114Z,116.811,141,chunk_20260701-0730-Marcos,chunk_20260701-0730-Marcos,False,within_chunk,2,M1-C-3
ses_20260701-071849-Marcos,14,2026-07-01T07:32:54.141Z,2026-07-01T07:34:39.556Z,105.415,218,chunk_20260701-0730-Marcos,chunk_20260701-0730-Marcos,False,within_chunk,2,M1-M-3
ses_20260701-071849-Marcos,15,2026-07-01T07:34:39.634Z,2026-07-01T07:34:40.101Z,0.467,10,chunk_20260701-0730-Marcos,chunk_20260701-0730-Marcos,False,within_chunk,1,M1-C-4
ses_20260701-071849-Marcos,16,2026-07-01T07:34:40.875Z,2026-07-01T07:35:22.346Z,41.471,66,chunk_20260701-0730-Marcos,chunk_20260701-0730-Marcos,False,within_chunk,1,M1-C-4
ses_20260701-071849-Marcos,17,2026-07-01T07:35:22.902Z,2026-07-01T07:35:22.986Z,0.084,5,chunk_20260701-0730-Marcos,chunk_20260701-0730-Marcos,False,within_chunk,1,M1-M-4
ses_20260701-071849-Marcos,18,2026-07-01T07:35:23.022Z,2026-07-01T07:35:55.215Z,32.193,87,chunk_20260701-0730-Marcos,chunk_20260701-0730-Marcos,False,within_chunk,1,M1-M-4
ses_20260701-071849-Marcos,19,2026-07-01T07:35:59.391Z,2026-07-01T07:36:23.015Z,23.624,50,chunk_20260701-0730-Marcos,chunk_20260701-0730-Marcos,False,within_chunk,2,M1-L-2
ses_20260701-071849-Marcos,20,2026-07-01T07:36:23.034Z,2026-07-01T07:36:50.246Z,27.212,86,chunk_20260701-0730-Marcos,chunk_20260701-0730-Marcos,False,within_chunk,2,M1-E-2
ses_20260701-071849-Marcos,21,2026-07-01T07:36:50.258Z,2026-07-01T07:37:11.868Z,21.61,65,chunk_20260701-0730-Marcos,chunk_20260701-0730-Marcos,False,within_chunk,1,M1-L-3
ses_20260701-071849-Marcos,22,2026-07-01T07:37:12.338Z,2026-07-01T07:37:47.993Z,35.655,103,chunk_20260701-0730-Marcos,chunk_20260701-0730-Marcos,False,within_chunk,1,M1-G-3
ses_20260701-071849-Marcos,23,2026-07-01T07:37:51.354Z,2026-07-01T07:37:51.456Z,0.102,6,chunk_20260701-0730-Marcos,chunk_20260701-0730-Marcos,False,within_chunk,1,M1-O-2
ses_20260701-071849-Marcos,24,2026-07-01T07:37:51.507Z,2026-07-01T07:38:17.248Z,25.741,93,chunk_20260701-0730-Marcos,chunk_20260701-0730-Marcos,False,within_chunk,2,M1-O-2
ses_20260701-071849-Marcos,25,2026-07-01T07:38:17.311Z,2026-07-01T07:38:39.029Z,21.718,70,chunk_20260701-0730-Marcos,chunk_20260701-0730-Marcos,False,within_chunk,1,M1-B-3
ses_20260701-071849-Marcos,26,2026-07-01T07:39:28.235Z,2026-07-01T07:39:50.120Z,21.885,81,chunk_20260701-0730-Marcos,chunk_20260701-0730-Marcos,False,within_chunk,2,M1-L-4
ses_20260701-071849-Marcos,27,2026-07-01T07:39:53.458Z,2026-07-01T07:40:21.500Z,28.042,81,chunk_20260701-0730-Marcos,chunk_20260701-0730-Marcos,False,within_chunk,2,M1-O-3
ses_20260701-071849-Marcos,28,2026-07-01T07:40:21.515Z,2026-07-01T07:41:08.822Z,47.307,102,chunk_20260701-0730-Marcos,chunk_20260701-0730-Marcos,False,within_chunk,1,M1-E-3
ses_20260701-072319-MSI,1,2026-07-01T07:23:19.696Z,2026-07-01T07:23:36.024Z,16.328,49,chunk_20260701-0700-MSI,chunk_20260701-0700-MSI,False,within_chunk,0,
ses_20260701-072319-MSI,2,2026-07-01T07:24:31.127Z,2026-07-01T07:25:08.125Z,36.998,85,chunk_20260701-0700-MSI,chunk_20260701-0700-MSI,False,within_chunk,2,M1-M-1
ses_20260701-072319-MSI,3,2026-07-01T07:25:08.136Z,2026-07-01T07:25:44.485Z,36.349,94,chunk_20260701-0700-MSI,chunk_20260701-0700-MSI,False,within_chunk,1,M1-C-1
ses_20260701-072319-MSI,4,2026-07-01T07:25:48.165Z,2026-07-01T07:26:29.930Z,41.765,91,chunk_20260701-0700-MSI,chunk_20260701-0700-MSI,False,within_chunk,2,M1-B-2
ses_20260701-072319-MSI,5,2026-07-01T07:26:29.965Z,2026-07-01T07:26:58.701Z,28.736,92,chunk_20260701-0700-MSI,chunk_20260701-0700-MSI,False,within_chunk,2,M1-F-1
ses_20260701-072319-MSI,6,2026-07-01T07:26:58.767Z,2026-07-01T07:27:38.443Z,39.676,93,chunk_20260701-0700-MSI,chunk_20260701-0700-MSI,False,within_chunk,1,M1-C-2
ses_20260701-072319-MSI,7,2026-07-01T07:27:42.218Z,2026-07-01T07:29:01.129Z,78.911,189,chunk_20260701-0700-MSI,chunk_20260701-0700-MSI,False,within_chunk,2,M1-A-2
ses_20260701-072319-MSI,8,2026-07-01T07:29:05.145Z,2026-07-01T07:29:45.362Z,40.217,56,chunk_20260701-0700-MSI,chunk_20260701-0700-MSI,False,within_chunk,2,M1-C-3
ses_20260701-072319-MSI,9,2026-07-01T07:29:45.393Z,2026-07-01T07:30:35.948Z,50.555,107,chunk_20260701-0700-MSI,chunk_20260701-0730-MSI,True,continuation_across_chunk,2,M1-M-2
ses_20260701-072319-MSI,10,2026-07-01T07:30:55.132Z,2026-07-01T07:31:03.565Z,8.433,46,chunk_20260701-0730-MSI,chunk_20260701-0730-MSI,False,within_chunk,1,M1-N-1
ses_20260701-072319-MSI,11,2026-07-01T07:31:07.981Z,2026-07-01T07:31:47.624Z,39.643,56,chunk_20260701-0730-MSI,chunk_20260701-0730-MSI,False,within_chunk,2,M1-M-3
ses_20260701-072319-MSI,12,2026-07-01T07:31:47.627Z,2026-07-01T07:32:16.057Z,28.43,113,chunk_20260701-0730-MSI,chunk_20260701-0730-MSI,False,within_chunk,1,M1-A-3
ses_20260701-072319-MSI,13,2026-07-01T07:32:34.685Z,2026-07-01T07:32:35.460Z,0.775,5,chunk_20260701-0730-MSI,chunk_20260701-0730-MSI,False,within_chunk,1,M1-A-3
ses_20260701-072319-MSI,14,2026-07-01T07:33:08.298Z,2026-07-01T07:33:09.226Z,0.928,5,chunk_20260701-0730-MSI,chunk_20260701-0730-MSI,False,within_chunk,1,M1-A-3
ses_20260701-072319-MSI,15,2026-07-01T07:33:26.797Z,2026-07-01T07:34:00.068Z,33.271,9,chunk_20260701-0730-MSI,chunk_20260701-0730-MSI,False,within_chunk,1,M1-A-3
ses_20260701-072319-MSI,16,2026-07-01T07:34:19.421Z,2026-07-01T07:34:21.754Z,2.333,10,chunk_20260701-0730-MSI,chunk_20260701-0730-MSI,False,within_chunk,2,M1-A-3
ses_20260701-072319-MSI,17,2026-07-01T07:34:21.811Z,2026-07-01T07:35:32.628Z,70.817,175,chunk_20260701-0730-MSI,chunk_20260701-0730-MSI,False,within_chunk,1,M1-C-4
ses_20260701-072319-MSI,18,2026-07-01T07:35:33.127Z,2026-07-01T07:36:07.944Z,34.817,88,chunk_20260701-0730-MSI,chunk_20260701-0730-MSI,False,within_chunk,1,M1-N-2
ses_20260701-072319-MSI,19,2026-07-01T07:36:12.008Z,2026-07-01T07:36:34.538Z,22.53,63,chunk_20260701-0730-MSI,chunk_20260701-0730-MSI,False,within_chunk,1,M1-O-1
ses_20260701-072319-MSI,20,2026-07-01T07:36:38.176Z,2026-07-01T07:37:14.916Z,36.74,73,chunk_20260701-0730-MSI,chunk_20260701-0730-MSI,False,within_chunk,2,M1-M-4
ses_20260701-072319-MSI,21,2026-07-01T07:37:14.933Z,2026-07-01T07:37:39.541Z,24.608,83,chunk_20260701-0730-MSI,chunk_20260701-0730-MSI,False,within_chunk,2,M1-F-2
ses_20260701-072319-MSI,22,2026-07-01T07:37:39.561Z,2026-07-01T07:38:12.373Z,32.812,84,chunk_20260701-0730-MSI,chunk_20260701-0730-MSI,False,within_chunk,1,M1-D-2
ses_20260701-072319-MSI,23,2026-07-01T07:38:15.486Z,2026-07-01T07:38:34.641Z,19.155,53,chunk_20260701-0730-MSI,chunk_20260701-0730-MSI,False,within_chunk,1,M1-A-4
ses_20260701-072319-MSI,24,2026-07-01T07:38:38.881Z,2026-07-01T07:39:18.524Z,39.643,95,chunk_20260701-0730-MSI,chunk_20260701-0730-MSI,False,within_chunk,2,M1-B-4
ses_20260701-072319-MSI,25,2026-07-01T07:39:18.537Z,2026-07-01T07:39:43.384Z,24.847,101,chunk_20260701-0730-MSI,chunk_20260701-0730-MSI,False,within_chunk,2,M1-F-3
ses_20260701-072319-MSI,26,2026-07-01T07:39:43.443Z,2026-07-01T07:40:21.434Z,37.991,88,chunk_20260701-0730-MSI,chunk_20260701-0730-MSI,False,within_chunk,2,M1-D-3
ses_20260701-072319-MSI,27,2026-07-01T07:40:21.464Z,2026-07-01T07:40:57.904Z,36.44,86,chunk_20260701-0730-MSI,chunk_20260701-0730-MSI,False,within_chunk,2,M1-N-3
ses_20260701-072319-MSI,28,2026-07-01T07:40:57.937Z,2026-07-01T07:41:25.764Z,27.827,90,chunk_20260701-0730-MSI,chunk_20260701-0730-MSI,False,within_chunk,1,M1-F-4
ses_20260701-072319-MSI,29,2026-07-01T07:41:25.787Z,2026-07-01T07:42:24.276Z,58.489,170,chunk_20260701-0730-MSI,chunk_20260701-0730-MSI,False,within_chunk,2,M1-E-2
ses_20260701-072319-MSI,30,2026-07-01T07:42:24.341Z,2026-07-01T07:42:45.270Z,20.929,94,chunk_20260701-0730-MSI,chunk_20260701-0730-MSI,False,within_chunk,1,M1-F-5
ses_20260701-072319-MSI,31,2026-07-01T07:42:46.388Z,2026-07-01T07:43:23.723Z,37.335,100,chunk_20260701-0730-MSI,chunk_20260701-0730-MSI,False,within_chunk,2,M1-E-3
ses_20260701-072319-MSI,32,2026-07-01T07:43:23.728Z,2026-07-01T07:44:28.057Z,64.329,182,chunk_20260701-0730-MSI,chunk_20260701-0730-MSI,False,within_chunk,1,M1-O-3
ses_20260701-072319-MSI,33,2026-07-01T07:49:18.367Z,2026-07-01T07:49:24.588Z,6.221,14,chunk_20260701-0730-MSI,chunk_20260701-0730-MSI,False,within_chunk,0,
ses_20260701-072435-CHAITANYA0BCF,1,2026-07-01T07:24:35.424Z,2026-07-01T07:25:50.395Z,74.971,90,chunk_20260701-0700-CHAITANYA0BCF,chunk_20260701-0700-CHAITANYA0BCF,False,within_chunk,1,M1-H-1
ses_20260701-072435-CHAITANYA0BCF,2,2026-07-01T07:25:54.426Z,2026-07-01T07:26:13.833Z,19.407,48,chunk_20260701-0700-CHAITANYA0BCF,chunk_20260701-0700-CHAITANYA0BCF,False,within_chunk,1,M1-G-1
ses_20260701-072435-CHAITANYA0BCF,3,2026-07-01T07:26:17.684Z,2026-07-01T07:27:42.707Z,85.023,161,chunk_20260701-0700-CHAITANYA0BCF,chunk_20260701-0700-CHAITANYA0BCF,False,within_chunk,3,M1-I-1
ses_20260701-072435-CHAITANYA0BCF,4,2026-07-01T07:27:42.726Z,2026-07-01T07:28:20.165Z,37.439,110,chunk_20260701-0700-CHAITANYA0BCF,chunk_20260701-0700-CHAITANYA0BCF,False,within_chunk,2,M1-M-1
ses_20260701-072435-CHAITANYA0BCF,5,2026-07-01T07:28:20.211Z,2026-07-01T07:28:45.444Z,25.233,85,chunk_20260701-0700-CHAITANYA0BCF,chunk_20260701-0700-CHAITANYA0BCF,False,within_chunk,2,M1-J-2
ses_20260701-072435-CHAITANYA0BCF,6,2026-07-01T07:28:45.461Z,2026-07-01T07:29:06.333Z,20.872,71,chunk_20260701-0700-CHAITANYA0BCF,chunk_20260701-0700-CHAITANYA0BCF,False,within_chunk,2,M1-L-1
ses_20260701-072435-CHAITANYA0BCF,7,2026-07-01T07:29:06.347Z,2026-07-01T07:29:25.789Z,19.442,70,chunk_20260701-0700-CHAITANYA0BCF,chunk_20260701-0700-CHAITANYA0BCF,False,within_chunk,2,M1-G-2
ses_20260701-072435-CHAITANYA0BCF,8,2026-07-01T07:29:25.819Z,2026-07-01T07:29:50.048Z,24.229,78,chunk_20260701-0700-CHAITANYA0BCF,chunk_20260701-0700-CHAITANYA0BCF,False,within_chunk,1,M1-L-2
ses_20260701-072435-CHAITANYA0BCF,9,2026-07-01T07:29:50.054Z,2026-07-01T07:30:53.126Z,63.072,173,chunk_20260701-0700-CHAITANYA0BCF,chunk_20260701-0730-CHAITANYA0BCF,True,continuation_across_chunk,1,M1-H-3
ses_20260701-072435-CHAITANYA0BCF,10,2026-07-01T07:30:56.556Z,2026-07-01T07:30:58.588Z,2.032,9,chunk_20260701-0730-CHAITANYA0BCF,chunk_20260701-0730-CHAITANYA0BCF,False,within_chunk,1,M1-J-3
ses_20260701-072435-CHAITANYA0BCF,11,2026-07-01T07:31:08.185Z,2026-07-01T07:31:31.995Z,23.81,66,chunk_20260701-0730-CHAITANYA0BCF,chunk_20260701-0730-CHAITANYA0BCF,False,within_chunk,1,M1-J-3
ses_20260701-072435-CHAITANYA0BCF,12,2026-07-01T07:31:32.000Z,2026-07-01T07:31:59.257Z,27.257,108,chunk_20260701-0730-CHAITANYA0BCF,chunk_20260701-0730-CHAITANYA0BCF,False,within_chunk,0,
ses_20260701-072435-CHAITANYA0BCF,13,2026-07-01T07:32:17.272Z,2026-07-01T07:32:57.109Z,39.837,66,chunk_20260701-0730-CHAITANYA0BCF,chunk_20260701-0730-CHAITANYA0BCF,False,within_chunk,1,M1-K-2
ses_20260701-072435-CHAITANYA0BCF,14,2026-07-01T07:33:23.983Z,2026-07-01T07:33:51.097Z,27.114,82,chunk_20260701-0730-CHAITANYA0BCF,chunk_20260701-0730-CHAITANYA0BCF,False,within_chunk,1,M1-G-3
ses_20260701-072435-CHAITANYA0BCF,15,2026-07-01T07:33:51.134Z,2026-07-01T07:34:46.193Z,55.059,162,chunk_20260701-0730-CHAITANYA0BCF,chunk_20260701-0730-CHAITANYA0BCF,False,within_chunk,2,M1-A-2
ses_20260701-072435-CHAITANYA0BCF,16,2026-07-01T07:34:46.204Z,2026-07-01T07:35:06.705Z,20.501,97,chunk_20260701-0730-CHAITANYA0BCF,chunk_20260701-0730-CHAITANYA0BCF,False,within_chunk,1,M1-G-4
ses_20260701-072435-CHAITANYA0BCF,17,2026-07-01T07:35:07.958Z,2026-07-01T07:35:38.707Z,30.749,61,chunk_20260701-0730-CHAITANYA0BCF,chunk_20260701-0730-CHAITANYA0BCF,False,within_chunk,3,M1-H-4
ses_20260701-072435-CHAITANYA0BCF,18,2026-07-01T07:35:38.761Z,2026-07-01T07:36:03.696Z,24.935,77,chunk_20260701-0730-CHAITANYA0BCF,chunk_20260701-0730-CHAITANYA0BCF,False,within_chunk,2,M1-L-3
ses_20260701-072435-CHAITANYA0BCF,19,2026-07-01T07:36:03.753Z,2026-07-01T07:36:25.637Z,21.884,50,chunk_20260701-0730-CHAITANYA0BCF,chunk_20260701-0730-CHAITANYA0BCF,False,within_chunk,1,M1-I-2
ses_20260701-072435-CHAITANYA0BCF,20,2026-07-01T07:36:37.809Z,2026-07-01T07:37:04.081Z,26.272,57,chunk_20260701-0730-CHAITANYA0BCF,chunk_20260701-0730-CHAITANYA0BCF,False,within_chunk,2,M1-I-2
ses_20260701-072435-CHAITANYA0BCF,21,2026-07-01T07:37:04.145Z,2026-07-01T07:37:27.691Z,23.546,80,chunk_20260701-0730-CHAITANYA0BCF,chunk_20260701-0730-CHAITANYA0BCF,False,within_chunk,1,M1-K-3
ses_20260701-072435-CHAITANYA0BCF,22,2026-07-01T07:37:39.591Z,2026-07-01T07:37:39.658Z,0.067,5,chunk_20260701-0730-CHAITANYA0BCF,chunk_20260701-0730-CHAITANYA0BCF,False,within_chunk,1,M1-K-3
ses_20260701-072435-CHAITANYA0BCF,23,2026-07-01T07:38:08.844Z,2026-07-01T07:38:32.155Z,23.311,76,chunk_20260701-0730-CHAITANYA0BCF,chunk_20260701-0730-CHAITANYA0BCF,False,within_chunk,1,M1-L-4
ses_20260701-072435-CHAITANYA0BCF,24,2026-07-01T07:38:35.523Z,2026-07-01T07:38:35.602Z,0.079,6,chunk_20260701-0730-CHAITANYA0BCF,chunk_20260701-0730-CHAITANYA0BCF,False,within_chunk,1,M1-I-3
ses_20260701-072435-CHAITANYA0BCF,25,2026-07-01T07:38:35.628Z,2026-07-01T07:39:38.457Z,62.829,107,chunk_20260701-0730-CHAITANYA0BCF,chunk_20260701-0730-CHAITANYA0BCF,False,within_chunk,1,M1-I-3
ses_20260701-072435-CHAITANYA0BCF,26,2026-07-01T07:39:38.884Z,2026-07-01T07:39:39.124Z,0.24,6,chunk_20260701-0730-CHAITANYA0BCF,chunk_20260701-0730-CHAITANYA0BCF,False,within_chunk,0,
ses_20260701-072435-CHAITANYA0BCF,27,2026-07-01T07:39:39.146Z,2026-07-01T07:40:04.090Z,24.944,86,chunk_20260701-0730-CHAITANYA0BCF,chunk_20260701-0730-CHAITANYA0BCF,False,within_chunk,0,
ses_20260701-072435-CHAITANYA0BCF,28,2026-07-01T07:40:24.286Z,2026-07-01T07:41:03.402Z,39.116,82,chunk_20260701-0730-CHAITANYA0BCF,chunk_20260701-0730-CHAITANYA0BCF,False,within_chunk,1,M1-K-5
ses_20260701-072435-CHAITANYA0BCF,29,2026-07-01T07:41:37.481Z,2026-07-01T07:41:38.162Z,0.681,5,chunk_20260701-0730-CHAITANYA0BCF,chunk_20260701-0730-CHAITANYA0BCF,False,within_chunk,1,M1-K-5
ses_20260701-072435-CHAITANYA0BCF,30,2026-07-01T07:41:38.189Z,2026-07-01T07:42:50.508Z,72.319,168,chunk_20260701-0730-CHAITANYA0BCF,chunk_20260701-0730-CHAITANYA0BCF,False,within_chunk,1,M1-C-2
ses_20260701-072435-CHAITANYA0BCF,31,2026-07-01T07:42:50.528Z,2026-07-01T07:44:00.411Z,69.883,174,chunk_20260701-0730-CHAITANYA0BCF,chunk_20260701-0730-CHAITANYA0BCF,False,within_chunk,2,M1-M-3
ses_20260701-072435-CHAITANYA0BCF,32,2026-07-01T07:44:00.428Z,2026-07-01T07:44:30.717Z,30.289,95,chunk_20260701-0730-CHAITANYA0BCF,chunk_20260701-0730-CHAITANYA0BCF,False,within_chunk,1,M1-A-3
ses_20260701-072435-CHAITANYA0BCF,33,2026-07-01T07:45:43.769Z,2026-07-01T07:46:59.177Z,75.408,139,chunk_20260701-0730-CHAITANYA0BCF,chunk_20260701-0730-CHAITANYA0BCF,False,within_chunk,2,M1-C-4
ses_20260701-072435-CHAITANYA0BCF,34,2026-07-01T07:47:03.161Z,2026-07-01T07:48:13.183Z,70.022,152,chunk_20260701-0730-CHAITANYA0BCF,chunk_20260701-0730-CHAITANYA0BCF,False,within_chunk,1,M1-A-5
ses_20260701-074424-SIDDHIGUPTAB00B,1,2026-07-01T07:44:24.948Z,2026-07-01T07:45:40.285Z,75.337,81,chunk_20260701-0730-SIDDHIGUPTAB00B,chunk_20260701-0730-SIDDHIGUPTAB00B,False,within_chunk,2,M1-G-1
ses_20260701-074424-SIDDHIGUPTAB00B,2,2026-07-01T07:45:40.337Z,2026-07-01T07:46:10.179Z,29.842,79,chunk_20260701-0730-SIDDHIGUPTAB00B,chunk_20260701-0730-SIDDHIGUPTAB00B,False,within_chunk,1,M1-K-1
ses_20260701-074424-SIDDHIGUPTAB00B,3,2026-07-01T07:46:10.652Z,2026-07-01T07:46:10.786Z,0.134,5,chunk_20260701-0730-SIDDHIGUPTAB00B,chunk_20260701-0730-SIDDHIGUPTAB00B,False,within_chunk,1,M1-B-1
ses_20260701-074424-SIDDHIGUPTAB00B,4,2026-07-01T07:46:10.857Z,2026-07-01T07:46:32.273Z,21.416,70,chunk_20260701-0730-SIDDHIGUPTAB00B,chunk_20260701-0730-SIDDHIGUPTAB00B,False,within_chunk,1,M1-B-1
ses_20260701-074424-SIDDHIGUPTAB00B,5,2026-07-01T07:47:03.884Z,2026-07-01T07:47:04.519Z,0.635,8,chunk_20260701-0730-SIDDHIGUPTAB00B,chunk_20260701-0730-SIDDHIGUPTAB00B,False,within_chunk,1,M1-H-1
ses_20260701-074424-SIDDHIGUPTAB00B,6,2026-07-01T07:47:04.596Z,2026-07-01T07:47:35.519Z,30.923,98,chunk_20260701-0730-SIDDHIGUPTAB00B,chunk_20260701-0730-SIDDHIGUPTAB00B,False,within_chunk,2,M1-H-1
ses_20260701-074424-SIDDHIGUPTAB00B,7,2026-07-01T07:47:35.543Z,2026-07-01T07:47:54.036Z,18.493,61,chunk_20260701-0730-SIDDHIGUPTAB00B,chunk_20260701-0730-SIDDHIGUPTAB00B,False,within_chunk,1,M1-B-2
ses_20260701-074424-SIDDHIGUPTAB00B,8,2026-07-01T07:48:16.786Z,2026-07-01T07:48:19.595Z,2.809,7,chunk_20260701-0730-SIDDHIGUPTAB00B,chunk_20260701-0730-SIDDHIGUPTAB00B,False,within_chunk,0,
ses_20260701-074424-SIDDHIGUPTAB00B,9,2026-07-01T07:48:19.610Z,2026-07-01T07:48:50.731Z,31.121,118,chunk_20260701-0730-SIDDHIGUPTAB00B,chunk_20260701-0730-SIDDHIGUPTAB00B,False,within_chunk,1,M1-I-1
ses_20260701-074424-SIDDHIGUPTAB00B,10,2026-07-01T07:49:08.831Z,2026-07-01T07:49:38.170Z,29.339,51,chunk_20260701-0730-SIDDHIGUPTAB00B,chunk_20260701-0730-SIDDHIGUPTAB00B,False,within_chunk,1,M1-I-1
ses_20260701-074424-SIDDHIGUPTAB00B,11,2026-07-01T07:49:39.628Z,2026-07-01T07:49:49.726Z,10.098,8,chunk_20260701-0730-SIDDHIGUPTAB00B,chunk_20260701-0730-SIDDHIGUPTAB00B,False,within_chunk,2,M1-E-1
ses_20260701-074424-SIDDHIGUPTAB00B,12,2026-07-01T07:49:49.781Z,2026-07-01T07:50:18.744Z,28.963,82,chunk_20260701-0730-SIDDHIGUPTAB00B,chunk_20260701-0730-SIDDHIGUPTAB00B,False,within_chunk,1,M1-E-1
ses_20260701-074424-SIDDHIGUPTAB00B,13,2026-07-01T07:50:19.162Z,2026-07-01T07:50:19.355Z,0.193,5,chunk_20260701-0730-SIDDHIGUPTAB00B,chunk_20260701-0730-SIDDHIGUPTAB00B,False,within_chunk,1,M1-M-1
ses_20260701-074424-SIDDHIGUPTAB00B,14,2026-07-01T07:50:19.388Z,2026-07-01T07:51:13.293Z,53.905,98,chunk_20260701-0730-SIDDHIGUPTAB00B,chunk_20260701-0730-SIDDHIGUPTAB00B,False,within_chunk,1,M1-M-1
ses_20260701-074424-SIDDHIGUPTAB00B,15,2026-07-01T07:51:13.584Z,2026-07-01T07:53:24.427Z,130.843,344,chunk_20260701-0730-SIDDHIGUPTAB00B,chunk_20260701-0730-SIDDHIGUPTAB00B,False,within_chunk,5,M1-N-1
ses_20260701-074424-SIDDHIGUPTAB00B,16,2026-07-01T07:53:28.160Z,2026-07-01T07:53:46.774Z,18.614,48,chunk_20260701-0730-SIDDHIGUPTAB00B,chunk_20260701-0730-SIDDHIGUPTAB00B,False,within_chunk,1,M1-G-2
ses_20260701-074424-SIDDHIGUPTAB00B,17,2026-07-01T07:53:51.145Z,2026-07-01T07:54:15.966Z,24.821,76,chunk_20260701-0730-SIDDHIGUPTAB00B,chunk_20260701-0730-SIDDHIGUPTAB00B,False,within_chunk,1,M1-H-2
ses_20260701-074424-SIDDHIGUPTAB00B,18,2026-07-01T07:54:19.876Z,2026-07-01T07:55:09.706Z,49.83,107,chunk_20260701-0730-SIDDHIGUPTAB00B,chunk_20260701-0730-SIDDHIGUPTAB00B,False,within_chunk,1,M1-F-4
ses_20260701-074424-SIDDHIGUPTAB00B,19,2026-07-01T07:55:10.160Z,2026-07-01T07:55:42.237Z,32.077,109,chunk_20260701-0730-SIDDHIGUPTAB00B,chunk_20260701-0730-SIDDHIGUPTAB00B,False,within_chunk,2,M1-E-3
ses_20260701-074424-SIDDHIGUPTAB00B,20,2026-07-01T07:55:42.278Z,2026-07-01T07:56:04.755Z,22.477,75,chunk_20260701-0730-SIDDHIGUPTAB00B,chunk_20260701-0730-SIDDHIGUPTAB00B,False,within_chunk,1,M1-H-3
ses_20260701-074424-SIDDHIGUPTAB00B,21,2026-07-01T07:56:08.921Z,2026-07-01T07:56:25.700Z,16.779,39,chunk_20260701-0730-SIDDHIGUPTAB00B,chunk_20260701-0730-SIDDHIGUPTAB00B,False,within_chunk,0,
ses_20260701-074424-SIDDHIGUPTAB00B,22,2026-07-01T07:56:32.255Z,2026-07-01T07:56:56.040Z,23.785,71,chunk_20260701-0730-SIDDHIGUPTAB00B,chunk_20260701-0730-SIDDHIGUPTAB00B,False,within_chunk,2,M1-G-4
ses_20260701-074424-SIDDHIGUPTAB00B,23,2026-07-01T07:56:56.072Z,2026-07-01T07:59:21.140Z,145.068,88,chunk_20260701-0730-SIDDHIGUPTAB00B,chunk_20260701-0730-SIDDHIGUPTAB00B,False,within_chunk,1,M1-B-3
ses_20260701-074424-SIDDHIGUPTAB00B,24,2026-07-01T07:59:42.637Z,2026-07-01T08:02:02.068Z,139.431,148,chunk_20260701-0730-SIDDHIGUPTAB00B,chunk_20260701-0800-SIDDHIGUPTAB00B,True,continuation_across_chunk,4,M1-M-2
ses_20260701-074424-SIDDHIGUPTAB00B,25,2026-07-01T08:02:02.107Z,2026-07-01T08:02:27.386Z,25.279,79,chunk_20260701-0800-SIDDHIGUPTAB00B,chunk_20260701-0800-SIDDHIGUPTAB00B,False,within_chunk,1,M1-H-4
ses_20260701-074424-SIDDHIGUPTAB00B,26,2026-07-01T08:02:27.863Z,2026-07-01T08:03:06.927Z,39.064,78,chunk_20260701-0800-SIDDHIGUPTAB00B,chunk_20260701-0800-SIDDHIGUPTAB00B,False,within_chunk,1,M1-N-2
ses_20260701-074424-SIDDHIGUPTAB00B,27,2026-07-01T08:03:10.230Z,2026-07-01T08:03:10.280Z,0.05,5,chunk_20260701-0800-SIDDHIGUPTAB00B,chunk_20260701-0800-SIDDHIGUPTAB00B,False,within_chunk,1,M1-I-2
ses_20260701-074424-SIDDHIGUPTAB00B,28,2026-07-01T08:03:10.291Z,2026-07-01T08:05:33.270Z,142.979,225,chunk_20260701-0800-SIDDHIGUPTAB00B,chunk_20260701-0800-SIDDHIGUPTAB00B,False,within_chunk,3,M1-I-2
ses_20260701-074424-SIDDHIGUPTAB00B,29,2026-07-01T08:05:37.387Z,2026-07-01T08:06:36.325Z,58.938,141,chunk_20260701-0800-SIDDHIGUPTAB00B,chunk_20260701-0800-SIDDHIGUPTAB00B,False,within_chunk,2,M1-K-4
ses_20260701-074424-SIDDHIGUPTAB00B,30,2026-07-01T08:06:36.338Z,2026-07-01T08:06:59.025Z,22.687,51,chunk_20260701-0800-SIDDHIGUPTAB00B,chunk_20260701-0800-SIDDHIGUPTAB00B,False,within_chunk,1,M1-I-3
ses_20260701-074424-SIDDHIGUPTAB00B,31,2026-07-01T08:07:14.277Z,2026-07-01T08:08:12.466Z,58.189,109,chunk_20260701-0800-SIDDHIGUPTAB00B,chunk_20260701-0800-SIDDHIGUPTAB00B,False,within_chunk,1,M1-I-3
ses_20260701-075548-CHAITANYA0BCF,1,2026-07-01T07:55:48.056Z,2026-07-01T07:57:07.054Z,78.998,76,chunk_20260701-0730-CHAITANYA0BCF,chunk_20260701-0730-CHAITANYA0BCF,False,within_chunk,2,M1-A-1
ses_20260701-075548-CHAITANYA0BCF,2,2026-07-01T07:57:07.069Z,2026-07-01T07:57:27.905Z,20.836,70,chunk_20260701-0730-CHAITANYA0BCF,chunk_20260701-0730-CHAITANYA0BCF,False,within_chunk,2,M1-G-1
ses_20260701-075548-CHAITANYA0BCF,3,2026-07-01T07:57:27.929Z,2026-07-01T07:57:53.432Z,25.503,103,chunk_20260701-0730-CHAITANYA0BCF,chunk_20260701-0730-CHAITANYA0BCF,False,within_chunk,1,M1-A-2
ses_20260701-075548-CHAITANYA0BCF,4,2026-07-01T07:57:53.936Z,2026-07-01T07:57:54.031Z,0.095,4,chunk_20260701-0730-CHAITANYA0BCF,chunk_20260701-0730-CHAITANYA0BCF,False,within_chunk,0,
ses_20260701-075548-CHAITANYA0BCF,5,2026-07-01T07:57:54.106Z,2026-07-01T07:58:43.307Z,49.201,135,chunk_20260701-0730-CHAITANYA0BCF,chunk_20260701-0730-CHAITANYA0BCF,False,within_chunk,2,M1-K-2
ses_20260701-075548-CHAITANYA0BCF,6,2026-07-01T07:58:43.358Z,2026-07-01T07:59:07.574Z,24.216,73,chunk_20260701-0730-CHAITANYA0BCF,chunk_20260701-0730-CHAITANYA0BCF,False,within_chunk,2,M1-G-2
ses_20260701-075548-CHAITANYA0BCF,7,2026-07-01T07:59:07.580Z,2026-07-01T07:59:30.387Z,22.807,75,chunk_20260701-0730-CHAITANYA0BCF,chunk_20260701-0730-CHAITANYA0BCF,False,within_chunk,1,M1-L-1
ses_20260701-075548-CHAITANYA0BCF,8,2026-07-01T07:59:34.392Z,2026-07-01T07:59:40.637Z,6.245,7,chunk_20260701-0730-CHAITANYA0BCF,chunk_20260701-0730-CHAITANYA0BCF,False,within_chunk,1,M1-M-1
ses_20260701-075548-CHAITANYA0BCF,9,2026-07-01T07:59:41.148Z,2026-07-01T08:00:04.463Z,23.315,67,chunk_20260701-0730-CHAITANYA0BCF,chunk_20260701-0800-CHAITANYA0BCF,True,continuation_across_chunk,1,M1-M-1
ses_20260701-075548-CHAITANYA0BCF,10,2026-07-01T08:00:08.663Z,2026-07-01T08:01:06.489Z,57.826,123,chunk_20260701-0800-CHAITANYA0BCF,chunk_20260701-0800-CHAITANYA0BCF,False,within_chunk,1,M1-K-3
ses_20260701-075548-CHAITANYA0BCF,11,2026-07-01T08:01:12.564Z,2026-07-01T08:01:15.916Z,3.352,7,chunk_20260701-0800-CHAITANYA0BCF,chunk_20260701-0800-CHAITANYA0BCF,False,within_chunk,1,M1-N-2
ses_20260701-075548-CHAITANYA0BCF,12,2026-07-01T08:01:15.972Z,2026-07-01T08:01:50.044Z,34.072,54,chunk_20260701-0800-CHAITANYA0BCF,chunk_20260701-0800-CHAITANYA0BCF,False,within_chunk,2,M1-N-2
ses_20260701-075548-CHAITANYA0BCF,13,2026-07-01T08:01:50.060Z,2026-07-01T08:02:19.002Z,28.942,91,chunk_20260701-0800-CHAITANYA0BCF,chunk_20260701-0800-CHAITANYA0BCF,False,within_chunk,2,M1-A-3
ses_20260701-075548-CHAITANYA0BCF,14,2026-07-01T08:02:19.050Z,2026-07-01T08:02:41.173Z,22.123,72,chunk_20260701-0800-CHAITANYA0BCF,chunk_20260701-0800-CHAITANYA0BCF,False,within_chunk,1,M1-L-2
ses_20260701-075548-CHAITANYA0BCF,15,2026-07-01T08:02:44.728Z,2026-07-01T08:04:08.524Z,83.796,82,chunk_20260701-0800-CHAITANYA0BCF,chunk_20260701-0800-CHAITANYA0BCF,False,within_chunk,0,
ses_20260701-075548-CHAITANYA0BCF,16,2026-07-01T08:04:29.813Z,2026-07-01T08:05:26.957Z,57.144,75,chunk_20260701-0800-CHAITANYA0BCF,chunk_20260701-0800-CHAITANYA0BCF,False,within_chunk,1,M1-M-3
ses_20260701-075548-CHAITANYA0BCF,17,2026-07-01T08:05:31.288Z,2026-07-01T08:05:53.932Z,22.644,52,chunk_20260701-0800-CHAITANYA0BCF,chunk_20260701-0800-CHAITANYA0BCF,False,within_chunk,2,M1-L-3
ses_20260701-075548-CHAITANYA0BCF,18,2026-07-01T08:05:53.944Z,2026-07-01T08:06:24.022Z,30.078,86,chunk_20260701-0800-CHAITANYA0BCF,chunk_20260701-0800-CHAITANYA0BCF,False,within_chunk,1,M1-D-1
ses_20260701-075548-CHAITANYA0BCF,19,2026-07-01T08:06:27.879Z,2026-07-01T08:06:27.943Z,0.064,5,chunk_20260701-0800-CHAITANYA0BCF,chunk_20260701-0800-CHAITANYA0BCF,False,within_chunk,1,M1-O-1
ses_20260701-075548-CHAITANYA0BCF,20,2026-07-01T08:06:27.963Z,2026-07-01T08:07:28.569Z,60.606,141,chunk_20260701-0800-CHAITANYA0BCF,chunk_20260701-0800-CHAITANYA0BCF,False,within_chunk,2,M1-O-1
ses_20260701-075548-CHAITANYA0BCF,21,2026-07-01T08:07:31.924Z,2026-07-01T08:08:01.100Z,29.176,64,chunk_20260701-0800-CHAITANYA0BCF,chunk_20260701-0800-CHAITANYA0BCF,False,within_chunk,1,M1-O-2
ses_20260701-075548-CHAITANYA0BCF,22,2026-07-01T08:08:01.445Z,2026-07-01T08:08:01.602Z,0.157,4,chunk_20260701-0800-CHAITANYA0BCF,chunk_20260701-0800-CHAITANYA0BCF,False,within_chunk,1,M1-G-3
ses_20260701-075548-CHAITANYA0BCF,23,2026-07-01T08:08:01.618Z,2026-07-01T08:08:22.933Z,21.315,67,chunk_20260701-0800-CHAITANYA0BCF,chunk_20260701-0800-CHAITANYA0BCF,False,within_chunk,1,M1-G-3
ses_20260701-075548-CHAITANYA0BCF,24,2026-07-01T08:08:22.948Z,2026-07-01T08:09:08.537Z,45.589,96,chunk_20260701-0800-CHAITANYA0BCF,chunk_20260701-0800-CHAITANYA0BCF,False,within_chunk,1,M1-D-3
ses_20260701-075548-CHAITANYA0BCF,25,2026-07-01T08:09:25.863Z,2026-07-01T08:09:37.824Z,11.961,32,chunk_20260701-0800-CHAITANYA0BCF,chunk_20260701-0800-CHAITANYA0BCF,False,within_chunk,2,M1-D-3
ses_20260701-075548-CHAITANYA0BCF,26,2026-07-01T08:09:37.953Z,2026-07-01T08:10:24.578Z,46.625,134,chunk_20260701-0800-CHAITANYA0BCF,chunk_20260701-0800-CHAITANYA0BCF,False,within_chunk,1,M1-O-3
ses_20260701-075604-LAPTOP-0IM1OHQH,1,2026-07-01T07:56:04.438Z,2026-07-01T07:57:12.464Z,68.026,84,chunk_20260701-0730-LAPTOP-0IM1OHQH,chunk_20260701-0730-LAPTOP-0IM1OHQH,False,within_chunk,2,M1-K-1
ses_20260701-075604-LAPTOP-0IM1OHQH,2,2026-07-01T07:57:12.483Z,2026-07-01T07:57:39.647Z,27.164,97,chunk_20260701-0730-LAPTOP-0IM1OHQH,chunk_20260701-0730-LAPTOP-0IM1OHQH,False,within_chunk,2,M1-A-1
ses_20260701-075604-LAPTOP-0IM1OHQH,3,2026-07-01T07:57:39.684Z,2026-07-01T07:58:08.563Z,28.879,87,chunk_20260701-0730-LAPTOP-0IM1OHQH,chunk_20260701-0730-LAPTOP-0IM1OHQH,False,within_chunk,2,M1-K-2
ses_20260701-075604-LAPTOP-0IM1OHQH,4,2026-07-01T07:58:08.597Z,2026-07-01T07:58:46.880Z,38.283,76,chunk_20260701-0730-LAPTOP-0IM1OHQH,chunk_20260701-0730-LAPTOP-0IM1OHQH,False,within_chunk,1,M1-D-1
ses_20260701-075604-LAPTOP-0IM1OHQH,5,2026-07-01T07:58:50.434Z,2026-07-01T07:59:06.080Z,15.646,39,chunk_20260701-0730-LAPTOP-0IM1OHQH,chunk_20260701-0730-LAPTOP-0IM1OHQH,False,within_chunk,1,M1-B-1
ses_20260701-075604-LAPTOP-0IM1OHQH,6,2026-07-01T07:59:09.326Z,2026-07-01T07:59:59.560Z,50.234,62,chunk_20260701-0730-LAPTOP-0IM1OHQH,chunk_20260701-0730-LAPTOP-0IM1OHQH,False,within_chunk,2,M1-C-1
ses_20260701-075604-LAPTOP-0IM1OHQH,7,2026-07-01T07:59:59.840Z,2026-07-01T08:00:58.803Z,58.963,126,chunk_20260701-0730-LAPTOP-0IM1OHQH,chunk_20260701-0800-LAPTOP-0IM1OHQH,True,continuation_across_chunk,3,M1-N-1
ses_20260701-075604-LAPTOP-0IM1OHQH,8,2026-07-01T08:00:58.811Z,2026-07-01T08:01:37.085Z,38.274,101,chunk_20260701-0800-LAPTOP-0IM1OHQH,chunk_20260701-0800-LAPTOP-0IM1OHQH,False,within_chunk,2,M1-A-2
ses_20260701-075604-LAPTOP-0IM1OHQH,9,2026-07-01T08:01:57.373Z,2026-07-01T08:02:08.270Z,10.897,31,chunk_20260701-0800-LAPTOP-0IM1OHQH,chunk_20260701-0800-LAPTOP-0IM1OHQH,False,within_chunk,2,M1-D-2
ses_20260701-075604-LAPTOP-0IM1OHQH,10,2026-07-01T08:02:08.294Z,2026-07-01T08:02:39.060Z,30.766,95,chunk_20260701-0800-LAPTOP-0IM1OHQH,chunk_20260701-0800-LAPTOP-0IM1OHQH,False,within_chunk,2,M1-O-1
ses_20260701-075604-LAPTOP-0IM1OHQH,11,2026-07-01T08:02:39.076Z,2026-07-01T08:03:23.813Z,44.737,68,chunk_20260701-0800-LAPTOP-0IM1OHQH,chunk_20260701-0800-LAPTOP-0IM1OHQH,False,within_chunk,1,M1-C-2
ses_20260701-075604-LAPTOP-0IM1OHQH,12,2026-07-01T08:03:27.696Z,2026-07-01T08:05:10.634Z,102.938,243,chunk_20260701-0800-LAPTOP-0IM1OHQH,chunk_20260701-0800-LAPTOP-0IM1OHQH,False,within_chunk,3,M1-E-1
ses_20260701-075604-LAPTOP-0IM1OHQH,13,2026-07-01T08:05:11.057Z,2026-07-01T08:05:11.142Z,0.085,5,chunk_20260701-0800-LAPTOP-0IM1OHQH,chunk_20260701-0800-LAPTOP-0IM1OHQH,False,within_chunk,1,M1-H-1
ses_20260701-075604-LAPTOP-0IM1OHQH,14,2026-07-01T08:05:11.148Z,2026-07-01T08:05:32.826Z,21.678,72,chunk_20260701-0800-LAPTOP-0IM1OHQH,chunk_20260701-0800-LAPTOP-0IM1OHQH,False,within_chunk,1,M1-H-1
ses_20260701-075604-LAPTOP-0IM1OHQH,15,2026-07-01T08:05:58.589Z,2026-07-01T08:06:00.251Z,1.662,10,chunk_20260701-0800-LAPTOP-0IM1OHQH,chunk_20260701-0800-LAPTOP-0IM1OHQH,False,within_chunk,2,M1-C-3
ses_20260701-075604-LAPTOP-0IM1OHQH,16,2026-07-01T08:06:01.061Z,2026-07-01T08:06:45.871Z,44.81,76,chunk_20260701-0800-LAPTOP-0IM1OHQH,chunk_20260701-0800-LAPTOP-0IM1OHQH,False,within_chunk,1,M1-C-3
ses_20260701-075604-LAPTOP-0IM1OHQH,17,2026-07-01T08:06:49.507Z,2026-07-01T08:07:35.704Z,46.197,66,chunk_20260701-0800-LAPTOP-0IM1OHQH,chunk_20260701-0800-LAPTOP-0IM1OHQH,False,within_chunk,1,M1-A-3
ses_20260701-075604-LAPTOP-0IM1OHQH,18,2026-07-01T08:07:37.003Z,2026-07-01T08:08:07.517Z,30.514,99,chunk_20260701-0800-LAPTOP-0IM1OHQH,chunk_20260701-0800-LAPTOP-0IM1OHQH,False,within_chunk,3,M1-H-2
ses_20260701-075604-LAPTOP-0IM1OHQH,19,2026-07-01T08:08:07.568Z,2026-07-01T08:08:54.728Z,47.16,81,chunk_20260701-0800-LAPTOP-0IM1OHQH,chunk_20260701-0800-LAPTOP-0IM1OHQH,False,within_chunk,1,M1-C-4
ses_20260701-075604-LAPTOP-0IM1OHQH,20,2026-07-01T08:08:58.711Z,2026-07-01T08:09:18.838Z,20.127,60,chunk_20260701-0800-LAPTOP-0IM1OHQH,chunk_20260701-0800-LAPTOP-0IM1OHQH,False,within_chunk,1,M1-A-4
ses_20260701-075604-LAPTOP-0IM1OHQH,21,2026-07-01T08:09:23.087Z,2026-07-01T08:10:02.396Z,39.309,59,chunk_20260701-0800-LAPTOP-0IM1OHQH,chunk_20260701-0800-LAPTOP-0IM1OHQH,False,within_chunk,2,M1-D-3
ses_20260701-075604-LAPTOP-0IM1OHQH,22,2026-07-01T08:10:02.421Z,2026-07-01T08:10:39.904Z,37.483,76,chunk_20260701-0800-LAPTOP-0IM1OHQH,chunk_20260701-0800-LAPTOP-0IM1OHQH,False,within_chunk,1,M1-N-3
ses_20260701-075604-LAPTOP-0IM1OHQH,23,2026-07-01T08:10:39.923Z,2026-07-01T08:11:16.679Z,36.756,100,chunk_20260701-0800-LAPTOP-0IM1OHQH,chunk_20260701-0800-LAPTOP-0IM1OHQH,False,within_chunk,1,M1-B-3
ses_20260701-075604-LAPTOP-0IM1OHQH,24,2026-07-01T08:11:20.127Z,2026-07-01T08:11:38.920Z,18.793,51,chunk_20260701-0800-LAPTOP-0IM1OHQH,chunk_20260701-0800-LAPTOP-0IM1OHQH,False,within_chunk,1,M1-A-5
ses_20260701-075604-LAPTOP-0IM1OHQH,25,2026-07-01T08:11:43.377Z,2026-07-01T08:12:34.818Z,51.441,126,chunk_20260701-0800-LAPTOP-0IM1OHQH,chunk_20260701-0800-LAPTOP-0IM1OHQH,False,within_chunk,2,M1-E-3
ses_20260701-075604-LAPTOP-0IM1OHQH,26,2026-07-01T08:12:34.829Z,2026-07-01T08:13:07.712Z,32.883,99,chunk_20260701-0800-LAPTOP-0IM1OHQH,chunk_20260701-0800-LAPTOP-0IM1OHQH,False,within_chunk,1,M1-O-2
ses_20260701-075604-LAPTOP-0IM1OHQH,27,2026-07-01T08:13:07.762Z,2026-07-01T08:14:06.260Z,58.498,156,chunk_20260701-0800-LAPTOP-0IM1OHQH,chunk_20260701-0800-LAPTOP-0IM1OHQH,False,within_chunk,1,M1-H-4
ses_20260701-075604-LAPTOP-0IM1OHQH,28,2026-07-01T08:14:07.355Z,2026-07-01T08:15:44.592Z,97.237,98,chunk_20260701-0800-LAPTOP-0IM1OHQH,chunk_20260701-0800-LAPTOP-0IM1OHQH,False,within_chunk,1,M1-O-3
ses_20260701-081120-SIDDHIGUPTAB00B,1,2026-07-01T08:11:20.537Z,2026-07-01T08:12:32.593Z,72.056,86,chunk_20260701-0800-SIDDHIGUPTAB00B,chunk_20260701-0800-SIDDHIGUPTAB00B,False,within_chunk,1,M1-K-1
ses_20260701-081120-SIDDHIGUPTAB00B,2,2026-07-01T08:12:35.690Z,2026-07-01T08:13:12.479Z,36.789,71,chunk_20260701-0800-SIDDHIGUPTAB00B,chunk_20260701-0800-SIDDHIGUPTAB00B,False,within_chunk,1,M1-M-1
ses_20260701-081120-SIDDHIGUPTAB00B,3,2026-07-01T08:13:12.492Z,2026-07-01T08:14:27.621Z,75.129,173,chunk_20260701-0800-SIDDHIGUPTAB00B,chunk_20260701-0800-SIDDHIGUPTAB00B,False,within_chunk,2,M1-C-2
ses_20260701-081120-SIDDHIGUPTAB00B,4,2026-07-01T08:14:27.640Z,2026-07-01T08:15:17.817Z,50.177,145,chunk_20260701-0800-SIDDHIGUPTAB00B,chunk_20260701-0800-SIDDHIGUPTAB00B,False,within_chunk,2,M1-O-1
ses_20260701-081120-SIDDHIGUPTAB00B,5,2026-07-01T08:15:21.666Z,2026-07-01T08:17:11.415Z,109.749,84,chunk_20260701-0800-SIDDHIGUPTAB00B,chunk_20260701-0800-SIDDHIGUPTAB00B,False,within_chunk,1,M1-M-2
ses_20260701-081120-SIDDHIGUPTAB00B,6,2026-07-01T08:17:25.686Z,2026-07-01T08:33:52.657Z,986.971,6,chunk_20260701-0800-SIDDHIGUPTAB00B,chunk_20260701-0830-SIDDHIGUPTAB00B,True,continuation_across_chunk,1,M1-M-2
ses_20260701-081120-SIDDHIGUPTAB00B,7,2026-07-01T08:34:25.800Z,2026-07-01T08:34:51.585Z,25.785,66,chunk_20260701-0830-SIDDHIGUPTAB00B,chunk_20260701-0830-SIDDHIGUPTAB00B,False,within_chunk,1,M1-K-3
ses_20260701-081120-SIDDHIGUPTAB00B,8,2026-07-01T08:34:53.062Z,2026-07-01T08:36:34.272Z,101.21,87,chunk_20260701-0830-SIDDHIGUPTAB00B,chunk_20260701-0830-SIDDHIGUPTAB00B,False,within_chunk,2,M1-M-3
ses_20260701-081120-SIDDHIGUPTAB00B,9,2026-07-01T08:36:36.443Z,2026-07-01T08:36:37.657Z,1.214,15,chunk_20260701-0830-SIDDHIGUPTAB00B,chunk_20260701-0830-SIDDHIGUPTAB00B,False,within_chunk,2,M1-J-1
ses_20260701-081120-SIDDHIGUPTAB00B,10,2026-07-01T08:36:38.683Z,2026-07-01T08:37:07.666Z,28.983,79,chunk_20260701-0830-SIDDHIGUPTAB00B,chunk_20260701-0830-SIDDHIGUPTAB00B,False,within_chunk,1,M1-J-1
ses_20260701-081120-SIDDHIGUPTAB00B,11,2026-07-01T08:37:07.690Z,2026-07-01T08:37:28.731Z,21.041,66,chunk_20260701-0830-SIDDHIGUPTAB00B,chunk_20260701-0830-SIDDHIGUPTAB00B,False,within_chunk,0,
ses_20260701-081120-SIDDHIGUPTAB00B,12,2026-07-01T08:37:40.630Z,2026-07-01T08:38:00.419Z,19.789,42,chunk_20260701-0830-SIDDHIGUPTAB00B,chunk_20260701-0830-SIDDHIGUPTAB00B,False,within_chunk,2,M1-L-2
ses_20260701-081120-SIDDHIGUPTAB00B,13,2026-07-01T08:38:00.421Z,2026-07-01T08:38:17.422Z,17.001,64,chunk_20260701-0830-SIDDHIGUPTAB00B,chunk_20260701-0830-SIDDHIGUPTAB00B,False,within_chunk,1,M1-B-1
ses_20260701-081120-SIDDHIGUPTAB00B,14,2026-07-01T08:38:42.112Z,2026-07-01T08:40:18.473Z,96.361,112,chunk_20260701-0830-SIDDHIGUPTAB00B,chunk_20260701-0830-SIDDHIGUPTAB00B,False,within_chunk,2,M1-C-4
ses_20260701-081120-SIDDHIGUPTAB00B,15,2026-07-01T08:40:22.487Z,2026-07-01T08:40:59.465Z,36.978,10,chunk_20260701-0830-SIDDHIGUPTAB00B,chunk_20260701-0830-SIDDHIGUPTAB00B,False,within_chunk,2,M1-B-2
ses_20260701-081120-SIDDHIGUPTAB00B,16,2026-07-01T08:47:49.501Z,2026-07-01T08:48:12.259Z,22.758,41,chunk_20260701-0830-SIDDHIGUPTAB00B,chunk_20260701-0830-SIDDHIGUPTAB00B,False,within_chunk,1,M1-B-2
ses_20260701-081120-SIDDHIGUPTAB00B,17,2026-07-01T08:48:38.426Z,2026-07-01T08:49:01.968Z,23.542,62,chunk_20260701-0830-SIDDHIGUPTAB00B,chunk_20260701-0830-SIDDHIGUPTAB00B,False,within_chunk,1,M1-E-1
ses_20260701-081120-SIDDHIGUPTAB00B,18,2026-07-01T08:49:05.256Z,2026-07-01T08:49:05.366Z,0.11,6,chunk_20260701-0830-SIDDHIGUPTAB00B,chunk_20260701-0830-SIDDHIGUPTAB00B,False,within_chunk,1,M1-M-4
ses_20260701-081120-SIDDHIGUPTAB00B,19,2026-07-01T08:49:05.406Z,2026-07-01T08:49:46.363Z,40.957,95,chunk_20260701-0830-SIDDHIGUPTAB00B,chunk_20260701-0830-SIDDHIGUPTAB00B,False,within_chunk,2,M1-M-4
ses_20260701-081120-SIDDHIGUPTAB00B,20,2026-07-01T08:49:46.395Z,2026-07-01T08:50:22.690Z,36.295,81,chunk_20260701-0830-SIDDHIGUPTAB00B,chunk_20260701-0830-SIDDHIGUPTAB00B,False,within_chunk,2,M1-D-1
ses_20260701-081120-SIDDHIGUPTAB00B,21,2026-07-01T08:50:22.698Z,2026-07-01T08:50:41.268Z,18.57,65,chunk_20260701-0830-SIDDHIGUPTAB00B,chunk_20260701-0830-SIDDHIGUPTAB00B,False,within_chunk,1,M1-L-3
ses_20260701-081120-SIDDHIGUPTAB00B,22,2026-07-01T08:50:45.917Z,2026-07-01T08:51:06.508Z,20.591,54,chunk_20260701-0830-SIDDHIGUPTAB00B,chunk_20260701-0830-SIDDHIGUPTAB00B,False,within_chunk,1,M1-O-2
ses_20260701-081120-SIDDHIGUPTAB00B,23,2026-07-01T08:51:10.479Z,2026-07-01T08:51:36.901Z,26.422,80,chunk_20260701-0830-SIDDHIGUPTAB00B,chunk_20260701-0830-SIDDHIGUPTAB00B,False,within_chunk,2,M1-L-4
ses_20260701-081120-SIDDHIGUPTAB00B,24,2026-07-01T08:51:36.918Z,2026-07-01T08:51:54.972Z,18.054,64,chunk_20260701-0830-SIDDHIGUPTAB00B,chunk_20260701-0830-SIDDHIGUPTAB00B,False,within_chunk,1,M1-B-3
ses_20260701-081120-SIDDHIGUPTAB00B,25,2026-07-01T08:52:21.105Z,2026-07-01T08:52:52.029Z,30.924,97,chunk_20260701-0830-SIDDHIGUPTAB00B,chunk_20260701-0830-SIDDHIGUPTAB00B,False,within_chunk,3,M1-O-3
ses_20260701-081120-SIDDHIGUPTAB00B,26,2026-07-01T08:52:52.061Z,2026-07-01T08:53:21.498Z,29.437,90,chunk_20260701-0830-SIDDHIGUPTAB00B,chunk_20260701-0830-SIDDHIGUPTAB00B,False,within_chunk,1,M1-J-2
ses_20260701-081120-SIDDHIGUPTAB00B,27,2026-07-01T08:53:21.514Z,2026-07-01T08:54:00.778Z,39.264,86,chunk_20260701-0830-SIDDHIGUPTAB00B,chunk_20260701-0830-SIDDHIGUPTAB00B,False,within_chunk,0,
ses_20260701-081120-SIDDHIGUPTAB00B,28,2026-07-01T08:54:14.232Z,2026-07-01T08:54:51.570Z,37.338,40,chunk_20260701-0830-SIDDHIGUPTAB00B,chunk_20260701-0830-SIDDHIGUPTAB00B,False,within_chunk,1,M1-D-3
ses_20260701-081120-SIDDHIGUPTAB00B,29,2026-07-01T08:54:54.770Z,2026-07-01T08:55:51.965Z,57.195,90,chunk_20260701-0830-SIDDHIGUPTAB00B,chunk_20260701-0830-SIDDHIGUPTAB00B,False,within_chunk,1,M1-B-4
ses_20260701-081120-SIDDHIGUPTAB00B,30,2026-07-01T08:56:10.926Z,2026-07-01T08:56:13.770Z,2.844,4,chunk_20260701-0830-SIDDHIGUPTAB00B,chunk_20260701-0830-SIDDHIGUPTAB00B,False,within_chunk,1,M1-B-4
ses_20260701-081120-SIDDHIGUPTAB00B,31,2026-07-01T08:56:14.200Z,2026-07-01T08:56:39.009Z,24.809,85,chunk_20260701-0830-SIDDHIGUPTAB00B,chunk_20260701-0830-SIDDHIGUPTAB00B,False,within_chunk,1,M1-J-3
ses_20260701-081120-SIDDHIGUPTAB00B,32,2026-07-01T08:56:39.071Z,2026-07-01T08:57:11.644Z,32.573,107,chunk_20260701-0830-SIDDHIGUPTAB00B,chunk_20260701-0830-SIDDHIGUPTAB00B,False,within_chunk,1,M1-E-3
ses_20260701-081120-SIDDHIGUPTAB00B,33,2026-07-01T08:57:16.547Z,2026-07-01T08:58:08.335Z,51.788,83,chunk_20260701-0830-SIDDHIGUPTAB00B,chunk_20260701-0830-SIDDHIGUPTAB00B,False,within_chunk,1,M1-E-3
ses_20260701-081732-CHAITANYA0BCF,1,2026-07-01T08:17:32.141Z,2026-07-01T08:18:49.106Z,76.965,83,chunk_20260701-0800-CHAITANYA0BCF,chunk_20260701-0800-CHAITANYA0BCF,False,within_chunk,2,M1-B-1
ses_20260701-081732-CHAITANYA0BCF,2,2026-07-01T08:18:49.140Z,2026-07-01T08:19:10.229Z,21.089,74,chunk_20260701-0800-CHAITANYA0BCF,chunk_20260701-0800-CHAITANYA0BCF,False,within_chunk,1,M1-L-1
ses_20260701-081732-CHAITANYA0BCF,3,2026-07-01T08:19:43.474Z,2026-07-01T08:20:30.514Z,47.04,91,chunk_20260701-0800-CHAITANYA0BCF,chunk_20260701-0800-CHAITANYA0BCF,False,within_chunk,2,M1-M-1
ses_20260701-081732-CHAITANYA0BCF,4,2026-07-01T08:20:50.062Z,2026-07-01T08:20:57.606Z,7.544,42,chunk_20260701-0800-CHAITANYA0BCF,chunk_20260701-0800-CHAITANYA0BCF,False,within_chunk,1,M1-N-1
ses_20260701-081732-CHAITANYA0BCF,5,2026-07-01T08:21:02.048Z,2026-07-01T08:21:33.254Z,31.206,54,chunk_20260701-0800-CHAITANYA0BCF,chunk_20260701-0800-CHAITANYA0BCF,False,within_chunk,1,M1-M-2
ses_20260701-081732-CHAITANYA0BCF,6,2026-07-01T08:21:33.265Z,2026-07-01T08:22:31.169Z,57.904,170,chunk_20260701-0800-CHAITANYA0BCF,chunk_20260701-0800-CHAITANYA0BCF,False,within_chunk,2,M1-A-2
ses_20260701-081732-CHAITANYA0BCF,7,2026-07-01T08:22:31.187Z,2026-07-01T08:23:01.730Z,30.543,109,chunk_20260701-0800-CHAITANYA0BCF,chunk_20260701-0800-CHAITANYA0BCF,False,within_chunk,2,M1-K-1
ses_20260701-081732-CHAITANYA0BCF,8,2026-07-01T08:23:01.763Z,2026-07-01T08:23:26.929Z,25.166,82,chunk_20260701-0800-CHAITANYA0BCF,chunk_20260701-0800-CHAITANYA0BCF,False,within_chunk,2,M1-A-3
ses_20260701-081732-CHAITANYA0BCF,9,2026-07-01T08:23:26.974Z,2026-07-01T08:23:50.428Z,23.454,73,chunk_20260701-0800-CHAITANYA0BCF,chunk_20260701-0800-CHAITANYA0BCF,False,within_chunk,1,M1-L-2
ses_20260701-081732-CHAITANYA0BCF,10,2026-07-01T08:24:25.867Z,2026-07-01T08:24:27.248Z,1.381,6,chunk_20260701-0800-CHAITANYA0BCF,chunk_20260701-0800-CHAITANYA0BCF,False,within_chunk,0,
ses_20260701-081732-CHAITANYA0BCF,11,2026-07-01T08:25:25.010Z,2026-07-01T08:25:28.316Z,3.306,7,chunk_20260701-0800-CHAITANYA0BCF,chunk_20260701-0800-CHAITANYA0BCF,False,within_chunk,1,M1-A-4
ses_20260701-081732-CHAITANYA0BCF,12,2026-07-01T08:25:28.323Z,2026-07-01T08:25:57.063Z,28.74,101,chunk_20260701-0800-CHAITANYA0BCF,chunk_20260701-0800-CHAITANYA0BCF,False,within_chunk,1,M1-A-4
ses_20260701-081732-CHAITANYA0BCF,13,2026-07-01T08:26:00.650Z,2026-07-01T08:26:29.435Z,28.785,67,chunk_20260701-0800-CHAITANYA0BCF,chunk_20260701-0800-CHAITANYA0BCF,False,within_chunk,2,M1-E-1
ses_20260701-081732-CHAITANYA0BCF,14,2026-07-01T08:26:29.449Z,2026-07-01T08:26:51.797Z,22.348,81,chunk_20260701-0800-CHAITANYA0BCF,chunk_20260701-0800-CHAITANYA0BCF,False,within_chunk,1,M1-K-2
ses_20260701-081732-CHAITANYA0BCF,15,2026-07-01T08:26:55.434Z,2026-07-01T08:27:31.630Z,36.196,68,chunk_20260701-0800-CHAITANYA0BCF,chunk_20260701-0800-CHAITANYA0BCF,False,within_chunk,1,M1-M-3
ses_20260701-081732-CHAITANYA0BCF,16,2026-07-01T08:27:31.951Z,2026-07-01T08:27:32.178Z,0.227,6,chunk_20260701-0800-CHAITANYA0BCF,chunk_20260701-0800-CHAITANYA0BCF,False,within_chunk,1,M1-I-1
ses_20260701-081732-CHAITANYA0BCF,17,2026-07-01T08:27:32.238Z,2026-07-01T08:28:41.146Z,68.908,111,chunk_20260701-0800-CHAITANYA0BCF,chunk_20260701-0800-CHAITANYA0BCF,False,within_chunk,2,M1-I-1
ses_20260701-081732-CHAITANYA0BCF,18,2026-07-01T08:28:41.149Z,2026-07-01T08:29:06.437Z,25.288,79,chunk_20260701-0800-CHAITANYA0BCF,chunk_20260701-0800-CHAITANYA0BCF,False,within_chunk,2,M1-B-2
ses_20260701-081732-CHAITANYA0BCF,19,2026-07-01T08:29:06.444Z,2026-07-01T08:30:42.077Z,95.633,197,chunk_20260701-0800-CHAITANYA0BCF,chunk_20260701-0830-CHAITANYA0BCF,True,continuation_across_chunk,2,M1-K-3
ses_20260701-081732-CHAITANYA0BCF,20,2026-07-01T08:30:42.080Z,2026-07-01T08:33:19.075Z,156.995,304,chunk_20260701-0830-CHAITANYA0BCF,chunk_20260701-0830-CHAITANYA0BCF,False,within_chunk,2,M1-I-3
ses_20260701-081732-CHAITANYA0BCF,21,2026-07-01T08:33:19.126Z,2026-07-01T08:33:42.663Z,23.537,81,chunk_20260701-0830-CHAITANYA0BCF,chunk_20260701-0830-CHAITANYA0BCF,False,within_chunk,1,M1-K-4
ses_20260701-081732-CHAITANYA0BCF,22,2026-07-01T08:33:46.128Z,2026-07-01T08:34:06.592Z,20.464,48,chunk_20260701-0830-CHAITANYA0BCF,chunk_20260701-0830-CHAITANYA0BCF,False,within_chunk,1,M1-L-3
ses_20260701-081732-CHAITANYA0BCF,23,2026-07-01T08:34:42.915Z,2026-07-01T08:35:09.473Z,26.558,69,chunk_20260701-0830-CHAITANYA0BCF,chunk_20260701-0830-CHAITANYA0BCF,False,within_chunk,2,M1-B-3
ses_20260701-081732-CHAITANYA0BCF,24,2026-07-01T08:35:13.169Z,2026-07-01T08:36:54.968Z,101.799,166,chunk_20260701-0830-CHAITANYA0BCF,chunk_20260701-0830-CHAITANYA0BCF,False,within_chunk,1,M1-E-3
ses_20260701-083656-LAPTOP-0IM1OHQH,1,2026-07-01T08:36:56.616Z,2026-07-01T08:38:04.571Z,67.955,74,chunk_20260701-0830-LAPTOP-0IM1OHQH,chunk_20260701-0830-LAPTOP-0IM1OHQH,False,within_chunk,2,M1-F-1
ses_20260701-083656-LAPTOP-0IM1OHQH,2,2026-07-01T08:38:04.614Z,2026-07-01T08:38:36.548Z,31.934,105,chunk_20260701-0830-LAPTOP-0IM1OHQH,chunk_20260701-0830-LAPTOP-0IM1OHQH,False,within_chunk,2,M1-K-1
ses_20260701-083656-LAPTOP-0IM1OHQH,3,2026-07-01T08:38:36.586Z,2026-07-01T08:38:37.131Z,0.545,5,chunk_20260701-0830-LAPTOP-0IM1OHQH,chunk_20260701-0830-LAPTOP-0IM1OHQH,False,within_chunk,1,M1-B-1
ses_20260701-083656-LAPTOP-0IM1OHQH,4,2026-07-01T08:38:37.152Z,2026-07-01T08:38:54.549Z,17.397,53,chunk_20260701-0830-LAPTOP-0IM1OHQH,chunk_20260701-0830-LAPTOP-0IM1OHQH,False,within_chunk,1,M1-B-1
ses_20260701-083656-LAPTOP-0IM1OHQH,5,2026-07-01T08:38:58.450Z,2026-07-01T08:39:27.360Z,28.91,65,chunk_20260701-0830-LAPTOP-0IM1OHQH,chunk_20260701-0830-LAPTOP-0IM1OHQH,False,within_chunk,2,M1-A-1
ses_20260701-083656-LAPTOP-0IM1OHQH,6,2026-07-01T08:39:27.367Z,2026-07-01T08:39:54.354Z,26.987,80,chunk_20260701-0830-LAPTOP-0IM1OHQH,chunk_20260701-0830-LAPTOP-0IM1OHQH,False,within_chunk,2,M1-K-2
ses_20260701-083656-LAPTOP-0IM1OHQH,7,2026-07-01T08:39:54.369Z,2026-07-01T08:41:12.740Z,78.371,222,chunk_20260701-0830-LAPTOP-0IM1OHQH,chunk_20260701-0830-LAPTOP-0IM1OHQH,False,within_chunk,2,M1-D-1
ses_20260701-083656-LAPTOP-0IM1OHQH,8,2026-07-01T08:41:12.763Z,2026-07-01T08:41:43.038Z,30.275,62,chunk_20260701-0830-LAPTOP-0IM1OHQH,chunk_20260701-0830-LAPTOP-0IM1OHQH,False,within_chunk,3,M1-A-3
ses_20260701-083656-LAPTOP-0IM1OHQH,9,2026-07-01T08:41:43.075Z,2026-07-01T08:42:13.634Z,30.559,102,chunk_20260701-0830-LAPTOP-0IM1OHQH,chunk_20260701-0830-LAPTOP-0IM1OHQH,False,within_chunk,2,M1-K-3
ses_20260701-083656-LAPTOP-0IM1OHQH,10,2026-07-01T08:42:14.078Z,2026-07-01T08:42:14.167Z,0.089,6,chunk_20260701-0830-LAPTOP-0IM1OHQH,chunk_20260701-0830-LAPTOP-0IM1OHQH,False,within_chunk,1,M1-D-2
ses_20260701-083656-LAPTOP-0IM1OHQH,11,2026-07-01T08:42:14.199Z,2026-07-01T08:43:34.530Z,80.331,183,chunk_20260701-0830-LAPTOP-0IM1OHQH,chunk_20260701-0830-LAPTOP-0IM1OHQH,False,within_chunk,3,M1-D-2
ses_20260701-083656-LAPTOP-0IM1OHQH,12,2026-07-01T08:43:34.553Z,2026-07-01T08:44:04.478Z,29.925,88,chunk_20260701-0830-LAPTOP-0IM1OHQH,chunk_20260701-0830-LAPTOP-0IM1OHQH,False,within_chunk,2,M1-E-1
ses_20260701-083656-LAPTOP-0IM1OHQH,13,2026-07-01T08:44:04.486Z,2026-07-01T08:44:30.853Z,26.367,92,chunk_20260701-0830-LAPTOP-0IM1OHQH,chunk_20260701-0830-LAPTOP-0IM1OHQH,False,within_chunk,1,M1-F-2
ses_20260701-083656-LAPTOP-0IM1OHQH,14,2026-07-01T08:45:05.070Z,2026-07-01T08:45:44.266Z,39.196,13,chunk_20260701-0830-LAPTOP-0IM1OHQH,chunk_20260701-0830-LAPTOP-0IM1OHQH,False,within_chunk,1,M1-F-2
ses_20260701-083656-LAPTOP-0IM1OHQH,15,2026-07-01T08:45:58.744Z,2026-07-01T08:46:21.483Z,22.739,12,chunk_20260701-0830-LAPTOP-0IM1OHQH,chunk_20260701-0830-LAPTOP-0IM1OHQH,False,within_chunk,2,M1-F-2
ses_20260701-083656-LAPTOP-0IM1OHQH,16,2026-07-01T08:46:21.529Z,2026-07-01T08:46:39.150Z,17.621,54,chunk_20260701-0830-LAPTOP-0IM1OHQH,chunk_20260701-0830-LAPTOP-0IM1OHQH,False,within_chunk,1,M1-B-2
ses_20260701-083656-LAPTOP-0IM1OHQH,17,2026-07-01T08:46:43.148Z,2026-07-01T08:47:05.124Z,21.976,51,chunk_20260701-0830-LAPTOP-0IM1OHQH,chunk_20260701-0830-LAPTOP-0IM1OHQH,False,within_chunk,2,M1-E-2
ses_20260701-083656-LAPTOP-0IM1OHQH,18,2026-07-01T08:47:05.320Z,2026-07-01T08:47:05.899Z,0.579,6,chunk_20260701-0830-LAPTOP-0IM1OHQH,chunk_20260701-0830-LAPTOP-0IM1OHQH,False,within_chunk,1,M1-N-1
ses_20260701-083656-LAPTOP-0IM1OHQH,19,2026-07-01T08:47:06.070Z,2026-07-01T08:47:43.627Z,37.557,72,chunk_20260701-0830-LAPTOP-0IM1OHQH,chunk_20260701-0830-LAPTOP-0IM1OHQH,False,within_chunk,2,M1-N-1
ses_20260701-083656-LAPTOP-0IM1OHQH,20,2026-07-01T08:47:43.656Z,2026-07-01T08:48:23.679Z,40.023,83,chunk_20260701-0830-LAPTOP-0IM1OHQH,chunk_20260701-0830-LAPTOP-0IM1OHQH,False,within_chunk,2,M1-D-3
ses_20260701-083656-LAPTOP-0IM1OHQH,21,2026-07-01T08:48:23.727Z,2026-07-01T08:48:48.859Z,25.132,84,chunk_20260701-0830-LAPTOP-0IM1OHQH,chunk_20260701-0830-LAPTOP-0IM1OHQH,False,within_chunk,1,M1-F-3
ses_20260701-083656-LAPTOP-0IM1OHQH,22,2026-07-01T08:49:02.456Z,2026-07-01T08:49:05.425Z,2.969,7,chunk_20260701-0830-LAPTOP-0IM1OHQH,chunk_20260701-0830-LAPTOP-0IM1OHQH,False,within_chunk,2,M1-F-3
ses_20260701-083656-LAPTOP-0IM1OHQH,23,2026-07-01T08:49:05.497Z,2026-07-01T08:49:23.548Z,18.051,54,chunk_20260701-0830-LAPTOP-0IM1OHQH,chunk_20260701-0830-LAPTOP-0IM1OHQH,False,within_chunk,1,M1-L-3
ses_20260701-083656-LAPTOP-0IM1OHQH,24,2026-07-01T08:49:27.781Z,2026-07-01T08:50:23.010Z,55.229,136,chunk_20260701-0830-LAPTOP-0IM1OHQH,chunk_20260701-0830-LAPTOP-0IM1OHQH,False,within_chunk,2,M1-F-4
ses_20260701-083656-LAPTOP-0IM1OHQH,25,2026-07-01T08:50:26.793Z,2026-07-01T08:50:48.433Z,21.64,52,chunk_20260701-0830-LAPTOP-0IM1OHQH,chunk_20260701-0830-LAPTOP-0IM1OHQH,False,within_chunk,2,M1-G-1
ses_20260701-083656-LAPTOP-0IM1OHQH,26,2026-07-01T08:50:48.469Z,2026-07-01T08:52:11.386Z,82.917,193,chunk_20260701-0830-LAPTOP-0IM1OHQH,chunk_20260701-0830-LAPTOP-0IM1OHQH,False,within_chunk,3,M1-N-3
ses_20260701-083656-LAPTOP-0IM1OHQH,27,2026-07-01T08:52:12.650Z,2026-07-01T08:52:18.878Z,6.228,9,chunk_20260701-0830-LAPTOP-0IM1OHQH,chunk_20260701-0830-LAPTOP-0IM1OHQH,False,within_chunk,2,M1-G-2
ses_20260701-083656-LAPTOP-0IM1OHQH,28,2026-07-01T08:52:18.896Z,2026-07-01T08:52:41.428Z,22.532,91,chunk_20260701-0830-LAPTOP-0IM1OHQH,chunk_20260701-0830-LAPTOP-0IM1OHQH,False,within_chunk,1,M1-E-3
ses_20260701-083656-LAPTOP-0IM1OHQH,29,2026-07-01T08:52:45.492Z,2026-07-01T08:53:08.891Z,23.399,52,chunk_20260701-0830-LAPTOP-0IM1OHQH,chunk_20260701-0830-LAPTOP-0IM1OHQH,False,within_chunk,2,M1-B-3
ses_20260701-083656-LAPTOP-0IM1OHQH,30,2026-07-01T08:53:08.942Z,2026-07-01T08:53:34.040Z,25.098,67,chunk_20260701-0830-LAPTOP-0IM1OHQH,chunk_20260701-0830-LAPTOP-0IM1OHQH,False,within_chunk,2,M1-O-1
ses_20260701-083656-LAPTOP-0IM1OHQH,31,2026-07-01T08:53:34.066Z,2026-07-01T08:54:20.919Z,46.853,158,chunk_20260701-0830-LAPTOP-0IM1OHQH,chunk_20260701-0830-LAPTOP-0IM1OHQH,False,within_chunk,1,M1-B-4
ses_20260701-083656-LAPTOP-0IM1OHQH,32,2026-07-01T08:54:22.187Z,2026-07-01T08:56:18.364Z,116.177,226,chunk_20260701-0830-LAPTOP-0IM1OHQH,chunk_20260701-0830-LAPTOP-0IM1OHQH,False,within_chunk,2,M1-O-3
ses_20260701-090300-Marcos,1,2026-07-01T09:03:00.724Z,2026-07-01T09:03:56.375Z,55.651,88,chunk_20260701-0900-Marcos,chunk_20260701-0900-Marcos,False,within_chunk,2,M1-A-1
ses_20260701-090300-Marcos,2,2026-07-01T09:03:56.389Z,2026-07-01T09:04:24.205Z,27.816,98,chunk_20260701-0900-Marcos,chunk_20260701-0900-Marcos,False,within_chunk,1,M1-F-1
ses_20260701-090300-Marcos,3,2026-07-01T09:05:03.437Z,2026-07-01T09:05:41.238Z,37.801,110,chunk_20260701-0900-Marcos,chunk_20260701-0900-Marcos,False,within_chunk,3,M1-M-1
ses_20260701-090300-Marcos,4,2026-07-01T09:05:41.289Z,2026-07-01T09:06:06.157Z,24.868,101,chunk_20260701-0900-Marcos,chunk_20260701-0900-Marcos,False,within_chunk,1,M1-H-1
ses_20260701-090300-Marcos,5,2026-07-01T09:06:10.306Z,2026-07-01T09:07:32.423Z,82.117,178,chunk_20260701-0900-Marcos,chunk_20260701-0900-Marcos,False,within_chunk,1,M1-F-2
ses_20260701-090300-Marcos,6,2026-07-01T09:07:32.969Z,2026-07-01T09:07:33.617Z,0.648,5,chunk_20260701-0900-Marcos,chunk_20260701-0900-Marcos,False,within_chunk,0,
ses_20260701-090300-Marcos,7,2026-07-01T09:07:47.583Z,2026-07-01T09:08:39.065Z,51.482,153,chunk_20260701-0900-Marcos,chunk_20260701-0900-Marcos,False,within_chunk,1,M1-A-3
ses_20260701-090300-Marcos,8,2026-07-01T09:08:39.122Z,2026-07-01T09:10:27.805Z,108.683,224,chunk_20260701-0900-Marcos,chunk_20260701-0900-Marcos,False,within_chunk,2,M1-J-3
ses_20260701-090300-Marcos,9,2026-07-01T09:10:27.821Z,2026-07-01T09:11:05.686Z,37.865,74,chunk_20260701-0900-Marcos,chunk_20260701-0900-Marcos,False,within_chunk,1,M1-M-2
ses_20260701-090300-Marcos,10,2026-07-01T09:11:09.278Z,2026-07-01T09:11:52.183Z,42.905,95,chunk_20260701-0900-Marcos,chunk_20260701-0900-Marcos,False,within_chunk,2,M1-L-2
ses_20260701-090300-Marcos,11,2026-07-01T09:11:52.187Z,2026-07-01T09:12:37.755Z,45.568,209,chunk_20260701-0900-Marcos,chunk_20260701-0900-Marcos,False,within_chunk,1,M1-H-2
ses_20260701-090300-Marcos,12,2026-07-01T09:12:38.203Z,2026-07-01T09:13:27.074Z,48.871,87,chunk_20260701-0900-Marcos,chunk_20260701-0900-Marcos,False,within_chunk,1,M1-N-1
ses_20260701-090300-Marcos,13,2026-07-01T09:13:27.084Z,2026-07-01T09:13:48.722Z,21.638,75,chunk_20260701-0900-Marcos,chunk_20260701-0900-Marcos,False,within_chunk,0,
ses_20260701-090300-Marcos,14,2026-07-01T09:14:15.764Z,2026-07-01T09:14:31.754Z,15.99,48,chunk_20260701-0900-Marcos,chunk_20260701-0900-Marcos,False,within_chunk,1,M1-F-4
ses_20260701-090300-Marcos,15,2026-07-01T09:15:00.570Z,2026-07-01T09:15:26.789Z,26.219,81,chunk_20260701-0900-Marcos,chunk_20260701-0900-Marcos,False,within_chunk,2,M1-L-3
ses_20260701-090300-Marcos,16,2026-07-01T09:15:26.804Z,2026-07-01T09:15:27.333Z,0.529,10,chunk_20260701-0900-Marcos,chunk_20260701-0900-Marcos,False,within_chunk,0,
ses_20260701-090300-Marcos,17,2026-07-01T09:15:28.008Z,2026-07-01T09:17:07.068Z,99.06,108,chunk_20260701-0900-Marcos,chunk_20260701-0900-Marcos,False,within_chunk,1,M1-I-2
ses_20260701-090300-Marcos,18,2026-07-01T09:17:08.293Z,2026-07-01T09:17:08.416Z,0.123,4,chunk_20260701-0900-Marcos,chunk_20260701-0900-Marcos,False,within_chunk,1,M1-I-2
ses_20260701-090300-Marcos,19,2026-07-01T09:17:20.360Z,2026-07-01T09:18:06.675Z,46.315,58,chunk_20260701-0900-Marcos,chunk_20260701-0900-Marcos,False,within_chunk,2,M1-I-2
ses_20260701-090300-Marcos,20,2026-07-01T09:18:06.692Z,2026-07-01T09:18:31.116Z,24.424,95,chunk_20260701-0900-Marcos,chunk_20260701-0900-Marcos,False,within_chunk,2,M1-L-4
ses_20260701-090300-Marcos,21,2026-07-01T09:18:31.149Z,2026-07-01T09:19:47.427Z,76.278,279,chunk_20260701-0900-Marcos,chunk_20260701-0900-Marcos,False,within_chunk,3,M1-H-3
ses_20260701-090300-Marcos,22,2026-07-01T09:19:47.457Z,2026-07-01T09:20:07.382Z,19.925,49,chunk_20260701-0900-Marcos,chunk_20260701-0900-Marcos,False,within_chunk,1,M1-I-3
ses_20260701-090300-Marcos,23,2026-07-01T09:20:23.710Z,2026-07-01T09:21:01.216Z,37.506,52,chunk_20260701-0900-Marcos,chunk_20260701-0900-Marcos,False,within_chunk,1,M1-I-3
ses_20260701-090300-Marcos,24,2026-07-01T09:21:05.492Z,2026-07-01T09:21:26.303Z,20.811,58,chunk_20260701-0900-Marcos,chunk_20260701-0900-Marcos,False,within_chunk,1,M1-F-5
ses_20260701-090300-Marcos,25,2026-07-01T09:21:54.590Z,2026-07-01T09:22:25.241Z,30.651,75,chunk_20260701-0900-Marcos,chunk_20260701-0900-Marcos,False,within_chunk,2,M1-H-4
ses_20260701-090300-Marcos,26,2026-07-01T09:22:25.243Z,2026-07-01T09:23:18.529Z,53.286,84,chunk_20260701-0900-Marcos,chunk_20260701-0900-Marcos,False,within_chunk,0,
ses_20260701-090300-Marcos,27,2026-07-01T09:24:58.563Z,2026-07-01T09:25:02.409Z,3.846,10,chunk_20260701-0900-Marcos,chunk_20260701-0900-Marcos,False,within_chunk,0,
ses_20260701-090300-Marcos,28,2026-07-01T09:25:35.262Z,2026-07-01T09:25:59.946Z,24.684,63,chunk_20260701-0900-Marcos,chunk_20260701-0900-Marcos,False,within_chunk,1,M1-D-3
ses_20260701-090300-Marcos,29,2026-07-01T09:26:18.407Z,2026-07-01T09:26:50.028Z,31.621,51,chunk_20260701-0900-Marcos,chunk_20260701-0900-Marcos,False,within_chunk,1,M1-D-3
ses_20260701-090300-Marcos,30,2026-07-01T09:26:50.048Z,2026-07-01T09:27:47.348Z,57.3,92,chunk_20260701-0900-Marcos,chunk_20260701-0900-Marcos,False,within_chunk,1,M1-N-3
ses_20260701-090300-Marcos,31,2026-07-01T09:28:03.285Z,2026-07-01T09:28:47.064Z,43.779,59,chunk_20260701-0900-Marcos,chunk_20260701-0900-Marcos,False,within_chunk,1,M1-N-3
ses_20260701-092027-SIDDHIGUPTAB00B,1,2026-07-01T09:20:27.981Z,2026-07-01T09:21:22.344Z,54.363,56,chunk_20260701-0900-SIDDHIGUPTAB00B,chunk_20260701-0900-SIDDHIGUPTAB00B,False,within_chunk,1,M1-B-1
ses_20260701-092027-SIDDHIGUPTAB00B,2,2026-07-01T09:21:59.986Z,2026-07-01T09:22:00.913Z,0.927,5,chunk_20260701-0900-SIDDHIGUPTAB00B,chunk_20260701-0900-SIDDHIGUPTAB00B,False,within_chunk,2,M1-N-1
ses_20260701-092027-SIDDHIGUPTAB00B,3,2026-07-01T09:22:00.940Z,2026-07-01T09:22:55.070Z,54.13,86,chunk_20260701-0900-SIDDHIGUPTAB00B,chunk_20260701-0900-SIDDHIGUPTAB00B,False,within_chunk,1,M1-N-1
ses_20260701-092027-SIDDHIGUPTAB00B,4,2026-07-01T09:22:58.281Z,2026-07-01T09:23:18.036Z,19.755,42,chunk_20260701-0900-SIDDHIGUPTAB00B,chunk_20260701-0900-SIDDHIGUPTAB00B,False,within_chunk,2,M1-L-1
ses_20260701-092027-SIDDHIGUPTAB00B,5,2026-07-01T09:23:18.068Z,2026-07-01T09:23:45.934Z,27.866,66,chunk_20260701-0900-SIDDHIGUPTAB00B,chunk_20260701-0900-SIDDHIGUPTAB00B,False,within_chunk,1,M1-A-1
ses_20260701-092027-SIDDHIGUPTAB00B,6,2026-07-01T09:23:48.766Z,2026-07-01T09:24:37.196Z,48.43,91,chunk_20260701-0900-SIDDHIGUPTAB00B,chunk_20260701-0900-SIDDHIGUPTAB00B,False,within_chunk,3,M1-M-1
ses_20260701-092027-SIDDHIGUPTAB00B,7,2026-07-01T09:24:37.199Z,2026-07-01T09:25:14.525Z,37.326,92,chunk_20260701-0900-SIDDHIGUPTAB00B,chunk_20260701-0900-SIDDHIGUPTAB00B,False,within_chunk,1,M1-C-1
ses_20260701-092027-SIDDHIGUPTAB00B,8,2026-07-01T09:25:17.993Z,2026-07-01T09:25:18.081Z,0.088,5,chunk_20260701-0900-SIDDHIGUPTAB00B,chunk_20260701-0900-SIDDHIGUPTAB00B,False,within_chunk,0,
ses_20260701-092027-SIDDHIGUPTAB00B,9,2026-07-01T09:25:18.083Z,2026-07-01T09:26:16.908Z,58.825,152,chunk_20260701-0900-SIDDHIGUPTAB00B,chunk_20260701-0900-SIDDHIGUPTAB00B,False,within_chunk,2,M1-K-2
ses_20260701-092027-SIDDHIGUPTAB00B,10,2026-07-01T09:26:16.952Z,2026-07-01T09:27:10.769Z,53.817,169,chunk_20260701-0900-SIDDHIGUPTAB00B,chunk_20260701-0900-SIDDHIGUPTAB00B,False,within_chunk,2,M1-A-2
ses_20260701-092027-SIDDHIGUPTAB00B,11,2026-07-01T09:28:02.905Z,2026-07-01T09:28:05.628Z,2.723,6,chunk_20260701-0900-SIDDHIGUPTAB00B,chunk_20260701-0900-SIDDHIGUPTAB00B,False,within_chunk,1,M1-K-3
ses_20260701-092027-SIDDHIGUPTAB00B,12,2026-07-01T09:28:22.561Z,2026-07-01T09:28:43.678Z,21.117,68,chunk_20260701-0900-SIDDHIGUPTAB00B,chunk_20260701-0900-SIDDHIGUPTAB00B,False,within_chunk,1,M1-K-3
ses_20260701-092027-SIDDHIGUPTAB00B,13,2026-07-01T09:28:49.370Z,2026-07-01T09:29:07.833Z,18.463,47,chunk_20260701-0900-SIDDHIGUPTAB00B,chunk_20260701-0900-SIDDHIGUPTAB00B,False,within_chunk,1,M1-G-2
ses_20260701-092027-SIDDHIGUPTAB00B,14,2026-07-01T09:29:08.534Z,2026-07-01T09:29:08.613Z,0.079,5,chunk_20260701-0900-SIDDHIGUPTAB00B,chunk_20260701-0900-SIDDHIGUPTAB00B,False,within_chunk,1,M1-C-2
ses_20260701-092027-SIDDHIGUPTAB00B,15,2026-07-01T09:29:08.628Z,2026-07-01T09:29:49.471Z,40.843,91,chunk_20260701-0900-SIDDHIGUPTAB00B,chunk_20260701-0900-SIDDHIGUPTAB00B,False,within_chunk,2,M1-C-2
ses_20260701-092027-SIDDHIGUPTAB00B,16,2026-07-01T09:29:49.510Z,2026-07-01T09:30:31.144Z,41.634,91,chunk_20260701-0900-SIDDHIGUPTAB00B,chunk_20260701-0930-SIDDHIGUPTAB00B,True,continuation_across_chunk,2,M1-M-2
ses_20260701-092027-SIDDHIGUPTAB00B,17,2026-07-01T09:30:31.296Z,2026-07-01T09:31:10.074Z,38.778,81,chunk_20260701-0930-SIDDHIGUPTAB00B,chunk_20260701-0930-SIDDHIGUPTAB00B,False,within_chunk,1,M1-J-1
ses_20260701-092027-SIDDHIGUPTAB00B,18,2026-07-01T09:31:10.579Z,2026-07-01T09:33:25.913Z,135.334,95,chunk_20260701-0930-SIDDHIGUPTAB00B,chunk_20260701-0930-SIDDHIGUPTAB00B,False,within_chunk,2,M1-A-3
ses_20260701-092027-SIDDHIGUPTAB00B,19,2026-07-01T09:33:25.982Z,2026-07-01T09:34:10.682Z,44.7,62,chunk_20260701-0930-SIDDHIGUPTAB00B,chunk_20260701-0930-SIDDHIGUPTAB00B,False,within_chunk,1,M1-N-2
ses_20260701-092027-SIDDHIGUPTAB00B,20,2026-07-01T09:34:11.423Z,2026-07-01T09:34:11.447Z,0.024,4,chunk_20260701-0930-SIDDHIGUPTAB00B,chunk_20260701-0930-SIDDHIGUPTAB00B,False,within_chunk,1,M1-C-3
ses_20260701-092027-SIDDHIGUPTAB00B,21,2026-07-01T09:34:11.449Z,2026-07-01T09:34:51.612Z,40.163,95,chunk_20260701-0930-SIDDHIGUPTAB00B,chunk_20260701-0930-SIDDHIGUPTAB00B,False,within_chunk,2,M1-C-3
ses_20260701-092027-SIDDHIGUPTAB00B,22,2026-07-01T09:34:51.628Z,2026-07-01T09:36:06.122Z,74.494,161,chunk_20260701-0930-SIDDHIGUPTAB00B,chunk_20260701-0930-SIDDHIGUPTAB00B,False,within_chunk,3,M1-M-3
ses_20260701-092027-SIDDHIGUPTAB00B,23,2026-07-01T09:36:06.199Z,2026-07-01T09:36:27.404Z,21.205,72,chunk_20260701-0930-SIDDHIGUPTAB00B,chunk_20260701-0930-SIDDHIGUPTAB00B,False,within_chunk,1,M1-B-2
ses_20260701-092027-SIDDHIGUPTAB00B,24,2026-07-01T09:37:02.824Z,2026-07-01T09:37:06.664Z,3.84,16,chunk_20260701-0930-SIDDHIGUPTAB00B,chunk_20260701-0930-SIDDHIGUPTAB00B,False,within_chunk,0,
ses_20260701-092027-SIDDHIGUPTAB00B,25,2026-07-01T09:37:06.712Z,2026-07-01T09:37:35.753Z,29.041,85,chunk_20260701-0930-SIDDHIGUPTAB00B,chunk_20260701-0930-SIDDHIGUPTAB00B,False,within_chunk,2,M1-G-3
ses_20260701-092027-SIDDHIGUPTAB00B,26,2026-07-01T09:37:35.796Z,2026-07-01T09:37:57.099Z,21.303,71,chunk_20260701-0930-SIDDHIGUPTAB00B,chunk_20260701-0930-SIDDHIGUPTAB00B,False,within_chunk,1,M1-L-2
ses_20260701-092027-SIDDHIGUPTAB00B,27,2026-07-01T09:37:59.814Z,2026-07-01T09:38:56.345Z,56.531,169,chunk_20260701-0930-SIDDHIGUPTAB00B,chunk_20260701-0930-SIDDHIGUPTAB00B,False,within_chunk,1,M1-A-5
ses_20260701-092027-SIDDHIGUPTAB00B,28,2026-07-01T09:38:59.628Z,2026-07-01T09:39:06.037Z,6.409,13,chunk_20260701-0930-SIDDHIGUPTAB00B,chunk_20260701-0930-SIDDHIGUPTAB00B,False,within_chunk,1,M1-D-1
ses_20260701-092027-SIDDHIGUPTAB00B,29,2026-07-01T09:39:20.021Z,2026-07-01T09:39:42.872Z,22.851,34,chunk_20260701-0930-SIDDHIGUPTAB00B,chunk_20260701-0930-SIDDHIGUPTAB00B,False,within_chunk,2,M1-D-1
ses_20260701-092027-SIDDHIGUPTAB00B,30,2026-07-01T09:39:42.890Z,2026-07-01T09:39:43.043Z,0.153,4,chunk_20260701-0930-SIDDHIGUPTAB00B,chunk_20260701-0930-SIDDHIGUPTAB00B,False,within_chunk,1,M1-N-3
ses_20260701-092027-SIDDHIGUPTAB00B,31,2026-07-01T09:39:44.483Z,2026-07-01T09:40:33.535Z,49.052,74,chunk_20260701-0930-SIDDHIGUPTAB00B,chunk_20260701-0930-SIDDHIGUPTAB00B,False,within_chunk,1,M1-N-3
ses_20260701-092027-SIDDHIGUPTAB00B,32,2026-07-01T09:40:37.522Z,2026-07-01T09:41:09.731Z,32.209,50,chunk_20260701-0930-SIDDHIGUPTAB00B,chunk_20260701-0930-SIDDHIGUPTAB00B,False,within_chunk,1,M1-M-4
ses_20260701-092027-SIDDHIGUPTAB00B,33,2026-07-01T09:41:13.876Z,2026-07-01T09:41:29.968Z,16.092,39,chunk_20260701-0930-SIDDHIGUPTAB00B,chunk_20260701-0930-SIDDHIGUPTAB00B,False,within_chunk,1,M1-L-3
ses_20260701-092027-SIDDHIGUPTAB00B,34,2026-07-01T09:41:32.872Z,2026-07-01T09:41:33.446Z,0.574,7,chunk_20260701-0930-SIDDHIGUPTAB00B,chunk_20260701-0930-SIDDHIGUPTAB00B,False,within_chunk,2,M1-B-3
ses_20260701-092027-SIDDHIGUPTAB00B,35,2026-07-01T09:41:33.514Z,2026-07-01T09:41:54.630Z,21.116,67,chunk_20260701-0930-SIDDHIGUPTAB00B,chunk_20260701-0930-SIDDHIGUPTAB00B,False,within_chunk,1,M1-B-3
ses_20260701-092027-SIDDHIGUPTAB00B,36,2026-07-01T09:42:37.034Z,2026-07-01T09:43:08.177Z,31.143,111,chunk_20260701-0930-SIDDHIGUPTAB00B,chunk_20260701-0930-SIDDHIGUPTAB00B,False,within_chunk,3,M1-J-3
ses_20260701-092027-SIDDHIGUPTAB00B,37,2026-07-01T09:43:08.188Z,2026-07-01T09:43:32.970Z,24.782,78,chunk_20260701-0930-SIDDHIGUPTAB00B,chunk_20260701-0930-SIDDHIGUPTAB00B,False,within_chunk,1,M1-L-4
ses_20260701-092027-SIDDHIGUPTAB00B,38,2026-07-01T09:43:33.050Z,2026-07-01T09:44:35.945Z,62.895,95,chunk_20260701-0930-SIDDHIGUPTAB00B,chunk_20260701-0930-SIDDHIGUPTAB00B,False,within_chunk,1,M1-D-3
ses_20260701-092027-SIDDHIGUPTAB00B,39,2026-07-01T09:45:11.257Z,2026-07-01T09:46:25.494Z,74.237,72,chunk_20260701-0930-SIDDHIGUPTAB00B,chunk_20260701-0930-SIDDHIGUPTAB00B,False,within_chunk,1,M1-D-3
ses_20260701-093900-Marcos,1,2026-07-01T09:39:00.252Z,2026-07-01T09:39:51.471Z,51.219,81,chunk_20260701-0930-Marcos,chunk_20260701-0930-Marcos,False,within_chunk,1,M1-K-1
ses_20260701-093900-Marcos,2,2026-07-01T09:39:55.314Z,2026-07-01T09:40:00.129Z,4.815,8,chunk_20260701-0930-Marcos,chunk_20260701-0930-Marcos,False,within_chunk,1,M1-M-1
ses_20260701-093900-Marcos,3,2026-07-01T09:40:03.002Z,2026-07-01T09:40:33.767Z,30.765,62,chunk_20260701-0930-Marcos,chunk_20260701-0930-Marcos,False,within_chunk,2,M1-M-1
ses_20260701-093900-Marcos,4,2026-07-01T09:40:33.794Z,2026-07-01T09:41:01.140Z,27.346,83,chunk_20260701-0930-Marcos,chunk_20260701-0930-Marcos,False,within_chunk,1,M1-E-1
ses_20260701-093900-Marcos,5,2026-07-01T09:41:20.381Z,2026-07-01T09:41:37.754Z,17.373,66,chunk_20260701-0930-Marcos,chunk_20260701-0930-Marcos,False,within_chunk,2,M1-G-1
ses_20260701-093900-Marcos,6,2026-07-01T09:41:42.189Z,2026-07-01T09:42:14.500Z,32.311,49,chunk_20260701-0930-Marcos,chunk_20260701-0930-Marcos,False,within_chunk,1,M1-J-1
ses_20260701-093900-Marcos,7,2026-07-01T09:42:17.945Z,2026-07-01T09:42:57.149Z,39.204,88,chunk_20260701-0930-Marcos,chunk_20260701-0930-Marcos,False,within_chunk,2,M1-G-3
ses_20260701-093900-Marcos,8,2026-07-01T09:42:57.154Z,2026-07-01T09:43:24.604Z,27.45,87,chunk_20260701-0930-Marcos,chunk_20260701-0930-Marcos,False,within_chunk,2,M1-K-2
ses_20260701-093900-Marcos,9,2026-07-01T09:43:24.615Z,2026-07-01T09:44:05.308Z,40.693,100,chunk_20260701-0930-Marcos,chunk_20260701-0930-Marcos,False,within_chunk,1,M1-J-2
ses_20260701-093900-Marcos,10,2026-07-01T09:44:21.232Z,2026-07-01T09:44:21.294Z,0.062,5,chunk_20260701-0930-Marcos,chunk_20260701-0930-Marcos,False,within_chunk,1,M1-M-2
ses_20260701-093900-Marcos,11,2026-07-01T09:44:21.309Z,2026-07-01T09:44:54.213Z,32.904,72,chunk_20260701-0930-Marcos,chunk_20260701-0930-Marcos,False,within_chunk,1,M1-M-2
ses_20260701-093900-Marcos,12,2026-07-01T09:44:58.521Z,2026-07-01T09:45:25.776Z,27.255,79,chunk_20260701-0930-Marcos,chunk_20260701-0930-Marcos,False,within_chunk,1,M1-O-1
ses_20260701-093900-Marcos,13,2026-07-01T09:45:44.506Z,2026-07-01T09:46:12.211Z,27.705,92,chunk_20260701-0930-Marcos,chunk_20260701-0930-Marcos,False,within_chunk,2,M1-G-4
ses_20260701-093900-Marcos,14,2026-07-01T09:46:16.203Z,2026-07-01T09:46:43.709Z,27.506,81,chunk_20260701-0930-Marcos,chunk_20260701-0930-Marcos,False,within_chunk,2,M1-F-1
ses_20260701-093900-Marcos,15,2026-07-01T09:46:43.759Z,2026-07-01T09:47:17.364Z,33.605,72,chunk_20260701-0930-Marcos,chunk_20260701-0930-Marcos,False,within_chunk,1,M1-M-3
ses_20260701-093900-Marcos,16,2026-07-01T09:47:21.386Z,2026-07-01T09:47:45.268Z,23.882,77,chunk_20260701-0930-Marcos,chunk_20260701-0930-Marcos,False,within_chunk,1,M1-O-2
ses_20260701-093900-Marcos,17,2026-07-01T09:47:49.028Z,2026-07-01T09:47:49.132Z,0.104,6,chunk_20260701-0930-Marcos,chunk_20260701-0930-Marcos,False,within_chunk,1,M1-F-2
ses_20260701-093900-Marcos,18,2026-07-01T09:47:49.178Z,2026-07-01T09:48:14.179Z,25.001,71,chunk_20260701-0930-Marcos,chunk_20260701-0930-Marcos,False,within_chunk,2,M1-F-2
ses_20260701-093900-Marcos,19,2026-07-01T09:48:14.199Z,2026-07-01T09:48:42.544Z,28.345,84,chunk_20260701-0930-Marcos,chunk_20260701-0930-Marcos,False,within_chunk,2,M1-E-2
ses_20260701-093900-Marcos,20,2026-07-01T09:48:42.546Z,2026-07-01T09:49:12.021Z,29.475,104,chunk_20260701-0930-Marcos,chunk_20260701-0930-Marcos,False,within_chunk,1,M1-K-3
ses_20260701-093900-Marcos,21,2026-07-01T09:49:12.049Z,2026-07-01T09:49:37.035Z,24.986,52,chunk_20260701-0930-Marcos,chunk_20260701-0930-Marcos,False,within_chunk,0,
ses_20260701-093900-Marcos,22,2026-07-01T09:49:57.583Z,2026-07-01T09:49:59.023Z,1.44,8,chunk_20260701-0930-Marcos,chunk_20260701-0930-Marcos,False,within_chunk,0,
ses_20260701-093900-Marcos,23,2026-07-01T09:50:30.485Z,2026-07-01T09:51:20.620Z,50.135,78,chunk_20260701-0930-Marcos,chunk_20260701-0930-Marcos,False,within_chunk,1,M1-I-2
ses_20260701-093900-Marcos,24,2026-07-01T09:51:55.223Z,2026-07-01T09:52:04.689Z,9.466,44,chunk_20260701-0930-Marcos,chunk_20260701-0930-Marcos,False,within_chunk,1,M1-I-2
ses_20260701-093900-Marcos,25,2026-07-01T09:52:08.701Z,2026-07-01T09:52:53.366Z,44.665,121,chunk_20260701-0930-Marcos,chunk_20260701-0930-Marcos,False,within_chunk,1,M1-F-4
ses_20260701-093900-Marcos,26,2026-07-01T09:52:57.432Z,2026-07-01T09:53:22.201Z,24.769,64,chunk_20260701-0930-Marcos,chunk_20260701-0930-Marcos,False,within_chunk,1,M1-J-3
ses_20260701-093900-Marcos,27,2026-07-01T09:53:22.249Z,2026-07-01T09:55:10.659Z,108.41,113,chunk_20260701-0930-Marcos,chunk_20260701-0930-Marcos,False,within_chunk,1,M1-K-5
ses_20260701-093900-Marcos,28,2026-07-01T09:55:13.134Z,2026-07-01T09:55:31.892Z,18.758,51,chunk_20260701-0930-Marcos,chunk_20260701-0930-Marcos,False,within_chunk,1,M1-K-5
ses_20260701-093900-Marcos,29,2026-07-01T09:55:48.534Z,2026-07-01T09:56:12.997Z,24.463,60,chunk_20260701-0930-Marcos,chunk_20260701-0930-Marcos,False,within_chunk,2,M1-I-3
ses_20260701-093900-Marcos,30,2026-07-01T09:56:24.294Z,2026-07-01T09:57:10.500Z,46.206,61,chunk_20260701-0930-Marcos,chunk_20260701-0930-Marcos,False,within_chunk,2,M1-I-3
ses_20260701-093900-Marcos,31,2026-07-01T09:57:10.545Z,2026-07-01T09:57:58.615Z,48.07,92,chunk_20260701-0930-Marcos,chunk_20260701-0930-Marcos,False,within_chunk,1,M1-O-3
ses_20260701-093900-Marcos,32,2026-07-01T09:57:59.052Z,2026-07-01T09:58:49.353Z,50.301,118,chunk_20260701-0930-Marcos,chunk_20260701-0930-Marcos,False,within_chunk,1,M1-E-3
ses_20260701-095337-LAPTOP-0IM1OHQH,1,2026-07-01T09:53:37.095Z,2026-07-01T09:53:56.515Z,19.42,21,chunk_20260701-0930-LAPTOP-0IM1OHQH,chunk_20260701-0930-LAPTOP-0IM1OHQH,False,within_chunk,0,
ses_20260701-095337-LAPTOP-0IM1OHQH,2,2026-07-01T09:53:57.347Z,2026-07-01T09:54:24.502Z,27.155,71,chunk_20260701-0930-LAPTOP-0IM1OHQH,chunk_20260701-0930-LAPTOP-0IM1OHQH,False,within_chunk,0,
ses_20260701-095337-LAPTOP-0IM1OHQH,3,2026-07-01T09:55:09.142Z,2026-07-01T09:55:29.684Z,20.542,55,chunk_20260701-0930-LAPTOP-0IM1OHQH,chunk_20260701-0930-LAPTOP-0IM1OHQH,False,within_chunk,1,M1-A-2
ses_20260701-095337-LAPTOP-0IM1OHQH,4,2026-07-01T09:56:23.872Z,2026-07-01T09:57:10.975Z,47.103,105,chunk_20260701-0930-LAPTOP-0IM1OHQH,chunk_20260701-0930-LAPTOP-0IM1OHQH,False,within_chunk,1,M1-M-1
ses_20260701-095337-LAPTOP-0IM1OHQH,5,2026-07-01T09:57:11.020Z,2026-07-01T09:57:11.535Z,0.515,11,chunk_20260701-0930-LAPTOP-0IM1OHQH,chunk_20260701-0930-LAPTOP-0IM1OHQH,False,within_chunk,0,
ses_20260701-095337-LAPTOP-0IM1OHQH,6,2026-07-01T09:57:12.569Z,2026-07-01T09:57:52.847Z,40.278,100,chunk_20260701-0930-LAPTOP-0IM1OHQH,chunk_20260701-0930-LAPTOP-0IM1OHQH,False,within_chunk,1,M1-G-2
ses_20260701-095337-LAPTOP-0IM1OHQH,7,2026-07-01T09:57:52.902Z,2026-07-01T10:00:19.016Z,146.114,194,chunk_20260701-0930-LAPTOP-0IM1OHQH,chunk_20260701-1000-LAPTOP-0IM1OHQH,True,continuation_across_chunk,1,M1-C-3
ses_20260701-095337-LAPTOP-0IM1OHQH,8,2026-07-01T10:00:19.057Z,2026-07-01T10:01:11.679Z,52.622,158,chunk_20260701-1000-LAPTOP-0IM1OHQH,chunk_20260701-1000-LAPTOP-0IM1OHQH,False,within_chunk,1,M1-F-2
ses_20260701-095337-LAPTOP-0IM1OHQH,9,2026-07-01T10:01:35.398Z,2026-07-01T10:02:26.669Z,51.271,87,chunk_20260701-1000-LAPTOP-0IM1OHQH,chunk_20260701-1000-LAPTOP-0IM1OHQH,False,within_chunk,2,M1-C-4
ses_20260701-095337-LAPTOP-0IM1OHQH,10,2026-07-01T10:02:26.678Z,2026-07-01T10:03:49.874Z,83.196,105,chunk_20260701-1000-LAPTOP-0IM1OHQH,chunk_20260701-1000-LAPTOP-0IM1OHQH,False,within_chunk,1,M1-I-1
ses_20260701-095337-LAPTOP-0IM1OHQH,11,2026-07-01T10:04:09.500Z,2026-07-01T10:04:31.758Z,22.258,80,chunk_20260701-1000-LAPTOP-0IM1OHQH,chunk_20260701-1000-LAPTOP-0IM1OHQH,False,within_chunk,2,M1-A-3
ses_20260701-095337-LAPTOP-0IM1OHQH,12,2026-07-01T10:05:16.557Z,2026-07-01T10:06:00.613Z,44.056,98,chunk_20260701-1000-LAPTOP-0IM1OHQH,chunk_20260701-1000-LAPTOP-0IM1OHQH,False,within_chunk,3,M1-G-3
ses_20260701-095337-LAPTOP-0IM1OHQH,13,2026-07-01T10:06:17.127Z,2026-07-01T10:06:18.502Z,1.375,7,chunk_20260701-1000-LAPTOP-0IM1OHQH,chunk_20260701-1000-LAPTOP-0IM1OHQH,False,within_chunk,1,M1-I-2
ses_20260701-095337-LAPTOP-0IM1OHQH,14,2026-07-01T10:06:51.527Z,2026-07-01T10:07:02.590Z,11.063,43,chunk_20260701-1000-LAPTOP-0IM1OHQH,chunk_20260701-1000-LAPTOP-0IM1OHQH,False,within_chunk,1,M1-I-2
ses_20260701-095337-LAPTOP-0IM1OHQH,15,2026-07-01T10:07:15.276Z,2026-07-01T10:07:40.880Z,25.604,63,chunk_20260701-1000-LAPTOP-0IM1OHQH,chunk_20260701-1000-LAPTOP-0IM1OHQH,False,within_chunk,2,M1-G-4
ses_20260701-095337-LAPTOP-0IM1OHQH,16,2026-07-01T10:07:40.895Z,2026-07-01T10:08:04.001Z,23.106,90,chunk_20260701-1000-LAPTOP-0IM1OHQH,chunk_20260701-1000-LAPTOP-0IM1OHQH,False,within_chunk,1,M1-A-4
ses_20260701-095337-LAPTOP-0IM1OHQH,17,2026-07-01T10:09:06.922Z,2026-07-01T10:09:07.541Z,0.619,7,chunk_20260701-1000-LAPTOP-0IM1OHQH,chunk_20260701-1000-LAPTOP-0IM1OHQH,False,within_chunk,2,M1-N-1
ses_20260701-095337-LAPTOP-0IM1OHQH,18,2026-07-01T10:09:07.588Z,2026-07-01T10:12:17.080Z,189.492,139,chunk_20260701-1000-LAPTOP-0IM1OHQH,chunk_20260701-1000-LAPTOP-0IM1OHQH,False,within_chunk,2,M1-N-1
ses_20260701-095337-LAPTOP-0IM1OHQH,19,2026-07-01T10:12:20.559Z,2026-07-01T10:12:26.807Z,6.248,13,chunk_20260701-1000-LAPTOP-0IM1OHQH,chunk_20260701-1000-LAPTOP-0IM1OHQH,False,within_chunk,0,
ses_20260701-095337-LAPTOP-0IM1OHQH,20,2026-07-01T10:12:43.514Z,2026-07-01T10:13:18.753Z,35.239,54,chunk_20260701-1000-LAPTOP-0IM1OHQH,chunk_20260701-1000-LAPTOP-0IM1OHQH,False,within_chunk,1,M1-N-3
ses_20260701-095337-LAPTOP-0IM1OHQH,21,2026-07-01T10:13:45.323Z,2026-07-01T10:13:46.015Z,0.692,6,chunk_20260701-1000-LAPTOP-0IM1OHQH,chunk_20260701-1000-LAPTOP-0IM1OHQH,False,within_chunk,1,M1-N-3
ses_20260701-095337-LAPTOP-0IM1OHQH,22,2026-07-01T10:13:46.110Z,2026-07-01T10:13:53.129Z,7.019,35,chunk_20260701-1000-LAPTOP-0IM1OHQH,chunk_20260701-1000-LAPTOP-0IM1OHQH,False,within_chunk,1,M1-N-3
ses_20260701-095337-LAPTOP-0IM1OHQH,23,2026-07-01T10:13:57.612Z,2026-07-01T10:14:34.433Z,36.821,53,chunk_20260701-1000-LAPTOP-0IM1OHQH,chunk_20260701-1000-LAPTOP-0IM1OHQH,False,within_chunk,1,M1-M-3
ses_20260701-095337-LAPTOP-0IM1OHQH,24,2026-07-01T10:14:35.821Z,2026-07-01T10:15:47.460Z,71.639,196,chunk_20260701-1000-LAPTOP-0IM1OHQH,chunk_20260701-1000-LAPTOP-0IM1OHQH,False,within_chunk,3,M1-F-4
ses_20260701-095337-LAPTOP-0IM1OHQH,25,2026-07-01T10:15:47.467Z,2026-07-01T10:16:12.013Z,24.546,78,chunk_20260701-1000-LAPTOP-0IM1OHQH,chunk_20260701-1000-LAPTOP-0IM1OHQH,False,within_chunk,2,M1-O-1
ses_20260701-095337-LAPTOP-0IM1OHQH,26,2026-07-01T10:16:12.026Z,2026-07-01T10:16:36.650Z,24.624,96,chunk_20260701-1000-LAPTOP-0IM1OHQH,chunk_20260701-1000-LAPTOP-0IM1OHQH,False,within_chunk,2,M1-H-1
ses_20260701-095337-LAPTOP-0IM1OHQH,27,2026-07-01T10:16:36.673Z,2026-07-01T10:17:01.996Z,25.323,79,chunk_20260701-1000-LAPTOP-0IM1OHQH,chunk_20260701-1000-LAPTOP-0IM1OHQH,False,within_chunk,2,M1-O-2
ses_20260701-095337-LAPTOP-0IM1OHQH,28,2026-07-01T10:17:02.043Z,2026-07-01T10:17:26.938Z,24.895,91,chunk_20260701-1000-LAPTOP-0IM1OHQH,chunk_20260701-1000-LAPTOP-0IM1OHQH,False,within_chunk,2,M1-H-2
ses_20260701-095337-LAPTOP-0IM1OHQH,29,2026-07-01T10:17:26.967Z,2026-07-01T10:17:50.490Z,23.523,77,chunk_20260701-1000-LAPTOP-0IM1OHQH,chunk_20260701-1000-LAPTOP-0IM1OHQH,False,within_chunk,1,M1-O-3
ses_20260701-095337-LAPTOP-0IM1OHQH,30,2026-07-01T10:18:53.058Z,2026-07-01T10:19:09.585Z,16.527,6,chunk_20260701-1000-LAPTOP-0IM1OHQH,chunk_20260701-1000-LAPTOP-0IM1OHQH,False,within_chunk,1,M1-O-3
ses_20260701-095337-LAPTOP-0IM1OHQH,31,2026-07-01T10:19:12.328Z,2026-07-01T10:19:46.958Z,34.63,59,chunk_20260701-1000-LAPTOP-0IM1OHQH,chunk_20260701-1000-LAPTOP-0IM1OHQH,False,within_chunk,2,M1-I-3
ses_20260701-095337-LAPTOP-0IM1OHQH,32,2026-07-01T10:20:07.659Z,2026-07-01T10:20:29.349Z,21.69,43,chunk_20260701-1000-LAPTOP-0IM1OHQH,chunk_20260701-1000-LAPTOP-0IM1OHQH,False,within_chunk,1,M1-I-3
ses_20260701-095337-LAPTOP-0IM1OHQH,33,2026-07-01T10:20:48.107Z,2026-07-01T10:21:11.591Z,23.484,60,chunk_20260701-1000-LAPTOP-0IM1OHQH,chunk_20260701-1000-LAPTOP-0IM1OHQH,False,within_chunk,1,M1-H-3
ses_20260701-095337-LAPTOP-0IM1OHQH,34,2026-07-01T10:21:35.606Z,2026-07-01T10:22:46.003Z,70.397,114,chunk_20260701-1000-LAPTOP-0IM1OHQH,chunk_20260701-1000-LAPTOP-0IM1OHQH,False,within_chunk,2,M1-M-4
ses_20260701-100550-Marcos,1,2026-07-01T10:05:50.981Z,2026-07-01T10:06:42.342Z,51.361,75,chunk_20260701-1000-Marcos,chunk_20260701-1000-Marcos,False,within_chunk,1,M1-G-1
ses_20260701-100550-Marcos,2,2026-07-01T10:06:42.361Z,2026-07-01T10:07:48.923Z,66.562,93,chunk_20260701-1000-Marcos,chunk_20260701-1000-Marcos,False,within_chunk,1,M1-N-2
ses_20260701-100550-Marcos,3,2026-07-01T10:08:08.569Z,2026-07-01T10:08:40.156Z,31.587,50,chunk_20260701-1000-Marcos,chunk_20260701-1000-Marcos,False,within_chunk,2,M1-N-2
ses_20260701-100550-Marcos,4,2026-07-01T10:08:40.172Z,2026-07-01T10:08:40.698Z,0.526,10,chunk_20260701-1000-Marcos,chunk_20260701-1000-Marcos,False,within_chunk,1,M1-D-1
ses_20260701-100550-Marcos,5,2026-07-01T10:08:41.629Z,2026-07-01T10:09:37.229Z,55.6,56,chunk_20260701-1000-Marcos,chunk_20260701-1000-Marcos,False,within_chunk,2,M1-D-1
ses_20260701-100550-Marcos,6,2026-07-01T10:09:37.263Z,2026-07-01T10:09:57.394Z,20.131,68,chunk_20260701-1000-Marcos,chunk_20260701-1000-Marcos,False,within_chunk,2,M1-G-2
ses_20260701-100550-Marcos,7,2026-07-01T10:09:57.432Z,2026-07-01T10:10:50.838Z,53.406,82,chunk_20260701-1000-Marcos,chunk_20260701-1000-Marcos,False,within_chunk,1,M1-N-3
ses_20260701-100550-Marcos,8,2026-07-01T10:11:38.456Z,2026-07-01T10:11:39.699Z,1.243,4,chunk_20260701-1000-Marcos,chunk_20260701-1000-Marcos,False,within_chunk,1,M1-N-3
ses_20260701-100550-Marcos,9,2026-07-01T10:11:58.919Z,2026-07-01T10:13:09.583Z,70.664,166,chunk_20260701-1000-Marcos,chunk_20260701-1000-Marcos,False,within_chunk,2,M1-D-2
ses_20260701-100550-Marcos,10,2026-07-01T10:13:09.651Z,2026-07-01T10:13:13.871Z,4.22,7,chunk_20260701-1000-Marcos,chunk_20260701-1000-Marcos,False,within_chunk,2,M1-D-2
ses_20260701-100550-Marcos,11,2026-07-01T10:13:13.895Z,2026-07-01T10:13:34.938Z,21.043,70,chunk_20260701-1000-Marcos,chunk_20260701-1000-Marcos,False,within_chunk,1,M1-G-3
ses_20260701-100550-Marcos,12,2026-07-01T10:13:38.517Z,2026-07-01T10:14:35.500Z,56.983,100,chunk_20260701-1000-Marcos,chunk_20260701-1000-Marcos,False,within_chunk,1,M1-J-2
ses_20260701-100550-Marcos,13,2026-07-01T10:14:52.478Z,2026-07-01T10:15:00.542Z,8.064,33,chunk_20260701-1000-Marcos,chunk_20260701-1000-Marcos,False,within_chunk,2,M1-J-2
ses_20260701-100550-Marcos,14,2026-07-01T10:15:00.562Z,2026-07-01T10:15:29.233Z,28.671,85,chunk_20260701-1000-Marcos,chunk_20260701-1000-Marcos,False,within_chunk,1,M1-O-1
ses_20260701-100550-Marcos,15,2026-07-01T10:15:48.873Z,2026-07-01T10:16:15.333Z,26.46,100,chunk_20260701-1000-Marcos,chunk_20260701-1000-Marcos,False,within_chunk,3,M1-F-1
ses_20260701-100550-Marcos,16,2026-07-01T10:16:15.370Z,2026-07-01T10:16:37.492Z,22.122,72,chunk_20260701-1000-Marcos,chunk_20260701-1000-Marcos,False,within_chunk,1,M1-L-1
ses_20260701-100550-Marcos,17,2026-07-01T10:17:07.901Z,2026-07-01T10:17:16.373Z,8.472,15,chunk_20260701-1000-Marcos,chunk_20260701-1000-Marcos,False,within_chunk,2,M1-L-1
ses_20260701-100550-Marcos,18,2026-07-01T10:17:16.430Z,2026-07-01T10:18:10.217Z,53.787,82,chunk_20260701-1000-Marcos,chunk_20260701-1000-Marcos,False,within_chunk,2,M1-D-3
ses_20260701-100550-Marcos,19,2026-07-01T10:18:10.229Z,2026-07-01T10:18:35.624Z,25.395,85,chunk_20260701-1000-Marcos,chunk_20260701-1000-Marcos,False,within_chunk,1,M1-G-4
ses_20260701-100550-Marcos,20,2026-07-01T10:18:39.929Z,2026-07-01T10:19:02.386Z,22.457,71,chunk_20260701-1000-Marcos,chunk_20260701-1000-Marcos,False,within_chunk,2,M1-F-2
ses_20260701-100550-Marcos,21,2026-07-01T10:19:02.431Z,2026-07-01T10:19:32.042Z,29.611,88,chunk_20260701-1000-Marcos,chunk_20260701-1000-Marcos,False,within_chunk,2,M1-A-1
ses_20260701-100550-Marcos,22,2026-07-01T10:19:32.069Z,2026-07-01T10:19:49.903Z,17.834,61,chunk_20260701-1000-Marcos,chunk_20260701-1000-Marcos,False,within_chunk,1,M1-L-2
ses_20260701-100550-Marcos,23,2026-07-01T10:20:37.944Z,2026-07-01T10:21:03.229Z,25.285,83,chunk_20260701-1000-Marcos,chunk_20260701-1000-Marcos,False,within_chunk,1,M1-A-2
ses_20260701-100550-Marcos,24,2026-07-01T10:21:03.258Z,2026-07-01T10:22:00.591Z,57.333,157,chunk_20260701-1000-Marcos,chunk_20260701-1000-Marcos,False,within_chunk,2,M1-F-4
ses_20260701-100550-Marcos,25,2026-07-01T10:22:00.617Z,2026-07-01T10:22:27.380Z,26.763,97,chunk_20260701-1000-Marcos,chunk_20260701-1000-Marcos,False,within_chunk,2,M1-A-3
ses_20260701-100550-Marcos,26,2026-07-01T10:22:27.391Z,2026-07-01T10:22:45.337Z,17.946,61,chunk_20260701-1000-Marcos,chunk_20260701-1000-Marcos,False,within_chunk,1,M1-L-3
ses_20260701-100550-Marcos,27,2026-07-01T10:23:25.749Z,2026-07-01T10:23:55.177Z,29.428,90,chunk_20260701-1000-Marcos,chunk_20260701-1000-Marcos,False,within_chunk,3,M1-A-4
ses_20260701-100550-Marcos,28,2026-07-01T10:23:55.194Z,2026-07-01T10:24:16.986Z,21.792,53,chunk_20260701-1000-Marcos,chunk_20260701-1000-Marcos,False,within_chunk,1,M1-I-1
ses_20260701-100550-Marcos,29,2026-07-01T10:24:34.433Z,2026-07-01T10:24:50.686Z,16.253,10,chunk_20260701-1000-Marcos,chunk_20260701-1000-Marcos,False,within_chunk,1,M1-I-1
ses_20260701-100550-Marcos,30,2026-07-01T10:25:09.125Z,2026-07-01T10:25:21.500Z,12.375,47,chunk_20260701-1000-Marcos,chunk_20260701-1000-Marcos,False,within_chunk,2,M1-I-1
ses_20260701-100550-Marcos,31,2026-07-01T10:25:21.509Z,2026-07-01T10:25:47.403Z,25.894,78,chunk_20260701-1000-Marcos,chunk_20260701-1000-Marcos,False,within_chunk,1,M1-A-5
ses_20260701-100550-Marcos,32,2026-07-01T10:25:48.926Z,2026-07-01T10:25:54.899Z,5.973,9,chunk_20260701-1000-Marcos,chunk_20260701-1000-Marcos,False,within_chunk,2,M1-A-5
ses_20260701-100550-Marcos,33,2026-07-01T10:25:54.916Z,2026-07-01T10:26:17.117Z,22.201,89,chunk_20260701-1000-Marcos,chunk_20260701-1000-Marcos,False,within_chunk,1,M1-L-4
ses_20260701-100550-Marcos,34,2026-07-01T10:27:04.046Z,2026-07-01T10:27:04.642Z,0.596,4,chunk_20260701-1000-Marcos,chunk_20260701-1000-Marcos,False,within_chunk,2,M1-I-2
ses_20260701-100550-Marcos,35,2026-07-01T10:27:04.659Z,2026-07-01T10:27:44.248Z,39.589,58,chunk_20260701-1000-Marcos,chunk_20260701-1000-Marcos,False,within_chunk,1,M1-I-2
ses_20260701-100550-Marcos,36,2026-07-01T10:28:10.197Z,2026-07-01T10:28:18.565Z,8.368,45,chunk_20260701-1000-Marcos,chunk_20260701-1000-Marcos,False,within_chunk,1,M1-I-2
ses_20260701-100550-Marcos,37,2026-07-01T10:28:22.495Z,2026-07-01T10:28:44.113Z,21.618,52,chunk_20260701-1000-Marcos,chunk_20260701-1000-Marcos,False,within_chunk,1,M1-J-3
ses_20260701-100550-Marcos,38,2026-07-01T10:29:04.607Z,2026-07-01T10:29:13.675Z,9.068,13,chunk_20260701-1000-Marcos,chunk_20260701-1000-Marcos,False,within_chunk,1,M1-I-3
ses_20260701-100550-Marcos,39,2026-07-01T10:29:17.730Z,2026-07-01T10:30:18.105Z,60.375,67,chunk_20260701-1000-Marcos,chunk_20260701-1030-Marcos,True,continuation_across_chunk,1,M1-I-3
ses_20260701-100550-Marcos,40,2026-07-01T10:30:18.134Z,2026-07-01T10:31:07.467Z,49.333,149,chunk_20260701-1030-Marcos,chunk_20260701-1030-Marcos,False,within_chunk,1,M1-E-2
ses_20260701-100550-Marcos,41,2026-07-01T10:31:07.468Z,2026-07-01T10:32:17.236Z,69.768,161,chunk_20260701-1030-Marcos,chunk_20260701-1030-Marcos,False,within_chunk,2,M1-O-3
ses_20260701-100550-Marcos,42,2026-07-01T10:32:17.298Z,2026-07-01T10:33:20.557Z,63.259,94,chunk_20260701-1030-Marcos,chunk_20260701-1030-Marcos,False,within_chunk,1,M1-E-3
ses_20260701-103521-LAPTOP-0IM1OHQH,1,2026-07-01T10:35:21.671Z,2026-07-01T10:35:41.464Z,19.793,21,chunk_20260701-1030-LAPTOP-0IM1OHQH,chunk_20260701-1030-LAPTOP-0IM1OHQH,False,within_chunk,1,M1-A-1
ses_20260701-103521-LAPTOP-0IM1OHQH,2,2026-07-01T10:35:41.485Z,2026-07-01T10:36:07.254Z,25.769,67,chunk_20260701-1030-LAPTOP-0IM1OHQH,chunk_20260701-1030-LAPTOP-0IM1OHQH,False,within_chunk,1,M1-A-1
ses_20260701-103521-LAPTOP-0IM1OHQH,3,2026-07-01T10:36:07.276Z,2026-07-01T10:36:55.829Z,48.553,147,chunk_20260701-1030-LAPTOP-0IM1OHQH,chunk_20260701-1030-LAPTOP-0IM1OHQH,False,within_chunk,2,M1-H-2
ses_20260701-103521-LAPTOP-0IM1OHQH,4,2026-07-01T10:36:55.886Z,2026-07-01T10:37:21.067Z,25.181,75,chunk_20260701-1030-LAPTOP-0IM1OHQH,chunk_20260701-1030-LAPTOP-0IM1OHQH,False,within_chunk,2,M1-L-1
ses_20260701-103521-LAPTOP-0IM1OHQH,5,2026-07-01T10:37:21.069Z,2026-07-01T10:38:16.459Z,55.39,83,chunk_20260701-1030-LAPTOP-0IM1OHQH,chunk_20260701-1030-LAPTOP-0IM1OHQH,False,within_chunk,2,M1-C-1
ses_20260701-103521-LAPTOP-0IM1OHQH,6,2026-07-01T10:38:16.476Z,2026-07-01T10:39:02.135Z,45.659,104,chunk_20260701-1030-LAPTOP-0IM1OHQH,chunk_20260701-1030-LAPTOP-0IM1OHQH,False,within_chunk,2,M1-M-1
ses_20260701-103521-LAPTOP-0IM1OHQH,7,2026-07-01T10:39:02.149Z,2026-07-01T10:39:17.424Z,15.275,46,chunk_20260701-1030-LAPTOP-0IM1OHQH,chunk_20260701-1030-LAPTOP-0IM1OHQH,False,within_chunk,1,M1-C-2
ses_20260701-103521-LAPTOP-0IM1OHQH,8,2026-07-01T10:39:40.820Z,2026-07-01T10:39:51.766Z,10.946,31,chunk_20260701-1030-LAPTOP-0IM1OHQH,chunk_20260701-1030-LAPTOP-0IM1OHQH,False,within_chunk,2,M1-C-2
ses_20260701-103521-LAPTOP-0IM1OHQH,9,2026-07-01T10:39:51.767Z,2026-07-01T10:40:15.803Z,24.036,75,chunk_20260701-1030-LAPTOP-0IM1OHQH,chunk_20260701-1030-LAPTOP-0IM1OHQH,False,within_chunk,2,M1-G-1
ses_20260701-103521-LAPTOP-0IM1OHQH,10,2026-07-01T10:40:15.832Z,2026-07-01T10:41:05.370Z,49.538,100,chunk_20260701-1030-LAPTOP-0IM1OHQH,chunk_20260701-1030-LAPTOP-0IM1OHQH,False,within_chunk,1,M1-M-2
ses_20260701-103521-LAPTOP-0IM1OHQH,11,2026-07-01T10:41:07.690Z,2026-07-01T10:41:37.844Z,30.154,107,chunk_20260701-1030-LAPTOP-0IM1OHQH,chunk_20260701-1030-LAPTOP-0IM1OHQH,False,within_chunk,2,M1-A-2
ses_20260701-103521-LAPTOP-0IM1OHQH,12,2026-07-01T10:41:37.858Z,2026-07-01T10:42:02.788Z,24.93,69,chunk_20260701-1030-LAPTOP-0IM1OHQH,chunk_20260701-1030-LAPTOP-0IM1OHQH,False,within_chunk,0,
ses_20260701-103521-LAPTOP-0IM1OHQH,13,2026-07-01T10:42:09.147Z,2026-07-01T10:42:28.707Z,19.56,48,chunk_20260701-1030-LAPTOP-0IM1OHQH,chunk_20260701-1030-LAPTOP-0IM1OHQH,False,within_chunk,2,M1-L-3
ses_20260701-103521-LAPTOP-0IM1OHQH,14,2026-07-01T10:42:28.711Z,2026-07-01T10:43:19.212Z,50.501,97,chunk_20260701-1030-LAPTOP-0IM1OHQH,chunk_20260701-1030-LAPTOP-0IM1OHQH,False,within_chunk,2,M1-C-3
ses_20260701-103521-LAPTOP-0IM1OHQH,15,2026-07-01T10:43:19.225Z,2026-07-01T10:43:40.520Z,21.295,76,chunk_20260701-1030-LAPTOP-0IM1OHQH,chunk_20260701-1030-LAPTOP-0IM1OHQH,False,within_chunk,1,M1-O-1
ses_20260701-103521-LAPTOP-0IM1OHQH,16,2026-07-01T10:43:44.677Z,2026-07-01T10:44:30.670Z,45.993,71,chunk_20260701-1030-LAPTOP-0IM1OHQH,chunk_20260701-1030-LAPTOP-0IM1OHQH,False,within_chunk,1,M1-M-3
ses_20260701-103521-LAPTOP-0IM1OHQH,17,2026-07-01T10:44:46.283Z,2026-07-01T10:45:07.640Z,21.357,78,chunk_20260701-1030-LAPTOP-0IM1OHQH,chunk_20260701-1030-LAPTOP-0IM1OHQH,False,within_chunk,1,M1-A-3
ses_20260701-103521-LAPTOP-0IM1OHQH,18,2026-07-01T10:45:11.344Z,2026-07-01T10:45:35.728Z,24.384,72,chunk_20260701-1030-LAPTOP-0IM1OHQH,chunk_20260701-1030-LAPTOP-0IM1OHQH,False,within_chunk,2,M1-E-1
ses_20260701-103521-LAPTOP-0IM1OHQH,19,2026-07-01T10:45:35.759Z,2026-07-01T10:46:51.664Z,75.905,183,chunk_20260701-1030-LAPTOP-0IM1OHQH,chunk_20260701-1030-LAPTOP-0IM1OHQH,False,within_chunk,1,M1-M-4
ses_20260701-103521-LAPTOP-0IM1OHQH,20,2026-07-01T10:47:18.191Z,2026-07-01T10:47:38.302Z,20.111,70,chunk_20260701-1030-LAPTOP-0IM1OHQH,chunk_20260701-1030-LAPTOP-0IM1OHQH,False,within_chunk,2,M1-E-3
ses_20260701-103521-LAPTOP-0IM1OHQH,21,2026-07-01T10:47:38.351Z,2026-07-01T10:48:33.249Z,54.898,102,chunk_20260701-1030-LAPTOP-0IM1OHQH,chunk_20260701-1030-LAPTOP-0IM1OHQH,False,within_chunk,2,M1-J-1
ses_20260701-103521-LAPTOP-0IM1OHQH,22,2026-07-01T10:48:33.287Z,2026-07-01T10:49:02.893Z,29.606,105,chunk_20260701-1030-LAPTOP-0IM1OHQH,chunk_20260701-1030-LAPTOP-0IM1OHQH,False,within_chunk,1,M1-A-4
ses_20260701-103521-LAPTOP-0IM1OHQH,23,2026-07-01T10:49:02.933Z,2026-07-01T10:50:07.168Z,64.235,156,chunk_20260701-1030-LAPTOP-0IM1OHQH,chunk_20260701-1030-LAPTOP-0IM1OHQH,False,within_chunk,2,M1-G-4
ses_20260701-103521-LAPTOP-0IM1OHQH,24,2026-07-01T10:50:07.198Z,2026-07-01T10:50:29.097Z,21.899,89,chunk_20260701-1030-LAPTOP-0IM1OHQH,chunk_20260701-1030-LAPTOP-0IM1OHQH,False,within_chunk,1,M1-A-5
ses_20260701-103521-LAPTOP-0IM1OHQH,25,2026-07-01T10:51:52.210Z,2026-07-01T10:51:54.499Z,2.289,6,chunk_20260701-1030-LAPTOP-0IM1OHQH,chunk_20260701-1030-LAPTOP-0IM1OHQH,False,within_chunk,1,M1-A-5
ses_20260701-103521-LAPTOP-0IM1OHQH,26,2026-07-01T10:51:54.546Z,2026-07-01T10:52:50.044Z,55.498,159,chunk_20260701-1030-LAPTOP-0IM1OHQH,chunk_20260701-1030-LAPTOP-0IM1OHQH,False,within_chunk,1,M1-H-4
ses_20260701-103521-LAPTOP-0IM1OHQH,27,2026-07-01T10:52:50.062Z,2026-07-01T10:54:11.850Z,81.788,196,chunk_20260701-1030-LAPTOP-0IM1OHQH,chunk_20260701-1030-LAPTOP-0IM1OHQH,False,within_chunk,1,M1-O-3
ses_20260701-103521-LAPTOP-0IM1OHQH,28,2026-07-01T10:54:12.341Z,2026-07-01T10:55:18.300Z,65.959,146,chunk_20260701-1030-LAPTOP-0IM1OHQH,chunk_20260701-1030-LAPTOP-0IM1OHQH,False,within_chunk,1,M1-J-3
ses_20260701-103521-LAPTOP-0IM1OHQH,29,2026-07-01T10:55:18.910Z,2026-07-01T10:55:57.819Z,38.909,27,chunk_20260701-1030-LAPTOP-0IM1OHQH,chunk_20260701-1030-LAPTOP-0IM1OHQH,False,within_chunk,1,M1-J-3
ses_20260701-103853-Marcos,1,2026-07-01T10:38:53.553Z,2026-07-01T10:40:07.473Z,73.92,203,chunk_20260701-1030-Marcos,chunk_20260701-1030-Marcos,False,within_chunk,1,M1-K-1
ses_20260701-103853-Marcos,2,2026-07-01T10:40:08.148Z,2026-07-01T10:40:08.600Z,0.452,4,chunk_20260701-1030-Marcos,chunk_20260701-1030-Marcos,False,within_chunk,1,M1-K-1
ses_20260701-103853-Marcos,3,2026-07-01T10:40:21.892Z,2026-07-01T10:40:45.963Z,24.071,83,chunk_20260701-1030-Marcos,chunk_20260701-1030-Marcos,False,within_chunk,1,M1-H-1
ses_20260701-103853-Marcos,4,2026-07-01T10:40:49.722Z,2026-07-01T10:41:07.243Z,17.521,41,chunk_20260701-1030-Marcos,chunk_20260701-1030-Marcos,False,within_chunk,2,M1-G-1
ses_20260701-103853-Marcos,5,2026-07-01T10:41:07.271Z,2026-07-01T10:41:39.508Z,32.237,99,chunk_20260701-1030-Marcos,chunk_20260701-1030-Marcos,False,within_chunk,1,M1-C-1
ses_20260701-103853-Marcos,6,2026-07-01T10:41:43.013Z,2026-07-01T10:42:00.293Z,17.28,46,chunk_20260701-1030-Marcos,chunk_20260701-1030-Marcos,False,within_chunk,1,M1-B-1
ses_20260701-103853-Marcos,7,2026-07-01T10:42:43.464Z,2026-07-01T10:43:08.380Z,24.916,79,chunk_20260701-1030-Marcos,chunk_20260701-1030-Marcos,False,within_chunk,3,M1-G-2
ses_20260701-103853-Marcos,8,2026-07-01T10:43:08.402Z,2026-07-01T10:43:33.836Z,25.434,83,chunk_20260701-1030-Marcos,chunk_20260701-1030-Marcos,False,within_chunk,1,M1-K-2
ses_20260701-103853-Marcos,9,2026-07-01T10:43:38.180Z,2026-07-01T10:44:12.617Z,34.437,69,chunk_20260701-1030-Marcos,chunk_20260701-1030-Marcos,False,within_chunk,2,M1-M-1
ses_20260701-103853-Marcos,10,2026-07-01T10:44:12.635Z,2026-07-01T10:44:33.327Z,20.692,65,chunk_20260701-1030-Marcos,chunk_20260701-1030-Marcos,False,within_chunk,2,M1-G-3
ses_20260701-103853-Marcos,11,2026-07-01T10:44:33.355Z,2026-07-01T10:44:55.446Z,22.091,69,chunk_20260701-1030-Marcos,chunk_20260701-1030-Marcos,False,within_chunk,1,M1-B-2
ses_20260701-103853-Marcos,12,2026-07-01T10:45:29.410Z,2026-07-01T10:46:05.019Z,35.609,85,chunk_20260701-1030-Marcos,chunk_20260701-1030-Marcos,False,within_chunk,2,M1-M-2
ses_20260701-103853-Marcos,13,2026-07-01T10:46:05.067Z,2026-07-01T10:46:40.562Z,35.495,98,chunk_20260701-1030-Marcos,chunk_20260701-1030-Marcos,False,within_chunk,2,M1-C-2
ses_20260701-103853-Marcos,14,2026-07-01T10:46:40.575Z,2026-07-01T10:47:01.708Z,21.133,75,chunk_20260701-1030-Marcos,chunk_20260701-1030-Marcos,False,within_chunk,1,M1-O-1
ses_20260701-103853-Marcos,15,2026-07-01T10:47:05.925Z,2026-07-01T10:47:37.967Z,32.042,74,chunk_20260701-1030-Marcos,chunk_20260701-1030-Marcos,False,within_chunk,2,M1-M-3
ses_20260701-103853-Marcos,16,2026-07-01T10:47:37.977Z,2026-07-01T10:48:03.247Z,25.27,77,chunk_20260701-1030-Marcos,chunk_20260701-1030-Marcos,False,within_chunk,2,M1-G-4
ses_20260701-103853-Marcos,17,2026-07-01T10:48:03.251Z,2026-07-01T10:48:42.801Z,39.55,93,chunk_20260701-1030-Marcos,chunk_20260701-1030-Marcos,False,within_chunk,1,M1-M-4
ses_20260701-103853-Marcos,18,2026-07-01T10:49:52.370Z,2026-07-01T10:50:34.319Z,41.949,70,chunk_20260701-1030-Marcos,chunk_20260701-1030-Marcos,False,within_chunk,2,M1-K-3
ses_20260701-103853-Marcos,19,2026-07-01T10:50:34.369Z,2026-07-01T10:51:10.794Z,36.425,102,chunk_20260701-1030-Marcos,chunk_20260701-1030-Marcos,False,within_chunk,0,
ses_20260701-103853-Marcos,20,2026-07-01T10:51:15.969Z,2026-07-01T10:51:32.566Z,16.597,49,chunk_20260701-1030-Marcos,chunk_20260701-1030-Marcos,False,within_chunk,1,M1-H-3
ses_20260701-103853-Marcos,21,2026-07-01T10:51:35.828Z,2026-07-01T10:51:35.925Z,0.097,5,chunk_20260701-1030-Marcos,chunk_20260701-1030-Marcos,False,within_chunk,0,
ses_20260701-103853-Marcos,22,2026-07-01T10:51:35.939Z,2026-07-01T10:51:58.220Z,22.281,68,chunk_20260701-1030-Marcos,chunk_20260701-1030-Marcos,False,within_chunk,0,
ses_20260701-103853-Marcos,23,2026-07-01T10:52:44.288Z,2026-07-01T10:52:50.694Z,6.406,15,chunk_20260701-1030-Marcos,chunk_20260701-1030-Marcos,False,within_chunk,0,
ses_20260701-103853-Marcos,24,2026-07-01T10:52:50.997Z,2026-07-01T10:52:51.764Z,0.767,4,chunk_20260701-1030-Marcos,chunk_20260701-1030-Marcos,False,within_chunk,0,
ses_20260701-103853-Marcos,25,2026-07-01T10:52:52.814Z,2026-07-01T10:53:19.007Z,26.193,85,chunk_20260701-1030-Marcos,chunk_20260701-1030-Marcos,False,within_chunk,1,M1-B-4
ses_20260701-103853-Marcos,26,2026-07-01T10:54:08.714Z,2026-07-01T10:54:36.813Z,28.099,96,chunk_20260701-1030-Marcos,chunk_20260701-1030-Marcos,False,within_chunk,3,M1-O-2
ses_20260701-103853-Marcos,27,2026-07-01T10:54:36.820Z,2026-07-01T10:54:59.195Z,22.375,79,chunk_20260701-1030-Marcos,chunk_20260701-1030-Marcos,False,within_chunk,1,M1-F-1
ses_20260701-103853-Marcos,28,2026-07-01T10:54:59.844Z,2026-07-01T10:54:59.940Z,0.096,5,chunk_20260701-1030-Marcos,chunk_20260701-1030-Marcos,False,within_chunk,1,M1-C-3
ses_20260701-103853-Marcos,29,2026-07-01T10:54:59.955Z,2026-07-01T10:55:36.454Z,36.499,93,chunk_20260701-1030-Marcos,chunk_20260701-1030-Marcos,False,within_chunk,2,M1-C-3
ses_20260701-103853-Marcos,30,2026-07-01T10:55:36.471Z,2026-07-01T10:56:00.174Z,23.703,81,chunk_20260701-1030-Marcos,chunk_20260701-1030-Marcos,False,within_chunk,1,M1-K-4
ses_20260701-103853-Marcos,31,2026-07-01T10:56:00.205Z,2026-07-01T10:56:45.113Z,44.908,135,chunk_20260701-1030-Marcos,chunk_20260701-1030-Marcos,False,within_chunk,1,M1-F-3
ses_20260701-103853-Marcos,32,2026-07-01T10:56:49.163Z,2026-07-01T10:57:25.641Z,36.478,52,chunk_20260701-1030-Marcos,chunk_20260701-1030-Marcos,False,within_chunk,1,M1-J-1
ses_20260701-103853-Marcos,33,2026-07-01T10:57:29.008Z,2026-07-01T10:57:51.013Z,22.005,74,chunk_20260701-1030-Marcos,chunk_20260701-1030-Marcos,False,within_chunk,2,M1-F-4
ses_20260701-103853-Marcos,34,2026-07-01T10:57:51.052Z,2026-07-01T10:58:20.655Z,29.603,88,chunk_20260701-1030-Marcos,chunk_20260701-1030-Marcos,False,within_chunk,1,M1-O-3
ses_20260701-103853-Marcos,35,2026-07-01T10:58:20.665Z,2026-07-01T11:00:18.565Z,117.9,179,chunk_20260701-1030-Marcos,chunk_20260701-1100-Marcos,True,continuation_across_chunk,1,M1-J-3
ses_20260701-110548-LAPTOP-0IM1OHQH,1,2026-07-01T11:05:48.720Z,2026-07-01T11:06:30.898Z,42.178,79,chunk_20260701-1100-LAPTOP-0IM1OHQH,chunk_20260701-1100-LAPTOP-0IM1OHQH,False,within_chunk,1,M1-L-1
ses_20260701-110548-LAPTOP-0IM1OHQH,2,2026-07-01T11:07:07.235Z,2026-07-01T11:07:35.207Z,27.972,75,chunk_20260701-1100-LAPTOP-0IM1OHQH,chunk_20260701-1100-LAPTOP-0IM1OHQH,False,within_chunk,3,M1-B-1
ses_20260701-110548-LAPTOP-0IM1OHQH,3,2026-07-01T11:07:35.214Z,2026-07-01T11:07:58.433Z,23.219,73,chunk_20260701-1100-LAPTOP-0IM1OHQH,chunk_20260701-1100-LAPTOP-0IM1OHQH,False,within_chunk,1,M1-G-1
ses_20260701-110548-LAPTOP-0IM1OHQH,4,2026-07-01T11:08:02.298Z,2026-07-01T11:08:10.225Z,7.927,9,chunk_20260701-1100-LAPTOP-0IM1OHQH,chunk_20260701-1100-LAPTOP-0IM1OHQH,False,within_chunk,1,M1-I-1
ses_20260701-110548-LAPTOP-0IM1OHQH,5,2026-07-01T11:08:12.574Z,2026-07-01T11:08:17.449Z,4.875,12,chunk_20260701-1100-LAPTOP-0IM1OHQH,chunk_20260701-1100-LAPTOP-0IM1OHQH,False,within_chunk,1,M1-I-1
ses_20260701-110548-LAPTOP-0IM1OHQH,6,2026-07-01T11:08:35.285Z,2026-07-01T11:09:41.068Z,65.783,107,chunk_20260701-1100-LAPTOP-0IM1OHQH,chunk_20260701-1100-LAPTOP-0IM1OHQH,False,within_chunk,2,M1-L-2
ses_20260701-110548-LAPTOP-0IM1OHQH,7,2026-07-01T11:10:11.564Z,2026-07-01T11:10:38.113Z,26.549,97,chunk_20260701-1100-LAPTOP-0IM1OHQH,chunk_20260701-1100-LAPTOP-0IM1OHQH,False,within_chunk,1,M1-E-1
ses_20260701-110548-LAPTOP-0IM1OHQH,8,2026-07-01T11:10:38.452Z,2026-07-01T11:10:38.631Z,0.179,5,chunk_20260701-1100-LAPTOP-0IM1OHQH,chunk_20260701-1100-LAPTOP-0IM1OHQH,False,within_chunk,1,M1-J-1
ses_20260701-110548-LAPTOP-0IM1OHQH,9,2026-07-01T11:10:38.649Z,2026-07-01T11:11:17.029Z,38.38,93,chunk_20260701-1100-LAPTOP-0IM1OHQH,chunk_20260701-1100-LAPTOP-0IM1OHQH,False,within_chunk,1,M1-J-1
ses_20260701-110548-LAPTOP-0IM1OHQH,10,2026-07-01T11:11:20.953Z,2026-07-01T11:11:48.665Z,27.712,82,chunk_20260701-1100-LAPTOP-0IM1OHQH,chunk_20260701-1100-LAPTOP-0IM1OHQH,False,within_chunk,2,M1-H-1
ses_20260701-110548-LAPTOP-0IM1OHQH,11,2026-07-01T11:11:48.703Z,2026-07-01T11:12:19.738Z,31.035,84,chunk_20260701-1100-LAPTOP-0IM1OHQH,chunk_20260701-1100-LAPTOP-0IM1OHQH,False,within_chunk,2,M1-E-2
ses_20260701-110548-LAPTOP-0IM1OHQH,12,2026-07-01T11:12:19.739Z,2026-07-01T11:12:44.535Z,24.796,49,chunk_20260701-1100-LAPTOP-0IM1OHQH,chunk_20260701-1100-LAPTOP-0IM1OHQH,False,within_chunk,1,M1-I-2
ses_20260701-110548-LAPTOP-0IM1OHQH,13,2026-07-01T11:13:00.176Z,2026-07-01T11:13:17.004Z,16.828,9,chunk_20260701-1100-LAPTOP-0IM1OHQH,chunk_20260701-1100-LAPTOP-0IM1OHQH,False,within_chunk,1,M1-I-2
ses_20260701-110548-LAPTOP-0IM1OHQH,14,2026-07-01T11:13:30.676Z,2026-07-01T11:13:43.505Z,12.829,50,chunk_20260701-1100-LAPTOP-0IM1OHQH,chunk_20260701-1100-LAPTOP-0IM1OHQH,False,within_chunk,2,M1-I-2
ses_20260701-110548-LAPTOP-0IM1OHQH,15,2026-07-01T11:13:43.506Z,2026-07-01T11:14:01.364Z,17.858,60,chunk_20260701-1100-LAPTOP-0IM1OHQH,chunk_20260701-1100-LAPTOP-0IM1OHQH,False,within_chunk,1,M1-L-3
ses_20260701-110548-LAPTOP-0IM1OHQH,16,2026-07-01T11:14:30.607Z,2026-07-01T11:14:54.306Z,23.699,80,chunk_20260701-1100-LAPTOP-0IM1OHQH,chunk_20260701-1100-LAPTOP-0IM1OHQH,False,within_chunk,3,M1-G-2
ses_20260701-110548-LAPTOP-0IM1OHQH,17,2026-07-01T11:14:54.337Z,2026-07-01T11:15:22.458Z,28.121,98,chunk_20260701-1100-LAPTOP-0IM1OHQH,chunk_20260701-1100-LAPTOP-0IM1OHQH,False,within_chunk,1,M1-L-4
ses_20260701-110548-LAPTOP-0IM1OHQH,18,2026-07-01T11:15:51.994Z,2026-07-01T11:16:33.711Z,41.717,164,chunk_20260701-1100-LAPTOP-0IM1OHQH,chunk_20260701-1100-LAPTOP-0IM1OHQH,False,within_chunk,2,M1-G-3
ses_20260701-110548-LAPTOP-0IM1OHQH,19,2026-07-01T11:16:34.266Z,2026-07-01T11:16:34.349Z,0.083,4,chunk_20260701-1100-LAPTOP-0IM1OHQH,chunk_20260701-1100-LAPTOP-0IM1OHQH,False,within_chunk,1,M1-B-2
ses_20260701-110548-LAPTOP-0IM1OHQH,20,2026-07-01T11:16:34.354Z,2026-07-01T11:16:54.921Z,20.567,74,chunk_20260701-1100-LAPTOP-0IM1OHQH,chunk_20260701-1100-LAPTOP-0IM1OHQH,False,within_chunk,1,M1-B-2
ses_20260701-110548-LAPTOP-0IM1OHQH,21,2026-07-01T11:17:10.438Z,2026-07-01T11:17:36.289Z,25.851,62,chunk_20260701-1100-LAPTOP-0IM1OHQH,chunk_20260701-1100-LAPTOP-0IM1OHQH,False,within_chunk,2,M1-I-3
ses_20260701-110548-LAPTOP-0IM1OHQH,22,2026-07-01T11:17:48.760Z,2026-07-01T11:17:50.127Z,1.367,7,chunk_20260701-1100-LAPTOP-0IM1OHQH,chunk_20260701-1100-LAPTOP-0IM1OHQH,False,within_chunk,1,M1-I-3
ses_20260701-110548-LAPTOP-0IM1OHQH,23,2026-07-01T11:18:19.075Z,2026-07-01T11:18:28.532Z,9.457,42,chunk_20260701-1100-LAPTOP-0IM1OHQH,chunk_20260701-1100-LAPTOP-0IM1OHQH,False,within_chunk,1,M1-I-3
ses_20260701-110548-LAPTOP-0IM1OHQH,24,2026-07-01T11:19:29.746Z,2026-07-01T11:20:15.731Z,45.985,78,chunk_20260701-1100-LAPTOP-0IM1OHQH,chunk_20260701-1100-LAPTOP-0IM1OHQH,False,within_chunk,3,M1-B-3
ses_20260701-110548-LAPTOP-0IM1OHQH,25,2026-07-01T11:20:15.773Z,2026-07-01T11:21:05.164Z,49.391,107,chunk_20260701-1100-LAPTOP-0IM1OHQH,chunk_20260701-1100-LAPTOP-0IM1OHQH,False,within_chunk,1,M1-J-2
ses_20260701-110548-LAPTOP-0IM1OHQH,26,2026-07-01T11:21:08.076Z,2026-07-01T11:22:07.744Z,59.668,90,chunk_20260701-1100-LAPTOP-0IM1OHQH,chunk_20260701-1100-LAPTOP-0IM1OHQH,False,within_chunk,1,M1-J-2
ses_20260701-110548-LAPTOP-0IM1OHQH,27,2026-07-01T11:22:24.499Z,2026-07-01T11:23:00.006Z,35.507,56,chunk_20260701-1100-LAPTOP-0IM1OHQH,chunk_20260701-1100-LAPTOP-0IM1OHQH,False,within_chunk,1,M1-N-3
ses_20260701-110548-LAPTOP-0IM1OHQH,28,2026-07-01T11:23:27.782Z,2026-07-01T11:23:39.575Z,11.793,47,chunk_20260701-1100-LAPTOP-0IM1OHQH,chunk_20260701-1100-LAPTOP-0IM1OHQH,False,within_chunk,2,M1-N-3
ses_20260701-110548-LAPTOP-0IM1OHQH,29,2026-07-01T11:23:39.613Z,2026-07-01T11:24:05.926Z,26.313,79,chunk_20260701-1100-LAPTOP-0IM1OHQH,chunk_20260701-1100-LAPTOP-0IM1OHQH,False,within_chunk,2,M1-E-3
ses_20260701-110548-LAPTOP-0IM1OHQH,30,2026-07-01T11:24:05.928Z,2026-07-01T11:24:33.633Z,27.705,95,chunk_20260701-1100-LAPTOP-0IM1OHQH,chunk_20260701-1100-LAPTOP-0IM1OHQH,False,within_chunk,1,M1-H-2
ses_20260701-110548-LAPTOP-0IM1OHQH,31,2026-07-01T11:24:38.228Z,2026-07-01T11:24:55.924Z,17.696,50,chunk_20260701-1100-LAPTOP-0IM1OHQH,chunk_20260701-1100-LAPTOP-0IM1OHQH,False,within_chunk,1,M1-G-4
ses_20260701-110548-LAPTOP-0IM1OHQH,32,2026-07-01T11:24:59.783Z,2026-07-01T11:25:22.848Z,23.065,75,chunk_20260701-1100-LAPTOP-0IM1OHQH,chunk_20260701-1100-LAPTOP-0IM1OHQH,False,within_chunk,1,M1-H-3
ses_20260701-110548-LAPTOP-0IM1OHQH,33,2026-07-01T11:25:26.558Z,2026-07-01T11:25:46.106Z,19.548,49,chunk_20260701-1100-LAPTOP-0IM1OHQH,chunk_20260701-1100-LAPTOP-0IM1OHQH,False,within_chunk,1,M1-J-3
ses_20260701-110548-LAPTOP-0IM1OHQH,34,2026-07-01T11:25:49.604Z,2026-07-01T11:26:45.321Z,55.717,85,chunk_20260701-1100-LAPTOP-0IM1OHQH,chunk_20260701-1100-LAPTOP-0IM1OHQH,False,within_chunk,1,M1-H-4
ses_20260701-110917-Marcos,1,2026-07-01T11:09:17.034Z,2026-07-01T11:10:10.141Z,53.107,84,chunk_20260701-1100-Marcos,chunk_20260701-1100-Marcos,False,within_chunk,2,M1-G-1
ses_20260701-110917-Marcos,2,2026-07-01T11:10:10.145Z,2026-07-01T11:11:28.212Z,78.067,226,chunk_20260701-1100-Marcos,chunk_20260701-1100-Marcos,False,within_chunk,3,M1-M-1
ses_20260701-110917-Marcos,3,2026-07-01T11:11:28.259Z,2026-07-01T11:11:55.366Z,27.107,96,chunk_20260701-1100-Marcos,chunk_20260701-1100-Marcos,False,within_chunk,2,M1-H-1
ses_20260701-110917-Marcos,4,2026-07-01T11:11:55.379Z,2026-07-01T11:12:20.847Z,25.468,83,chunk_20260701-1100-Marcos,chunk_20260701-1100-Marcos,False,within_chunk,1,M1-E-1
ses_20260701-110917-Marcos,5,2026-07-01T11:12:24.109Z,2026-07-01T11:12:24.208Z,0.099,6,chunk_20260701-1100-Marcos,chunk_20260701-1100-Marcos,False,within_chunk,1,M1-L-2
ses_20260701-110917-Marcos,6,2026-07-01T11:12:24.252Z,2026-07-01T11:12:43.813Z,19.561,63,chunk_20260701-1100-Marcos,chunk_20260701-1100-Marcos,False,within_chunk,1,M1-L-2
ses_20260701-110917-Marcos,7,2026-07-01T11:12:47.859Z,2026-07-01T11:13:13.234Z,25.375,73,chunk_20260701-1100-Marcos,chunk_20260701-1100-Marcos,False,within_chunk,1,M1-O-1
ses_20260701-110917-Marcos,8,2026-07-01T11:13:17.142Z,2026-07-01T11:14:45.835Z,88.693,61,chunk_20260701-1100-Marcos,chunk_20260701-1100-Marcos,False,within_chunk,1,M1-L-3
ses_20260701-110917-Marcos,9,2026-07-01T11:14:46.339Z,2026-07-01T11:14:46.961Z,0.622,14,chunk_20260701-1100-Marcos,chunk_20260701-1100-Marcos,False,within_chunk,0,
ses_20260701-110917-Marcos,10,2026-07-01T11:14:49.106Z,2026-07-01T11:16:09.462Z,80.356,169,chunk_20260701-1100-Marcos,chunk_20260701-1100-Marcos,False,within_chunk,2,M1-H-3
ses_20260701-110917-Marcos,11,2026-07-01T11:16:22.387Z,2026-07-01T11:16:44.471Z,22.084,10,chunk_20260701-1100-Marcos,chunk_20260701-1100-Marcos,False,within_chunk,1,M1-I-1
ses_20260701-110917-Marcos,12,2026-07-01T11:17:04.213Z,2026-07-01T11:17:16.389Z,12.176,50,chunk_20260701-1100-Marcos,chunk_20260701-1100-Marcos,False,within_chunk,2,M1-I-1
ses_20260701-110917-Marcos,13,2026-07-01T11:17:16.393Z,2026-07-01T11:17:41.313Z,24.92,80,chunk_20260701-1100-Marcos,chunk_20260701-1100-Marcos,False,within_chunk,2,M1-L-4
ses_20260701-110917-Marcos,14,2026-07-01T11:17:41.321Z,2026-07-01T11:18:01.934Z,20.613,70,chunk_20260701-1100-Marcos,chunk_20260701-1100-Marcos,False,within_chunk,1,M1-G-2
ses_20260701-110917-Marcos,15,2026-07-01T11:18:05.822Z,2026-07-01T11:19:27.527Z,81.705,131,chunk_20260701-1100-Marcos,chunk_20260701-1100-Marcos,False,within_chunk,2,M1-J-2
ses_20260701-110917-Marcos,16,2026-07-01T11:19:27.540Z,2026-07-01T11:19:53.450Z,25.91,86,chunk_20260701-1100-Marcos,chunk_20260701-1100-Marcos,False,within_chunk,1,M1-O-2
ses_20260701-110917-Marcos,17,2026-07-01T11:19:57.425Z,2026-07-01T11:20:36.556Z,39.131,74,chunk_20260701-1100-Marcos,chunk_20260701-1100-Marcos,False,within_chunk,2,M1-M-2
ses_20260701-110917-Marcos,18,2026-07-01T11:20:36.617Z,2026-07-01T11:20:57.530Z,20.913,71,chunk_20260701-1100-Marcos,chunk_20260701-1100-Marcos,False,within_chunk,1,M1-G-3
ses_20260701-110917-Marcos,19,2026-07-01T11:21:01.058Z,2026-07-01T11:21:19.706Z,18.648,49,chunk_20260701-1100-Marcos,chunk_20260701-1100-Marcos,False,within_chunk,1,M1-F-1
ses_20260701-110917-Marcos,20,2026-07-01T11:23:44.444Z,2026-07-01T11:23:45.111Z,0.667,7,chunk_20260701-1100-Marcos,chunk_20260701-1100-Marcos,False,within_chunk,2,M1-M-3
ses_20260701-110917-Marcos,21,2026-07-01T11:23:45.118Z,2026-07-01T11:24:20.325Z,35.207,86,chunk_20260701-1100-Marcos,chunk_20260701-1100-Marcos,False,within_chunk,1,M1-M-3
ses_20260701-110917-Marcos,22,2026-07-01T11:24:48.051Z,2026-07-01T11:25:09.659Z,21.608,81,chunk_20260701-1100-Marcos,chunk_20260701-1100-Marcos,False,within_chunk,2,M1-J-3
ses_20260701-110917-Marcos,23,2026-07-01T11:25:13.375Z,2026-07-01T11:25:35.828Z,22.453,74,chunk_20260701-1100-Marcos,chunk_20260701-1100-Marcos,False,within_chunk,1,M1-F-2
ses_20260701-110917-Marcos,24,2026-07-01T11:26:24.249Z,2026-07-01T11:27:51.946Z,87.697,88,chunk_20260701-1100-Marcos,chunk_20260701-1100-Marcos,False,within_chunk,1,M1-I-3
ses_20260701-110917-Marcos,25,2026-07-01T11:27:54.964Z,2026-07-01T11:27:58.367Z,3.403,6,chunk_20260701-1100-Marcos,chunk_20260701-1100-Marcos,False,within_chunk,1,M1-I-3
ses_20260701-110917-Marcos,26,2026-07-01T11:28:00.005Z,2026-07-01T11:29:04.652Z,64.647,66,chunk_20260701-1100-Marcos,chunk_20260701-1100-Marcos,False,within_chunk,1,M1-I-3
ses_20260701-110917-Marcos,27,2026-07-01T11:29:34.336Z,2026-07-01T11:29:56.279Z,21.943,78,chunk_20260701-1100-Marcos,chunk_20260701-1100-Marcos,False,within_chunk,2,M1-E-2
ses_20260701-110917-Marcos,28,2026-07-01T11:29:59.605Z,2026-07-01T11:30:00.187Z,0.582,4,chunk_20260701-1100-Marcos,chunk_20260701-1130-Marcos,True,continuation_across_chunk,2,M1-E-2
ses_20260701-110917-Marcos,29,2026-07-01T11:30:00.217Z,2026-07-01T11:30:26.240Z,26.023,102,chunk_20260701-1130-Marcos,chunk_20260701-1130-Marcos,False,within_chunk,1,M1-F-3
ses_20260701-110917-Marcos,30,2026-07-01T11:31:09.469Z,2026-07-01T11:31:10.071Z,0.602,5,chunk_20260701-1130-Marcos,chunk_20260701-1130-Marcos,False,within_chunk,2,M1-E-3
ses_20260701-110917-Marcos,31,2026-07-01T11:31:10.173Z,2026-07-01T11:31:38.903Z,28.73,85,chunk_20260701-1130-Marcos,chunk_20260701-1130-Marcos,False,within_chunk,2,M1-E-3
ses_20260701-110917-Marcos,32,2026-07-01T11:31:38.963Z,2026-07-01T11:32:56.435Z,77.472,104,chunk_20260701-1130-Marcos,chunk_20260701-1130-Marcos,False,within_chunk,2,M1-F-4
ses_20260701-110917-Marcos,33,2026-07-01T11:32:56.484Z,2026-07-01T11:33:30.580Z,34.096,75,chunk_20260701-1130-Marcos,chunk_20260701-1130-Marcos,False,within_chunk,1,M1-M-4
ses_20260701-110917-Marcos,34,2026-07-01T11:33:34.524Z,2026-07-01T11:34:14.169Z,39.645,84,chunk_20260701-1130-Marcos,chunk_20260701-1130-Marcos,False,within_chunk,1,M1-O-3
ses_20260701-115141-SIDDHIGUPTAB00B,1,2026-07-01T11:51:41.548Z,2026-07-01T11:53:04.498Z,82.95,123,chunk_20260701-1130-SIDDHIGUPTAB00B,chunk_20260701-1130-SIDDHIGUPTAB00B,False,within_chunk,1,M1-A-1
ses_20260701-115141-SIDDHIGUPTAB00B,2,2026-07-01T11:53:08.605Z,2026-07-01T11:53:28.816Z,20.211,46,chunk_20260701-1130-SIDDHIGUPTAB00B,chunk_20260701-1130-SIDDHIGUPTAB00B,False,within_chunk,1,M1-B-1
ses_20260701-115141-SIDDHIGUPTAB00B,3,2026-07-01T11:53:31.907Z,2026-07-01T11:53:59.427Z,27.52,84,chunk_20260701-1130-SIDDHIGUPTAB00B,chunk_20260701-1130-SIDDHIGUPTAB00B,False,within_chunk,1,M1-A-2
ses_20260701-115141-SIDDHIGUPTAB00B,4,2026-07-01T11:53:59.798Z,2026-07-01T11:53:59.990Z,0.192,5,chunk_20260701-1130-SIDDHIGUPTAB00B,chunk_20260701-1130-SIDDHIGUPTAB00B,False,within_chunk,1,M1-I-1
ses_20260701-115141-SIDDHIGUPTAB00B,5,2026-07-01T11:54:00.084Z,2026-07-01T11:54:26.354Z,26.27,47,chunk_20260701-1130-SIDDHIGUPTAB00B,chunk_20260701-1130-SIDDHIGUPTAB00B,False,within_chunk,1,M1-I-1
ses_20260701-115141-SIDDHIGUPTAB00B,6,2026-07-01T11:54:40.171Z,2026-07-01T11:55:30.485Z,50.314,59,chunk_20260701-1130-SIDDHIGUPTAB00B,chunk_20260701-1130-SIDDHIGUPTAB00B,False,within_chunk,2,M1-I-1
ses_20260701-115141-SIDDHIGUPTAB00B,7,2026-07-01T11:55:30.486Z,2026-07-01T11:55:59.393Z,28.907,91,chunk_20260701-1130-SIDDHIGUPTAB00B,chunk_20260701-1130-SIDDHIGUPTAB00B,False,within_chunk,2,M1-K-1
ses_20260701-115141-SIDDHIGUPTAB00B,8,2026-07-01T11:55:59.475Z,2026-07-01T11:57:08.422Z,68.947,103,chunk_20260701-1130-SIDDHIGUPTAB00B,chunk_20260701-1130-SIDDHIGUPTAB00B,False,within_chunk,1,M1-I-2
ses_20260701-115141-SIDDHIGUPTAB00B,9,2026-07-01T11:57:08.458Z,2026-07-01T11:57:48.245Z,39.787,105,chunk_20260701-1130-SIDDHIGUPTAB00B,chunk_20260701-1130-SIDDHIGUPTAB00B,False,within_chunk,1,M1-B-3
ses_20260701-115141-SIDDHIGUPTAB00B,10,2026-07-01T11:57:51.465Z,2026-07-01T11:57:51.539Z,0.074,6,chunk_20260701-1130-SIDDHIGUPTAB00B,chunk_20260701-1130-SIDDHIGUPTAB00B,False,within_chunk,1,M1-J-1
ses_20260701-115141-SIDDHIGUPTAB00B,11,2026-07-01T11:57:51.574Z,2026-07-01T11:58:42.163Z,50.589,98,chunk_20260701-1130-SIDDHIGUPTAB00B,chunk_20260701-1130-SIDDHIGUPTAB00B,False,within_chunk,2,M1-J-1
ses_20260701-115141-SIDDHIGUPTAB00B,12,2026-07-01T12:10:29.180Z,2026-07-01T12:11:01.575Z,32.395,63,chunk_20260701-1200-SIDDHIGUPTAB00B,chunk_20260701-1200-SIDDHIGUPTAB00B,False,within_chunk,1,M1-C-1
ses_20260701-115141-SIDDHIGUPTAB00B,13,2026-07-01T12:11:05.641Z,2026-07-01T12:11:26.980Z,21.339,55,chunk_20260701-1200-SIDDHIGUPTAB00B,chunk_20260701-1200-SIDDHIGUPTAB00B,False,within_chunk,1,M1-A-3
ses_20260701-115141-SIDDHIGUPTAB00B,14,2026-07-01T12:11:27.382Z,2026-07-01T12:11:27.494Z,0.112,4,chunk_20260701-1200-SIDDHIGUPTAB00B,chunk_20260701-1200-SIDDHIGUPTAB00B,False,within_chunk,1,M1-J-2
ses_20260701-115141-SIDDHIGUPTAB00B,15,2026-07-01T12:11:27.572Z,2026-07-01T12:12:08.690Z,41.118,100,chunk_20260701-1200-SIDDHIGUPTAB00B,chunk_20260701-1200-SIDDHIGUPTAB00B,False,within_chunk,2,M1-J-2
ses_20260701-115141-SIDDHIGUPTAB00B,16,2026-07-01T12:12:08.701Z,2026-07-01T12:12:32.729Z,24.028,81,chunk_20260701-1200-SIDDHIGUPTAB00B,chunk_20260701-1200-SIDDHIGUPTAB00B,False,within_chunk,1,M1-B-4
ses_20260701-115141-SIDDHIGUPTAB00B,17,2026-07-01T12:12:33.395Z,2026-07-01T12:12:33.554Z,0.159,6,chunk_20260701-1200-SIDDHIGUPTAB00B,chunk_20260701-1200-SIDDHIGUPTAB00B,False,within_chunk,1,M1-F-1
ses_20260701-115141-SIDDHIGUPTAB00B,18,2026-07-01T12:12:33.720Z,2026-07-01T12:12:59.679Z,25.959,89,chunk_20260701-1200-SIDDHIGUPTAB00B,chunk_20260701-1200-SIDDHIGUPTAB00B,False,within_chunk,2,M1-F-1
ses_20260701-115141-SIDDHIGUPTAB00B,19,2026-07-01T12:12:59.704Z,2026-07-01T12:13:00.218Z,0.514,10,chunk_20260701-1200-SIDDHIGUPTAB00B,chunk_20260701-1200-SIDDHIGUPTAB00B,False,within_chunk,1,M1-L-1
ses_20260701-115141-SIDDHIGUPTAB00B,20,2026-07-01T12:13:00.953Z,2026-07-01T12:13:22.848Z,21.895,67,chunk_20260701-1200-SIDDHIGUPTAB00B,chunk_20260701-1200-SIDDHIGUPTAB00B,False,within_chunk,2,M1-L-1
ses_20260701-115141-SIDDHIGUPTAB00B,21,2026-07-01T12:13:22.862Z,2026-07-01T12:13:45.909Z,23.047,83,chunk_20260701-1200-SIDDHIGUPTAB00B,chunk_20260701-1200-SIDDHIGUPTAB00B,False,within_chunk,2,M1-J-3
ses_20260701-115141-SIDDHIGUPTAB00B,22,2026-07-01T12:13:45.937Z,2026-07-01T12:15:02.492Z,76.555,143,chunk_20260701-1200-SIDDHIGUPTAB00B,chunk_20260701-1200-SIDDHIGUPTAB00B,False,within_chunk,2,M1-M-1
ses_20260701-115141-SIDDHIGUPTAB00B,23,2026-07-01T12:15:06.477Z,2026-07-01T12:15:28.944Z,22.467,58,chunk_20260701-1200-SIDDHIGUPTAB00B,chunk_20260701-1200-SIDDHIGUPTAB00B,False,within_chunk,2,M1-K-2
ses_20260701-115141-SIDDHIGUPTAB00B,24,2026-07-01T12:15:28.982Z,2026-07-01T12:15:55.633Z,26.651,99,chunk_20260701-1200-SIDDHIGUPTAB00B,chunk_20260701-1200-SIDDHIGUPTAB00B,False,within_chunk,1,M1-F-2
ses_20260701-115141-SIDDHIGUPTAB00B,25,2026-07-01T12:15:59.262Z,2026-07-01T12:15:59.314Z,0.052,4,chunk_20260701-1200-SIDDHIGUPTAB00B,chunk_20260701-1200-SIDDHIGUPTAB00B,False,within_chunk,1,M1-C-2
ses_20260701-115141-SIDDHIGUPTAB00B,26,2026-07-01T12:15:59.332Z,2026-07-01T12:16:37.341Z,38.009,75,chunk_20260701-1200-SIDDHIGUPTAB00B,chunk_20260701-1200-SIDDHIGUPTAB00B,False,within_chunk,2,M1-C-2
ses_20260701-115141-SIDDHIGUPTAB00B,27,2026-07-01T12:16:37.430Z,2026-07-01T12:17:02.640Z,25.21,98,chunk_20260701-1200-SIDDHIGUPTAB00B,chunk_20260701-1200-SIDDHIGUPTAB00B,False,within_chunk,2,M1-F-3
ses_20260701-115141-SIDDHIGUPTAB00B,28,2026-07-01T12:17:02.678Z,2026-07-01T12:17:42.611Z,39.933,77,chunk_20260701-1200-SIDDHIGUPTAB00B,chunk_20260701-1200-SIDDHIGUPTAB00B,False,within_chunk,1,M1-M-2
ses_20260701-115141-SIDDHIGUPTAB00B,29,2026-07-01T12:17:43.054Z,2026-07-01T12:17:43.178Z,0.124,4,chunk_20260701-1200-SIDDHIGUPTAB00B,chunk_20260701-1200-SIDDHIGUPTAB00B,False,within_chunk,0,
ses_20260701-115141-SIDDHIGUPTAB00B,30,2026-07-01T12:17:43.225Z,2026-07-01T12:18:57.856Z,74.631,141,chunk_20260701-1200-SIDDHIGUPTAB00B,chunk_20260701-1200-SIDDHIGUPTAB00B,False,within_chunk,1,M1-C-4
ses_20260701-115141-SIDDHIGUPTAB00B,31,2026-07-01T12:19:01.538Z,2026-07-01T12:19:24.242Z,22.704,70,chunk_20260701-1200-SIDDHIGUPTAB00B,chunk_20260701-1200-SIDDHIGUPTAB00B,False,within_chunk,1,M1-E-1
ses_20260701-115141-SIDDHIGUPTAB00B,32,2026-07-01T12:19:50.696Z,2026-07-01T12:19:50.767Z,0.071,7,chunk_20260701-1200-SIDDHIGUPTAB00B,chunk_20260701-1200-SIDDHIGUPTAB00B,False,within_chunk,1,M1-I-3
ses_20260701-115141-SIDDHIGUPTAB00B,33,2026-07-01T12:19:50.963Z,2026-07-01T12:20:15.519Z,24.556,48,chunk_20260701-1200-SIDDHIGUPTAB00B,chunk_20260701-1200-SIDDHIGUPTAB00B,False,within_chunk,1,M1-I-3
ses_20260701-115141-SIDDHIGUPTAB00B,34,2026-07-01T12:20:31.467Z,2026-07-01T12:20:32.922Z,1.455,8,chunk_20260701-1200-SIDDHIGUPTAB00B,chunk_20260701-1200-SIDDHIGUPTAB00B,False,within_chunk,1,M1-I-3
ses_20260701-115141-SIDDHIGUPTAB00B,35,2026-07-01T12:21:05.379Z,2026-07-01T12:21:14.024Z,8.645,44,chunk_20260701-1200-SIDDHIGUPTAB00B,chunk_20260701-1200-SIDDHIGUPTAB00B,False,within_chunk,1,M1-I-3
ses_20260701-115141-SIDDHIGUPTAB00B,36,2026-07-01T12:21:18.363Z,2026-07-01T12:22:24.627Z,66.264,153,chunk_20260701-1200-SIDDHIGUPTAB00B,chunk_20260701-1200-SIDDHIGUPTAB00B,False,within_chunk,2,M1-F-4
ses_20260701-115141-SIDDHIGUPTAB00B,37,2026-07-01T12:22:28.922Z,2026-07-01T12:22:51.177Z,22.255,74,chunk_20260701-1200-SIDDHIGUPTAB00B,chunk_20260701-1200-SIDDHIGUPTAB00B,False,within_chunk,2,M1-K-3
ses_20260701-115141-SIDDHIGUPTAB00B,38,2026-07-01T12:22:51.305Z,2026-07-01T12:23:13.513Z,22.208,73,chunk_20260701-1200-SIDDHIGUPTAB00B,chunk_20260701-1200-SIDDHIGUPTAB00B,False,within_chunk,1,M1-F-5
ses_20260701-115141-SIDDHIGUPTAB00B,39,2026-07-01T12:23:16.374Z,2026-07-01T12:23:38.610Z,22.236,92,chunk_20260701-1200-SIDDHIGUPTAB00B,chunk_20260701-1200-SIDDHIGUPTAB00B,False,within_chunk,1,M1-E-2
ses_20260701-115141-SIDDHIGUPTAB00B,40,2026-07-01T12:23:42.264Z,2026-07-01T12:23:42.316Z,0.052,6,chunk_20260701-1200-SIDDHIGUPTAB00B,chunk_20260701-1200-SIDDHIGUPTAB00B,False,within_chunk,1,M1-N-2
ses_20260701-115141-SIDDHIGUPTAB00B,41,2026-07-01T12:23:42.332Z,2026-07-01T12:24:33.596Z,51.264,83,chunk_20260701-1200-SIDDHIGUPTAB00B,chunk_20260701-1200-SIDDHIGUPTAB00B,False,within_chunk,2,M1-N-2
ses_20260701-115141-SIDDHIGUPTAB00B,42,2026-07-01T12:24:33.618Z,2026-07-01T12:25:01.144Z,27.526,92,chunk_20260701-1200-SIDDHIGUPTAB00B,chunk_20260701-1200-SIDDHIGUPTAB00B,False,within_chunk,2,M1-H-1
ses_20260701-115141-SIDDHIGUPTAB00B,43,2026-07-01T12:25:01.288Z,2026-07-01T12:25:19.778Z,18.49,66,chunk_20260701-1200-SIDDHIGUPTAB00B,chunk_20260701-1200-SIDDHIGUPTAB00B,False,within_chunk,1,M1-L-2
ses_20260701-115141-SIDDHIGUPTAB00B,44,2026-07-01T12:25:52.145Z,2026-07-01T12:26:38.107Z,45.962,60,chunk_20260701-1200-SIDDHIGUPTAB00B,chunk_20260701-1200-SIDDHIGUPTAB00B,False,within_chunk,1,M1-N-3
ses_20260701-115141-SIDDHIGUPTAB00B,45,2026-07-01T12:26:42.683Z,2026-07-01T12:27:03.776Z,21.093,55,chunk_20260701-1200-SIDDHIGUPTAB00B,chunk_20260701-1200-SIDDHIGUPTAB00B,False,within_chunk,1,M1-O-1
ses_20260701-115141-SIDDHIGUPTAB00B,46,2026-07-01T12:27:34.097Z,2026-07-01T12:28:01.323Z,27.226,103,chunk_20260701-1200-SIDDHIGUPTAB00B,chunk_20260701-1200-SIDDHIGUPTAB00B,False,within_chunk,2,M1-H-2
ses_20260701-115141-SIDDHIGUPTAB00B,47,2026-07-01T12:28:01.714Z,2026-07-01T12:28:01.850Z,0.136,4,chunk_20260701-1200-SIDDHIGUPTAB00B,chunk_20260701-1200-SIDDHIGUPTAB00B,False,within_chunk,1,M1-O-2
ses_20260701-115141-SIDDHIGUPTAB00B,48,2026-07-01T12:28:01.867Z,2026-07-01T12:28:27.762Z,25.895,77,chunk_20260701-1200-SIDDHIGUPTAB00B,chunk_20260701-1200-SIDDHIGUPTAB00B,False,within_chunk,1,M1-O-2
ses_20260701-115141-SIDDHIGUPTAB00B,49,2026-07-01T12:28:43.375Z,2026-07-01T12:28:45.866Z,2.491,5,chunk_20260701-1200-SIDDHIGUPTAB00B,chunk_20260701-1200-SIDDHIGUPTAB00B,False,within_chunk,1,M1-O-2
ses_20260701-115141-SIDDHIGUPTAB00B,50,2026-07-01T12:30:37.559Z,2026-07-01T12:30:56.787Z,19.228,46,chunk_20260701-1200-SIDDHIGUPTAB00B,chunk_20260701-1230-SIDDHIGUPTAB00B,True,continuation_across_chunk,2,M1-L-3
ses_20260701-115141-SIDDHIGUPTAB00B,51,2026-07-01T12:30:56.824Z,2026-07-01T12:31:21.690Z,24.866,99,chunk_20260701-1230-SIDDHIGUPTAB00B,chunk_20260701-1230-SIDDHIGUPTAB00B,False,within_chunk,2,M1-E-3
ses_20260701-115141-SIDDHIGUPTAB00B,52,2026-07-01T12:31:21.725Z,2026-07-01T12:31:50.454Z,28.729,90,chunk_20260701-1230-SIDDHIGUPTAB00B,chunk_20260701-1230-SIDDHIGUPTAB00B,False,within_chunk,1,M1-O-3
ses_20260701-115141-SIDDHIGUPTAB00B,53,2026-07-01T12:31:50.935Z,2026-07-01T12:34:51.897Z,180.962,178,chunk_20260701-1230-SIDDHIGUPTAB00B,chunk_20260701-1230-SIDDHIGUPTAB00B,False,within_chunk,1,M1-H-4
ses_20260701-120612-Marcos,1,2026-07-01T12:06:12.794Z,2026-07-01T12:07:06.574Z,53.78,91,chunk_20260701-1200-Marcos,chunk_20260701-1200-Marcos,False,within_chunk,1,M1-H-1
ses_20260701-120612-Marcos,2,2026-07-01T12:07:31.351Z,2026-07-01T12:07:58.468Z,27.117,88,chunk_20260701-1200-Marcos,chunk_20260701-1200-Marcos,False,within_chunk,2,M1-K-1
ses_20260701-120612-Marcos,3,2026-07-01T12:08:02.511Z,2026-07-01T12:08:49.879Z,47.368,60,chunk_20260701-1200-Marcos,chunk_20260701-1200-Marcos,False,within_chunk,1,M1-N-1
ses_20260701-120612-Marcos,4,2026-07-01T12:08:54.058Z,2026-07-01T12:09:35.517Z,41.459,87,chunk_20260701-1200-Marcos,chunk_20260701-1200-Marcos,False,within_chunk,2,M1-L-2
ses_20260701-120612-Marcos,5,2026-07-01T12:09:35.585Z,2026-07-01T12:10:08.843Z,33.258,81,chunk_20260701-1200-Marcos,chunk_20260701-1200-Marcos,False,within_chunk,2,M1-C-1
ses_20260701-120612-Marcos,6,2026-07-01T12:10:08.849Z,2026-07-01T12:10:40.131Z,31.282,93,chunk_20260701-1200-Marcos,chunk_20260701-1200-Marcos,False,within_chunk,1,M1-M-1
ses_20260701-120612-Marcos,7,2026-07-01T12:10:43.712Z,2026-07-01T12:11:06.337Z,22.625,49,chunk_20260701-1200-Marcos,chunk_20260701-1200-Marcos,False,within_chunk,2,M1-L-3
ses_20260701-120612-Marcos,8,2026-07-01T12:11:06.383Z,2026-07-01T12:11:34.138Z,27.755,86,chunk_20260701-1200-Marcos,chunk_20260701-1200-Marcos,False,within_chunk,2,M1-H-2
ses_20260701-120612-Marcos,9,2026-07-01T12:11:34.170Z,2026-07-01T12:12:12.155Z,37.985,94,chunk_20260701-1200-Marcos,chunk_20260701-1200-Marcos,False,within_chunk,1,M1-M-2
ses_20260701-120612-Marcos,10,2026-07-01T12:13:14.510Z,2026-07-01T12:13:36.644Z,22.134,8,chunk_20260701-1200-Marcos,chunk_20260701-1200-Marcos,False,within_chunk,1,M1-M-2
ses_20260701-120612-Marcos,11,2026-07-01T12:13:37.116Z,2026-07-01T12:14:04.733Z,27.617,92,chunk_20260701-1200-Marcos,chunk_20260701-1200-Marcos,False,within_chunk,2,M1-F-1
ses_20260701-120612-Marcos,12,2026-07-01T12:14:04.738Z,2026-07-01T12:14:30.469Z,25.731,99,chunk_20260701-1200-Marcos,chunk_20260701-1200-Marcos,False,within_chunk,1,M1-K-2
ses_20260701-120612-Marcos,13,2026-07-01T12:14:58.716Z,2026-07-01T12:15:20.354Z,21.638,15,chunk_20260701-1200-Marcos,chunk_20260701-1200-Marcos,False,within_chunk,1,M1-N-2
ses_20260701-120612-Marcos,14,2026-07-01T12:15:40.458Z,2026-07-01T12:15:51.105Z,10.647,46,chunk_20260701-1200-Marcos,chunk_20260701-1200-Marcos,False,within_chunk,2,M1-N-2
ses_20260701-120612-Marcos,15,2026-07-01T12:15:51.124Z,2026-07-01T12:16:15.347Z,24.223,81,chunk_20260701-1200-Marcos,chunk_20260701-1200-Marcos,False,within_chunk,2,M1-H-3
ses_20260701-120612-Marcos,16,2026-07-01T12:16:15.384Z,2026-07-01T12:16:45.904Z,30.52,106,chunk_20260701-1200-Marcos,chunk_20260701-1200-Marcos,False,within_chunk,2,M1-K-3
ses_20260701-120612-Marcos,17,2026-07-01T12:16:45.914Z,2026-07-01T12:17:07.259Z,21.345,49,chunk_20260701-1200-Marcos,chunk_20260701-1200-Marcos,False,within_chunk,1,M1-I-1
ses_20260701-120612-Marcos,18,2026-07-01T12:17:21.473Z,2026-07-01T12:17:23.124Z,1.651,8,chunk_20260701-1200-Marcos,chunk_20260701-1200-Marcos,False,within_chunk,1,M1-I-1
ses_20260701-120612-Marcos,19,2026-07-01T12:17:53.497Z,2026-07-01T12:18:02.139Z,8.642,44,chunk_20260701-1200-Marcos,chunk_20260701-1200-Marcos,False,within_chunk,1,M1-I-1
ses_20260701-120612-Marcos,20,2026-07-01T12:18:05.888Z,2026-07-01T12:18:29.515Z,23.627,75,chunk_20260701-1200-Marcos,chunk_20260701-1200-Marcos,False,within_chunk,1,M1-H-4
ses_20260701-120612-Marcos,21,2026-07-01T12:18:33.737Z,2026-07-01T12:19:01.528Z,27.791,62,chunk_20260701-1200-Marcos,chunk_20260701-1200-Marcos,False,within_chunk,2,M1-F-2
ses_20260701-120612-Marcos,22,2026-07-01T12:19:01.585Z,2026-07-01T12:19:38.734Z,37.149,77,chunk_20260701-1200-Marcos,chunk_20260701-1200-Marcos,False,within_chunk,1,M1-M-3
ses_20260701-120612-Marcos,23,2026-07-01T12:19:41.904Z,2026-07-01T12:20:01.232Z,19.328,65,chunk_20260701-1200-Marcos,chunk_20260701-1200-Marcos,False,within_chunk,1,M1-K-4
ses_20260701-120612-Marcos,24,2026-07-01T12:20:05.268Z,2026-07-01T12:20:57.558Z,52.29,64,chunk_20260701-1200-Marcos,chunk_20260701-1200-Marcos,False,within_chunk,2,M1-N-3
ses_20260701-120612-Marcos,25,2026-07-01T12:20:57.571Z,2026-07-01T12:21:23.652Z,26.081,82,chunk_20260701-1200-Marcos,chunk_20260701-1200-Marcos,False,within_chunk,1,M1-F-3
ses_20260701-120612-Marcos,26,2026-07-01T12:21:45.140Z,2026-07-01T12:22:15.786Z,30.646,110,chunk_20260701-1200-Marcos,chunk_20260701-1200-Marcos,False,within_chunk,2,M1-K-5
ses_20260701-120612-Marcos,27,2026-07-01T12:22:15.832Z,2026-07-01T12:24:02.093Z,106.261,195,chunk_20260701-1200-Marcos,chunk_20260701-1200-Marcos,False,within_chunk,2,M1-C-4
ses_20260701-120612-Marcos,28,2026-07-01T12:24:02.131Z,2026-07-01T12:24:19.796Z,17.665,46,chunk_20260701-1200-Marcos,chunk_20260701-1200-Marcos,False,within_chunk,1,M1-I-2
ses_20260701-120612-Marcos,29,2026-07-01T12:24:38.872Z,2026-07-01T12:25:16.959Z,38.087,54,chunk_20260701-1200-Marcos,chunk_20260701-1200-Marcos,False,within_chunk,1,M1-I-2
ses_20260701-120612-Marcos,30,2026-07-01T12:25:20.843Z,2026-07-01T12:26:10.863Z,50.02,84,chunk_20260701-1200-Marcos,chunk_20260701-1200-Marcos,False,within_chunk,2,M1-F-4
ses_20260701-120612-Marcos,31,2026-07-01T12:26:26.830Z,2026-07-01T12:26:28.236Z,1.406,8,chunk_20260701-1200-Marcos,chunk_20260701-1200-Marcos,False,within_chunk,1,M1-I-3
ses_20260701-120612-Marcos,32,2026-07-01T12:27:04.597Z,2026-07-01T12:27:13.986Z,9.389,41,chunk_20260701-1200-Marcos,chunk_20260701-1200-Marcos,False,within_chunk,1,M1-I-3
ses_20260701-120612-Marcos,33,2026-07-01T12:27:29.654Z,2026-07-01T12:28:24.431Z,54.777,101,chunk_20260701-1200-Marcos,chunk_20260701-1200-Marcos,False,within_chunk,2,M1-M-4
ses_20260701-120828-LAPTOP-0IM1OHQH,1,2026-07-01T12:08:28.693Z,2026-07-01T12:09:14.170Z,45.477,85,chunk_20260701-1200-LAPTOP-0IM1OHQH,chunk_20260701-1200-LAPTOP-0IM1OHQH,False,within_chunk,2,M1-F-1
ses_20260701-120828-LAPTOP-0IM1OHQH,2,2026-07-01T12:09:14.196Z,2026-07-01T12:10:56.805Z,102.609,189,chunk_20260701-1200-LAPTOP-0IM1OHQH,chunk_20260701-1200-LAPTOP-0IM1OHQH,False,within_chunk,2,M1-M-1
ses_20260701-120828-LAPTOP-0IM1OHQH,3,2026-07-01T12:10:57.068Z,2026-07-01T12:10:57.353Z,0.285,7,chunk_20260701-1200-LAPTOP-0IM1OHQH,chunk_20260701-1200-LAPTOP-0IM1OHQH,False,within_chunk,1,M1-A-1
ses_20260701-120828-LAPTOP-0IM1OHQH,4,2026-07-01T12:10:57.398Z,2026-07-01T12:11:54.724Z,57.326,165,chunk_20260701-1200-LAPTOP-0IM1OHQH,chunk_20260701-1200-LAPTOP-0IM1OHQH,False,within_chunk,3,M1-F-2
ses_20260701-120828-LAPTOP-0IM1OHQH,5,2026-07-01T12:11:54.774Z,2026-07-01T12:12:10.104Z,15.33,43,chunk_20260701-1200-LAPTOP-0IM1OHQH,chunk_20260701-1200-LAPTOP-0IM1OHQH,False,within_chunk,1,M1-M-2
ses_20260701-120828-LAPTOP-0IM1OHQH,6,2026-07-01T12:12:30.522Z,2026-07-01T12:12:39.028Z,8.506,28,chunk_20260701-1200-LAPTOP-0IM1OHQH,chunk_20260701-1200-LAPTOP-0IM1OHQH,False,within_chunk,1,M1-M-2
ses_20260701-120828-LAPTOP-0IM1OHQH,7,2026-07-01T12:13:06.849Z,2026-07-01T12:13:32.129Z,25.28,76,chunk_20260701-1200-LAPTOP-0IM1OHQH,chunk_20260701-1200-LAPTOP-0IM1OHQH,False,within_chunk,3,M1-G-1
ses_20260701-120828-LAPTOP-0IM1OHQH,8,2026-07-01T12:13:32.152Z,2026-07-01T12:14:09.845Z,37.693,93,chunk_20260701-1200-LAPTOP-0IM1OHQH,chunk_20260701-1200-LAPTOP-0IM1OHQH,False,within_chunk,1,M1-M-3
ses_20260701-120828-LAPTOP-0IM1OHQH,9,2026-07-01T12:14:11.049Z,2026-07-01T12:14:43.774Z,32.725,73,chunk_20260701-1200-LAPTOP-0IM1OHQH,chunk_20260701-1200-LAPTOP-0IM1OHQH,False,within_chunk,2,M1-A-2
ses_20260701-120828-LAPTOP-0IM1OHQH,10,2026-07-01T12:14:47.310Z,2026-07-01T12:15:34.701Z,47.391,76,chunk_20260701-1200-LAPTOP-0IM1OHQH,chunk_20260701-1200-LAPTOP-0IM1OHQH,False,within_chunk,2,M1-C-1
ses_20260701-120828-LAPTOP-0IM1OHQH,11,2026-07-01T12:15:34.715Z,2026-07-01T12:16:03.720Z,29.005,86,chunk_20260701-1200-LAPTOP-0IM1OHQH,chunk_20260701-1200-LAPTOP-0IM1OHQH,False,within_chunk,2,M1-F-3
ses_20260701-120828-LAPTOP-0IM1OHQH,12,2026-07-01T12:16:03.738Z,2026-07-01T12:16:57.058Z,53.32,73,chunk_20260701-1200-LAPTOP-0IM1OHQH,chunk_20260701-1200-LAPTOP-0IM1OHQH,False,within_chunk,1,M1-D-2
ses_20260701-120828-LAPTOP-0IM1OHQH,13,2026-07-01T12:17:23.564Z,2026-07-01T12:17:26.925Z,3.361,14,chunk_20260701-1200-LAPTOP-0IM1OHQH,chunk_20260701-1200-LAPTOP-0IM1OHQH,False,within_chunk,2,M1-C-2
ses_20260701-120828-LAPTOP-0IM1OHQH,14,2026-07-01T12:17:26.981Z,2026-07-01T12:17:40.909Z,13.928,35,chunk_20260701-1200-LAPTOP-0IM1OHQH,chunk_20260701-1200-LAPTOP-0IM1OHQH,False,within_chunk,1,M1-C-2
ses_20260701-120828-LAPTOP-0IM1OHQH,15,2026-07-01T12:18:03.594Z,2026-07-01T12:18:14.706Z,11.112,30,chunk_20260701-1200-LAPTOP-0IM1OHQH,chunk_20260701-1200-LAPTOP-0IM1OHQH,False,within_chunk,2,M1-C-2
ses_20260701-120828-LAPTOP-0IM1OHQH,16,2026-07-01T12:18:14.709Z,2026-07-01T12:18:15.143Z,0.434,6,chunk_20260701-1200-LAPTOP-0IM1OHQH,chunk_20260701-1200-LAPTOP-0IM1OHQH,False,within_chunk,1,M1-J-1
ses_20260701-120828-LAPTOP-0IM1OHQH,17,2026-07-01T12:18:15.222Z,2026-07-01T12:18:49.802Z,34.58,81,chunk_20260701-1200-LAPTOP-0IM1OHQH,chunk_20260701-1200-LAPTOP-0IM1OHQH,False,within_chunk,1,M1-J-1
ses_20260701-120828-LAPTOP-0IM1OHQH,18,2026-07-01T12:18:51.553Z,2026-07-01T12:21:03.102Z,131.549,107,chunk_20260701-1200-LAPTOP-0IM1OHQH,chunk_20260701-1200-LAPTOP-0IM1OHQH,False,within_chunk,2,M1-G-3
ses_20260701-120828-LAPTOP-0IM1OHQH,19,2026-07-01T12:21:04.004Z,2026-07-01T12:22:08.394Z,64.39,79,chunk_20260701-1200-LAPTOP-0IM1OHQH,chunk_20260701-1200-LAPTOP-0IM1OHQH,False,within_chunk,1,M1-D-3
ses_20260701-120828-LAPTOP-0IM1OHQH,20,2026-07-01T12:22:11.627Z,2026-07-01T12:22:34.617Z,22.99,67,chunk_20260701-1200-LAPTOP-0IM1OHQH,chunk_20260701-1200-LAPTOP-0IM1OHQH,False,within_chunk,2,M1-E-1
ses_20260701-120828-LAPTOP-0IM1OHQH,21,2026-07-01T12:22:34.814Z,2026-07-01T12:23:31.936Z,57.122,177,chunk_20260701-1200-LAPTOP-0IM1OHQH,chunk_20260701-1200-LAPTOP-0IM1OHQH,False,within_chunk,3,M1-E-2
ses_20260701-120828-LAPTOP-0IM1OHQH,22,2026-07-01T12:23:31.977Z,2026-07-01T12:23:58.100Z,26.123,77,chunk_20260701-1200-LAPTOP-0IM1OHQH,chunk_20260701-1200-LAPTOP-0IM1OHQH,False,within_chunk,2,M1-F-4
ses_20260701-120828-LAPTOP-0IM1OHQH,23,2026-07-01T12:23:58.123Z,2026-07-01T12:24:55.085Z,56.962,81,chunk_20260701-1200-LAPTOP-0IM1OHQH,chunk_20260701-1200-LAPTOP-0IM1OHQH,False,within_chunk,1,M1-C-3
ses_20260701-120828-LAPTOP-0IM1OHQH,24,2026-07-01T12:25:41.532Z,2026-07-01T12:26:22.014Z,40.482,63,chunk_20260701-1200-LAPTOP-0IM1OHQH,chunk_20260701-1200-LAPTOP-0IM1OHQH,False,within_chunk,2,M1-E-3
ses_20260701-120828-LAPTOP-0IM1OHQH,25,2026-07-01T12:26:25.437Z,2026-07-01T12:27:13.904Z,48.467,119,chunk_20260701-1200-LAPTOP-0IM1OHQH,chunk_20260701-1200-LAPTOP-0IM1OHQH,False,within_chunk,1,M1-A-4
ses_20260701-120828-LAPTOP-0IM1OHQH,26,2026-07-01T12:27:13.938Z,2026-07-01T12:28:23.354Z,69.416,150,chunk_20260701-1200-LAPTOP-0IM1OHQH,chunk_20260701-1200-LAPTOP-0IM1OHQH,False,within_chunk,1,M1-J-3
ses_20260701-120828-LAPTOP-0IM1OHQH,27,2026-07-01T12:28:27.084Z,2026-07-01T12:28:44.942Z,17.858,50,chunk_20260701-1200-LAPTOP-0IM1OHQH,chunk_20260701-1200-LAPTOP-0IM1OHQH,False,within_chunk,0,
ses_20260701-120828-LAPTOP-0IM1OHQH,28,2026-07-01T12:28:46.425Z,2026-07-01T12:30:43.397Z,116.972,216,chunk_20260701-1200-LAPTOP-0IM1OHQH,chunk_20260701-1230-LAPTOP-0IM1OHQH,True,continuation_across_chunk,1,M1-H-4
ses_20260701-123729-Marcos,1,2026-07-01T12:37:29.139Z,2026-07-01T12:38:48.223Z,79.084,91,chunk_20260701-1230-Marcos,chunk_20260701-1230-Marcos,False,within_chunk,1,M1-N-1
ses_20260701-123729-Marcos,2,2026-07-01T12:38:52.014Z,2026-07-01T12:39:24.502Z,32.488,59,chunk_20260701-1230-Marcos,chunk_20260701-1230-Marcos,False,within_chunk,2,M1-M-1
ses_20260701-123729-Marcos,3,2026-07-01T12:39:24.517Z,2026-07-01T12:40:02.506Z,37.989,97,chunk_20260701-1230-Marcos,chunk_20260701-1230-Marcos,False,within_chunk,2,M1-C-1
ses_20260701-123729-Marcos,4,2026-07-01T12:40:02.556Z,2026-07-01T12:40:22.808Z,20.252,73,chunk_20260701-1230-Marcos,chunk_20260701-1230-Marcos,False,within_chunk,1,M1-F-1
ses_20260701-123729-Marcos,5,2026-07-01T12:40:26.662Z,2026-07-01T12:40:45.065Z,18.403,43,chunk_20260701-1230-Marcos,chunk_20260701-1230-Marcos,False,within_chunk,2,M1-G-1
ses_20260701-123729-Marcos,6,2026-07-01T12:40:45.066Z,2026-07-01T12:41:06.639Z,21.573,71,chunk_20260701-1230-Marcos,chunk_20260701-1230-Marcos,False,within_chunk,1,M1-L-1
ses_20260701-123729-Marcos,7,2026-07-01T12:41:38.766Z,2026-07-01T12:42:06.950Z,28.184,103,chunk_20260701-1230-Marcos,chunk_20260701-1230-Marcos,False,within_chunk,2,M1-A-1
ses_20260701-123729-Marcos,8,2026-07-01T12:42:10.522Z,2026-07-01T12:42:40.842Z,30.32,53,chunk_20260701-1230-Marcos,chunk_20260701-1230-Marcos,False,within_chunk,1,M1-C-2
ses_20260701-123729-Marcos,9,2026-07-01T12:42:41.277Z,2026-07-01T12:42:41.385Z,0.108,4,chunk_20260701-1230-Marcos,chunk_20260701-1230-Marcos,False,within_chunk,1,M1-G-2
ses_20260701-123729-Marcos,10,2026-07-01T12:42:41.434Z,2026-07-01T12:43:01.915Z,20.481,64,chunk_20260701-1230-Marcos,chunk_20260701-1230-Marcos,False,within_chunk,2,M1-G-2
ses_20260701-123729-Marcos,11,2026-07-01T12:43:01.949Z,2026-07-01T12:43:38.919Z,36.97,100,chunk_20260701-1230-Marcos,chunk_20260701-1230-Marcos,False,within_chunk,2,M1-M-2
ses_20260701-123729-Marcos,12,2026-07-01T12:43:38.928Z,2026-07-01T12:44:02.832Z,23.904,70,chunk_20260701-1230-Marcos,chunk_20260701-1230-Marcos,False,within_chunk,2,M1-G-3
ses_20260701-123729-Marcos,13,2026-07-01T12:44:02.867Z,2026-07-01T12:44:22.918Z,20.051,71,chunk_20260701-1230-Marcos,chunk_20260701-1230-Marcos,False,within_chunk,1,M1-L-2
ses_20260701-123729-Marcos,14,2026-07-01T12:45:10.485Z,2026-07-01T12:45:38.285Z,27.8,90,chunk_20260701-1230-Marcos,chunk_20260701-1230-Marcos,False,within_chunk,1,M1-A-2
ses_20260701-123729-Marcos,15,2026-07-01T12:45:49.826Z,2026-07-01T12:46:23.522Z,33.696,74,chunk_20260701-1230-Marcos,chunk_20260701-1230-Marcos,False,within_chunk,2,M1-C-3
ses_20260701-123729-Marcos,16,2026-07-01T12:46:23.559Z,2026-07-01T12:46:47.953Z,24.394,81,chunk_20260701-1230-Marcos,chunk_20260701-1230-Marcos,False,within_chunk,2,M1-F-2
ses_20260701-123729-Marcos,17,2026-07-01T12:46:47.994Z,2026-07-01T12:47:35.521Z,47.527,99,chunk_20260701-1230-Marcos,chunk_20260701-1230-Marcos,False,within_chunk,1,M1-A-3
ses_20260701-123729-Marcos,18,2026-07-01T12:47:35.955Z,2026-07-01T12:49:53.005Z,137.05,167,chunk_20260701-1230-Marcos,chunk_20260701-1230-Marcos,False,within_chunk,2,M1-H-1
ses_20260701-123729-Marcos,19,2026-07-01T12:50:35.739Z,2026-07-01T12:51:01.896Z,26.157,104,chunk_20260701-1230-Marcos,chunk_20260701-1230-Marcos,False,within_chunk,3,M1-F-3
ses_20260701-123729-Marcos,20,2026-07-01T12:51:01.936Z,2026-07-01T12:51:32.347Z,30.411,85,chunk_20260701-1230-Marcos,chunk_20260701-1230-Marcos,False,within_chunk,2,M1-A-4
ses_20260701-123729-Marcos,21,2026-07-01T12:51:32.350Z,2026-07-01T12:51:57.792Z,25.442,99,chunk_20260701-1230-Marcos,chunk_20260701-1230-Marcos,False,within_chunk,1,M1-L-4
ses_20260701-123729-Marcos,22,2026-07-01T12:52:49.608Z,2026-07-01T12:53:23.770Z,34.162,52,chunk_20260701-1230-Marcos,chunk_20260701-1230-Marcos,False,within_chunk,1,M1-M-3
ses_20260701-123729-Marcos,23,2026-07-01T12:53:25.173Z,2026-07-01T12:53:35.098Z,9.925,8,chunk_20260701-1230-Marcos,chunk_20260701-1230-Marcos,False,within_chunk,2,M1-M-3
ses_20260701-123729-Marcos,24,2026-07-01T12:53:35.134Z,2026-07-01T12:54:05.231Z,30.097,103,chunk_20260701-1230-Marcos,chunk_20260701-1230-Marcos,False,within_chunk,1,M1-E-1
ses_20260701-123729-Marcos,25,2026-07-01T12:54:05.246Z,2026-07-01T12:55:00.658Z,55.412,67,chunk_20260701-1230-Marcos,chunk_20260701-1230-Marcos,False,within_chunk,1,M1-N-3
ses_20260701-123729-Marcos,26,2026-07-01T12:55:01.645Z,2026-07-01T12:55:42.233Z,40.588,57,chunk_20260701-1230-Marcos,chunk_20260701-1230-Marcos,False,within_chunk,1,M1-N-3
ses_20260701-123729-Marcos,27,2026-07-01T12:55:42.288Z,2026-07-01T12:57:15.089Z,92.801,210,chunk_20260701-1230-Marcos,chunk_20260701-1230-Marcos,False,within_chunk,2,M1-H-3
ses_20260701-123729-Marcos,28,2026-07-01T12:57:52.858Z,2026-07-01T12:58:15.288Z,22.43,70,chunk_20260701-1230-Marcos,chunk_20260701-1230-Marcos,False,within_chunk,1,M1-H-4
ses_20260701-123729-Marcos,29,2026-07-01T12:58:15.301Z,2026-07-01T12:59:04.829Z,49.528,144,chunk_20260701-1230-Marcos,chunk_20260701-1230-Marcos,False,within_chunk,1,M1-E-3
ses_20260701-123729-Marcos,30,2026-07-01T12:59:04.885Z,2026-07-01T13:02:27.933Z,203.048,168,chunk_20260701-1230-Marcos,chunk_20260701-1300-Marcos,True,continuation_across_chunk,1,M1-J-3
ses_20260701-124033-SIDDHIGUPTAB00B,1,2026-07-01T12:40:33.775Z,2026-07-01T12:41:29.568Z,55.793,73,chunk_20260701-1230-SIDDHIGUPTAB00B,chunk_20260701-1230-SIDDHIGUPTAB00B,False,within_chunk,2,M1-K-1
ses_20260701-124033-SIDDHIGUPTAB00B,2,2026-07-01T12:41:29.577Z,2026-07-01T12:41:57.434Z,27.857,108,chunk_20260701-1230-SIDDHIGUPTAB00B,chunk_20260701-1230-SIDDHIGUPTAB00B,False,within_chunk,1,M1-F-1
ses_20260701-124033-SIDDHIGUPTAB00B,3,2026-07-01T12:42:27.017Z,2026-07-01T12:42:27.669Z,0.652,6,chunk_20260701-1230-SIDDHIGUPTAB00B,chunk_20260701-1230-SIDDHIGUPTAB00B,False,within_chunk,2,M1-K-2
ses_20260701-124033-SIDDHIGUPTAB00B,4,2026-07-01T12:42:27.673Z,2026-07-01T12:42:51.991Z,24.318,77,chunk_20260701-1230-SIDDHIGUPTAB00B,chunk_20260701-1230-SIDDHIGUPTAB00B,False,within_chunk,2,M1-K-2
ses_20260701-124033-SIDDHIGUPTAB00B,5,2026-07-01T12:42:51.993Z,2026-07-01T12:43:17.131Z,25.138,104,chunk_20260701-1230-SIDDHIGUPTAB00B,chunk_20260701-1230-SIDDHIGUPTAB00B,False,within_chunk,1,M1-H-1
ses_20260701-124033-SIDDHIGUPTAB00B,6,2026-07-01T12:43:20.727Z,2026-07-01T12:43:43.579Z,22.852,62,chunk_20260701-1230-SIDDHIGUPTAB00B,chunk_20260701-1230-SIDDHIGUPTAB00B,False,within_chunk,1,M1-F-2
ses_20260701-124033-SIDDHIGUPTAB00B,7,2026-07-01T12:43:47.119Z,2026-07-01T12:43:52.671Z,5.552,7,chunk_20260701-1230-SIDDHIGUPTAB00B,chunk_20260701-1230-SIDDHIGUPTAB00B,False,within_chunk,1,M1-I-1
ses_20260701-124033-SIDDHIGUPTAB00B,8,2026-07-01T12:43:54.983Z,2026-07-01T12:44:07.805Z,12.822,19,chunk_20260701-1230-SIDDHIGUPTAB00B,chunk_20260701-1230-SIDDHIGUPTAB00B,False,within_chunk,1,M1-I-1
ses_20260701-124033-SIDDHIGUPTAB00B,9,2026-07-01T12:44:25.625Z,2026-07-01T12:45:02.987Z,37.362,54,chunk_20260701-1230-SIDDHIGUPTAB00B,chunk_20260701-1230-SIDDHIGUPTAB00B,False,within_chunk,1,M1-I-1
ses_20260701-124033-SIDDHIGUPTAB00B,10,2026-07-01T12:45:07.059Z,2026-07-01T12:45:28.403Z,21.344,56,chunk_20260701-1230-SIDDHIGUPTAB00B,chunk_20260701-1230-SIDDHIGUPTAB00B,False,within_chunk,1,M1-F-3
ses_20260701-124033-SIDDHIGUPTAB00B,11,2026-07-01T12:45:55.749Z,2026-07-01T12:46:52.666Z,56.917,98,chunk_20260701-1230-SIDDHIGUPTAB00B,chunk_20260701-1230-SIDDHIGUPTAB00B,False,within_chunk,3,M1-N-1
ses_20260701-124033-SIDDHIGUPTAB00B,12,2026-07-01T12:46:52.705Z,2026-07-01T12:47:20.921Z,28.216,87,chunk_20260701-1230-SIDDHIGUPTAB00B,chunk_20260701-1230-SIDDHIGUPTAB00B,False,within_chunk,1,M1-F-4
ses_20260701-124033-SIDDHIGUPTAB00B,13,2026-07-01T12:47:21.389Z,2026-07-01T12:47:38.319Z,16.93,68,chunk_20260701-1230-SIDDHIGUPTAB00B,chunk_20260701-1230-SIDDHIGUPTAB00B,False,within_chunk,1,M1-L-1
ses_20260701-124033-SIDDHIGUPTAB00B,14,2026-07-01T12:48:18.325Z,2026-07-01T12:48:24.990Z,6.665,13,chunk_20260701-1230-SIDDHIGUPTAB00B,chunk_20260701-1230-SIDDHIGUPTAB00B,False,within_chunk,1,M1-N-2
ses_20260701-124033-SIDDHIGUPTAB00B,15,2026-07-01T12:48:53.148Z,2026-07-01T12:50:15.539Z,82.391,276,chunk_20260701-1230-SIDDHIGUPTAB00B,chunk_20260701-1230-SIDDHIGUPTAB00B,False,within_chunk,3,M1-N-2
ses_20260701-124033-SIDDHIGUPTAB00B,16,2026-07-01T12:50:15.542Z,2026-07-01T12:50:37.462Z,21.92,71,chunk_20260701-1230-SIDDHIGUPTAB00B,chunk_20260701-1230-SIDDHIGUPTAB00B,False,within_chunk,1,M1-L-2
ses_20260701-124033-SIDDHIGUPTAB00B,17,2026-07-01T12:51:02.633Z,2026-07-01T12:51:34.419Z,31.786,97,chunk_20260701-1230-SIDDHIGUPTAB00B,chunk_20260701-1230-SIDDHIGUPTAB00B,False,within_chunk,2,M1-H-2
ses_20260701-124033-SIDDHIGUPTAB00B,18,2026-07-01T12:51:34.496Z,2026-07-01T12:52:44.256Z,69.76,135,chunk_20260701-1230-SIDDHIGUPTAB00B,chunk_20260701-1230-SIDDHIGUPTAB00B,False,within_chunk,2,M1-N-3
ses_20260701-124033-SIDDHIGUPTAB00B,19,2026-07-01T12:53:17.757Z,2026-07-01T12:54:10.576Z,52.819,92,chunk_20260701-1230-SIDDHIGUPTAB00B,chunk_20260701-1230-SIDDHIGUPTAB00B,False,within_chunk,2,M1-D-1
ses_20260701-124033-SIDDHIGUPTAB00B,20,2026-07-01T12:54:10.616Z,2026-07-01T12:54:35.687Z,25.071,86,chunk_20260701-1230-SIDDHIGUPTAB00B,chunk_20260701-1230-SIDDHIGUPTAB00B,False,within_chunk,0,
ses_20260701-124033-SIDDHIGUPTAB00B,21,2026-07-01T12:54:36.780Z,2026-07-01T12:55:09.013Z,32.233,76,chunk_20260701-1230-SIDDHIGUPTAB00B,chunk_20260701-1230-SIDDHIGUPTAB00B,False,within_chunk,2,M1-K-4
ses_20260701-124033-SIDDHIGUPTAB00B,22,2026-07-01T12:55:09.049Z,2026-07-01T12:55:31.577Z,22.528,81,chunk_20260701-1230-SIDDHIGUPTAB00B,chunk_20260701-1230-SIDDHIGUPTAB00B,False,within_chunk,1,M1-H-3
ses_20260701-124033-SIDDHIGUPTAB00B,23,2026-07-01T12:55:58.754Z,2026-07-01T12:56:27.301Z,28.547,111,chunk_20260701-1230-SIDDHIGUPTAB00B,chunk_20260701-1230-SIDDHIGUPTAB00B,False,within_chunk,2,M1-L-4
ses_20260701-124033-SIDDHIGUPTAB00B,24,2026-07-01T12:56:58.438Z,2026-07-01T12:57:21.199Z,22.761,57,chunk_20260701-1230-SIDDHIGUPTAB00B,chunk_20260701-1230-SIDDHIGUPTAB00B,False,within_chunk,1,M1-K-5
ses_20260701-124033-SIDDHIGUPTAB00B,25,2026-07-01T12:57:21.219Z,2026-07-01T12:58:22.744Z,61.525,95,chunk_20260701-1230-SIDDHIGUPTAB00B,chunk_20260701-1230-SIDDHIGUPTAB00B,False,within_chunk,1,M1-D-3
ses_20260701-124033-SIDDHIGUPTAB00B,26,2026-07-01T12:58:40.956Z,2026-07-01T12:59:11.346Z,30.39,36,chunk_20260701-1230-SIDDHIGUPTAB00B,chunk_20260701-1230-SIDDHIGUPTAB00B,False,within_chunk,1,M1-D-3
ses_20260701-124033-SIDDHIGUPTAB00B,27,2026-07-01T12:59:25.257Z,2026-07-01T13:00:08.139Z,42.882,82,chunk_20260701-1230-SIDDHIGUPTAB00B,chunk_20260701-1300-SIDDHIGUPTAB00B,True,continuation_across_chunk,3,M1-C-1
ses_20260701-124033-SIDDHIGUPTAB00B,28,2026-07-01T13:00:08.187Z,2026-07-01T13:00:30.283Z,22.096,51,chunk_20260701-1300-SIDDHIGUPTAB00B,chunk_20260701-1300-SIDDHIGUPTAB00B,False,within_chunk,1,M1-I-2
ses_20260701-124033-SIDDHIGUPTAB00B,29,2026-07-01T13:00:47.793Z,2026-07-01T13:01:36.329Z,48.536,65,chunk_20260701-1300-SIDDHIGUPTAB00B,chunk_20260701-1300-SIDDHIGUPTAB00B,False,within_chunk,2,M1-I-2
ses_20260701-124033-SIDDHIGUPTAB00B,30,2026-07-01T13:01:36.367Z,2026-07-01T13:02:17.932Z,41.565,74,chunk_20260701-1300-SIDDHIGUPTAB00B,chunk_20260701-1300-SIDDHIGUPTAB00B,False,within_chunk,1,M1-C-2
ses_20260701-124033-SIDDHIGUPTAB00B,31,2026-07-01T13:03:08.420Z,2026-07-01T13:03:10.053Z,1.633,6,chunk_20260701-1300-SIDDHIGUPTAB00B,chunk_20260701-1300-SIDDHIGUPTAB00B,False,within_chunk,1,M1-C-2
ses_20260701-124033-SIDDHIGUPTAB00B,32,2026-07-01T13:03:28.135Z,2026-07-01T13:03:31.313Z,3.178,7,chunk_20260701-1300-SIDDHIGUPTAB00B,chunk_20260701-1300-SIDDHIGUPTAB00B,False,within_chunk,2,M1-C-2
ses_20260701-124033-SIDDHIGUPTAB00B,33,2026-07-01T13:03:31.410Z,2026-07-01T13:03:53.329Z,21.919,49,chunk_20260701-1300-SIDDHIGUPTAB00B,chunk_20260701-1300-SIDDHIGUPTAB00B,False,within_chunk,1,M1-I-3
ses_20260701-124033-SIDDHIGUPTAB00B,34,2026-07-01T13:04:10.034Z,2026-07-01T13:04:53.336Z,43.302,62,chunk_20260701-1300-SIDDHIGUPTAB00B,chunk_20260701-1300-SIDDHIGUPTAB00B,False,within_chunk,1,M1-I-3
ses_20260701-124033-SIDDHIGUPTAB00B,35,2026-07-01T13:04:53.428Z,2026-07-01T13:05:30.538Z,37.11,93,chunk_20260701-1300-SIDDHIGUPTAB00B,chunk_20260701-1300-SIDDHIGUPTAB00B,False,within_chunk,0,
ses_20260701-124033-SIDDHIGUPTAB00B,36,2026-07-01T13:05:52.093Z,2026-07-01T13:06:22.588Z,30.495,67,chunk_20260701-1300-SIDDHIGUPTAB00B,chunk_20260701-1300-SIDDHIGUPTAB00B,False,within_chunk,1,M1-C-4
ses_20260701-124033-SIDDHIGUPTAB00B,37,2026-07-01T13:06:22.995Z,2026-07-01T13:06:23.101Z,0.106,4,chunk_20260701-1300-SIDDHIGUPTAB00B,chunk_20260701-1300-SIDDHIGUPTAB00B,False,within_chunk,1,M1-H-4
ses_20260701-124033-SIDDHIGUPTAB00B,38,2026-07-01T13:06:23.166Z,2026-07-01T13:07:34.821Z,71.655,99,chunk_20260701-1300-SIDDHIGUPTAB00B,chunk_20260701-1300-SIDDHIGUPTAB00B,False,within_chunk,1,M1-H-4
ses_20260701-124550-LAPTOP-0IM1OHQH,1,2026-07-01T12:45:50.894Z,2026-07-01T12:46:58.605Z,67.711,111,chunk_20260701-1230-LAPTOP-0IM1OHQH,chunk_20260701-1230-LAPTOP-0IM1OHQH,False,within_chunk,2,M1-J-1
ses_20260701-124550-LAPTOP-0IM1OHQH,2,2026-07-01T12:46:58.687Z,2026-07-01T12:47:47.774Z,49.087,91,chunk_20260701-1230-LAPTOP-0IM1OHQH,chunk_20260701-1230-LAPTOP-0IM1OHQH,False,within_chunk,2,M1-D-1
ses_20260701-124550-LAPTOP-0IM1OHQH,3,2026-07-01T12:47:47.807Z,2026-07-01T12:48:24.406Z,36.599,76,chunk_20260701-1230-LAPTOP-0IM1OHQH,chunk_20260701-1230-LAPTOP-0IM1OHQH,False,within_chunk,1,M1-J-2
ses_20260701-124550-LAPTOP-0IM1OHQH,4,2026-07-01T12:48:28.230Z,2026-07-01T12:48:50.271Z,22.041,64,chunk_20260701-1230-LAPTOP-0IM1OHQH,chunk_20260701-1230-LAPTOP-0IM1OHQH,False,within_chunk,2,M1-F-1
ses_20260701-124550-LAPTOP-0IM1OHQH,5,2026-07-01T12:48:50.298Z,2026-07-01T12:49:36.139Z,45.841,84,chunk_20260701-1230-LAPTOP-0IM1OHQH,chunk_20260701-1230-LAPTOP-0IM1OHQH,False,within_chunk,1,M1-M-1
ses_20260701-124550-LAPTOP-0IM1OHQH,6,2026-07-01T12:50:00.007Z,2026-07-01T12:50:24.309Z,24.302,96,chunk_20260701-1230-LAPTOP-0IM1OHQH,chunk_20260701-1230-LAPTOP-0IM1OHQH,False,within_chunk,2,M1-A-1
ses_20260701-124550-LAPTOP-0IM1OHQH,7,2026-07-01T12:50:25.603Z,2026-07-01T12:50:33.672Z,8.069,8,chunk_20260701-1230-LAPTOP-0IM1OHQH,chunk_20260701-1230-LAPTOP-0IM1OHQH,False,within_chunk,2,M1-A-1
ses_20260701-124550-LAPTOP-0IM1OHQH,8,2026-07-01T12:50:33.712Z,2026-07-01T12:51:26.306Z,52.594,148,chunk_20260701-1230-LAPTOP-0IM1OHQH,chunk_20260701-1230-LAPTOP-0IM1OHQH,False,within_chunk,2,M1-K-1
ses_20260701-124550-LAPTOP-0IM1OHQH,9,2026-07-01T12:51:59.698Z,2026-07-01T12:52:24.056Z,24.358,96,chunk_20260701-1230-LAPTOP-0IM1OHQH,chunk_20260701-1230-LAPTOP-0IM1OHQH,False,within_chunk,2,M1-F-2
ses_20260701-124550-LAPTOP-0IM1OHQH,10,2026-07-01T12:52:28.065Z,2026-07-01T12:52:33.971Z,5.906,8,chunk_20260701-1230-LAPTOP-0IM1OHQH,chunk_20260701-1230-LAPTOP-0IM1OHQH,False,within_chunk,1,M1-I-1
ses_20260701-124550-LAPTOP-0IM1OHQH,11,2026-07-01T12:52:34.943Z,2026-07-01T12:52:47.662Z,12.719,19,chunk_20260701-1230-LAPTOP-0IM1OHQH,chunk_20260701-1230-LAPTOP-0IM1OHQH,False,within_chunk,1,M1-I-1
ses_20260701-124550-LAPTOP-0IM1OHQH,12,2026-07-01T12:53:03.898Z,2026-07-01T12:53:05.538Z,1.64,8,chunk_20260701-1230-LAPTOP-0IM1OHQH,chunk_20260701-1230-LAPTOP-0IM1OHQH,False,within_chunk,1,M1-I-1
ses_20260701-124550-LAPTOP-0IM1OHQH,13,2026-07-01T12:53:39.636Z,2026-07-01T12:53:52.787Z,13.151,44,chunk_20260701-1230-LAPTOP-0IM1OHQH,chunk_20260701-1230-LAPTOP-0IM1OHQH,False,within_chunk,2,M1-I-1
ses_20260701-124550-LAPTOP-0IM1OHQH,14,2026-07-01T12:53:52.865Z,2026-07-01T12:54:49.604Z,56.739,129,chunk_20260701-1230-LAPTOP-0IM1OHQH,chunk_20260701-1230-LAPTOP-0IM1OHQH,False,within_chunk,2,M1-A-2
ses_20260701-124550-LAPTOP-0IM1OHQH,15,2026-07-01T12:54:59.436Z,2026-07-01T12:55:51.169Z,51.733,48,chunk_20260701-1230-LAPTOP-0IM1OHQH,chunk_20260701-1230-LAPTOP-0IM1OHQH,False,within_chunk,1,M1-I-2
ses_20260701-124550-LAPTOP-0IM1OHQH,16,2026-07-01T12:55:55.018Z,2026-07-01T12:56:20.817Z,25.799,63,chunk_20260701-1230-LAPTOP-0IM1OHQH,chunk_20260701-1230-LAPTOP-0IM1OHQH,False,within_chunk,2,M1-J-3
ses_20260701-124550-LAPTOP-0IM1OHQH,17,2026-07-01T12:56:20.835Z,2026-07-01T12:56:47.272Z,26.437,85,chunk_20260701-1230-LAPTOP-0IM1OHQH,chunk_20260701-1230-LAPTOP-0IM1OHQH,False,within_chunk,2,M1-A-3
ses_20260701-124550-LAPTOP-0IM1OHQH,18,2026-07-01T12:56:47.286Z,2026-07-01T12:56:47.849Z,0.563,5,chunk_20260701-1230-LAPTOP-0IM1OHQH,chunk_20260701-1230-LAPTOP-0IM1OHQH,False,within_chunk,1,M1-I-3
ses_20260701-124550-LAPTOP-0IM1OHQH,19,2026-07-01T12:56:47.925Z,2026-07-01T12:57:08.210Z,20.285,43,chunk_20260701-1230-LAPTOP-0IM1OHQH,chunk_20260701-1230-LAPTOP-0IM1OHQH,False,within_chunk,1,M1-I-3
ses_20260701-124550-LAPTOP-0IM1OHQH,20,2026-07-01T12:57:28.867Z,2026-07-01T12:57:30.097Z,1.23,9,chunk_20260701-1230-LAPTOP-0IM1OHQH,chunk_20260701-1230-LAPTOP-0IM1OHQH,False,within_chunk,1,M1-I-3
ses_20260701-124550-LAPTOP-0IM1OHQH,21,2026-07-01T12:57:58.748Z,2026-07-01T12:58:34.044Z,35.296,88,chunk_20260701-1230-LAPTOP-0IM1OHQH,chunk_20260701-1230-LAPTOP-0IM1OHQH,False,within_chunk,2,M1-G-2
ses_20260701-124550-LAPTOP-0IM1OHQH,22,2026-07-01T12:58:34.598Z,2026-07-01T12:58:51.297Z,16.699,46,chunk_20260701-1230-LAPTOP-0IM1OHQH,chunk_20260701-1230-LAPTOP-0IM1OHQH,False,within_chunk,1,M1-M-2
ses_20260701-124550-LAPTOP-0IM1OHQH,23,2026-07-01T12:59:09.508Z,2026-07-01T12:59:21.636Z,12.128,30,chunk_20260701-1230-LAPTOP-0IM1OHQH,chunk_20260701-1230-LAPTOP-0IM1OHQH,False,within_chunk,2,M1-M-2
ses_20260701-124550-LAPTOP-0IM1OHQH,24,2026-07-01T12:59:21.654Z,2026-07-01T13:00:09.754Z,48.1,90,chunk_20260701-1230-LAPTOP-0IM1OHQH,chunk_20260701-1300-LAPTOP-0IM1OHQH,True,continuation_across_chunk,2,M1-D-2
ses_20260701-124550-LAPTOP-0IM1OHQH,25,2026-07-01T13:00:09.759Z,2026-07-01T13:00:32.115Z,22.356,76,chunk_20260701-1300-LAPTOP-0IM1OHQH,chunk_20260701-1300-LAPTOP-0IM1OHQH,False,within_chunk,1,M1-K-2
ses_20260701-124550-LAPTOP-0IM1OHQH,26,2026-07-01T13:01:02.919Z,2026-07-01T13:02:53.698Z,110.779,177,chunk_20260701-1300-LAPTOP-0IM1OHQH,chunk_20260701-1300-LAPTOP-0IM1OHQH,False,within_chunk,3,M1-G-3
ses_20260701-124550-LAPTOP-0IM1OHQH,27,2026-07-01T13:02:53.750Z,2026-07-01T13:03:20.172Z,26.422,94,chunk_20260701-1300-LAPTOP-0IM1OHQH,chunk_20260701-1300-LAPTOP-0IM1OHQH,False,within_chunk,1,M1-K-3
ses_20260701-124550-LAPTOP-0IM1OHQH,28,2026-07-01T13:03:56.919Z,2026-07-01T13:04:18.771Z,21.852,84,chunk_20260701-1300-LAPTOP-0IM1OHQH,chunk_20260701-1300-LAPTOP-0IM1OHQH,False,within_chunk,2,M1-F-3
ses_20260701-124550-LAPTOP-0IM1OHQH,29,2026-07-01T13:05:10.967Z,2026-07-01T13:05:25.769Z,14.802,7,chunk_20260701-1300-LAPTOP-0IM1OHQH,chunk_20260701-1300-LAPTOP-0IM1OHQH,False,within_chunk,1,M1-F-3
ses_20260701-124550-LAPTOP-0IM1OHQH,30,2026-07-01T13:05:26.314Z,2026-07-01T13:06:46.626Z,80.312,157,chunk_20260701-1300-LAPTOP-0IM1OHQH,chunk_20260701-1300-LAPTOP-0IM1OHQH,False,within_chunk,3,M1-F-4
ses_20260701-124550-LAPTOP-0IM1OHQH,31,2026-07-01T13:06:46.650Z,2026-07-01T13:07:16.931Z,30.281,80,chunk_20260701-1300-LAPTOP-0IM1OHQH,chunk_20260701-1300-LAPTOP-0IM1OHQH,False,within_chunk,2,M1-O-1
ses_20260701-124550-LAPTOP-0IM1OHQH,32,2026-07-01T13:07:16.943Z,2026-07-01T13:07:48.705Z,31.762,105,chunk_20260701-1300-LAPTOP-0IM1OHQH,chunk_20260701-1300-LAPTOP-0IM1OHQH,False,within_chunk,1,M1-E-1
ses_20260701-124550-LAPTOP-0IM1OHQH,33,2026-07-01T13:07:48.756Z,2026-07-01T13:08:41.801Z,53.045,124,chunk_20260701-1300-LAPTOP-0IM1OHQH,chunk_20260701-1300-LAPTOP-0IM1OHQH,False,within_chunk,1,M1-O-3
ses_20260701-124550-LAPTOP-0IM1OHQH,34,2026-07-01T13:08:42.198Z,2026-07-01T13:08:42.351Z,0.153,5,chunk_20260701-1300-LAPTOP-0IM1OHQH,chunk_20260701-1300-LAPTOP-0IM1OHQH,False,within_chunk,0,
ses_20260701-124550-LAPTOP-0IM1OHQH,35,2026-07-01T13:08:42.408Z,2026-07-01T13:09:03.300Z,20.892,86,chunk_20260701-1300-LAPTOP-0IM1OHQH,chunk_20260701-1300-LAPTOP-0IM1OHQH,False,within_chunk,0,
ses_20260701-124550-LAPTOP-0IM1OHQH,36,2026-07-01T13:09:05.215Z,2026-07-01T13:09:55.009Z,49.794,66,chunk_20260701-1300-LAPTOP-0IM1OHQH,chunk_20260701-1300-LAPTOP-0IM1OHQH,False,within_chunk,1,M1-E-3
ses_20260701-124636-MSI,1,2026-07-01T12:46:36.674Z,2026-07-01T12:46:52.489Z,15.815,50,chunk_20260701-1230-MSI,chunk_20260701-1230-MSI,False,within_chunk,0,
ses_20260701-124636-MSI,2,2026-07-01T12:47:48.397Z,2026-07-01T12:47:49.665Z,1.268,16,chunk_20260701-1230-MSI,chunk_20260701-1230-MSI,False,within_chunk,1,M1-A-1
ses_20260701-124636-MSI,3,2026-07-01T12:47:50.369Z,2026-07-01T12:48:11.966Z,21.597,67,chunk_20260701-1230-MSI,chunk_20260701-1230-MSI,False,within_chunk,1,M1-A-1
ses_20260701-124636-MSI,4,2026-07-01T12:48:15.382Z,2026-07-01T12:48:34.158Z,18.776,46,chunk_20260701-1230-MSI,chunk_20260701-1230-MSI,False,within_chunk,1,M1-B-1
ses_20260701-124636-MSI,5,2026-07-01T12:48:37.692Z,2026-07-01T12:48:58.045Z,20.353,72,chunk_20260701-1230-MSI,chunk_20260701-1230-MSI,False,within_chunk,1,M1-A-2
ses_20260701-124636-MSI,6,2026-07-01T12:49:01.545Z,2026-07-01T12:49:33.636Z,32.091,79,chunk_20260701-1230-MSI,chunk_20260701-1230-MSI,False,within_chunk,1,M1-C-1
ses_20260701-124636-MSI,7,2026-07-01T12:49:35.237Z,2026-07-01T12:49:44.430Z,9.193,7,chunk_20260701-1230-MSI,chunk_20260701-1230-MSI,False,within_chunk,1,M1-C-1
ses_20260701-124636-MSI,8,2026-07-01T12:49:44.881Z,2026-07-01T12:50:09.849Z,24.968,101,chunk_20260701-1230-MSI,chunk_20260701-1230-MSI,False,within_chunk,2,M1-F-1
ses_20260701-124636-MSI,9,2026-07-01T12:50:09.852Z,2026-07-01T12:50:36.349Z,26.497,85,chunk_20260701-1230-MSI,chunk_20260701-1230-MSI,False,within_chunk,2,M1-A-3
ses_20260701-124636-MSI,10,2026-07-01T12:50:36.389Z,2026-07-01T12:51:01.809Z,25.42,101,chunk_20260701-1230-MSI,chunk_20260701-1230-MSI,False,within_chunk,2,M1-F-2
ses_20260701-124636-MSI,11,2026-07-01T12:51:01.848Z,2026-07-01T12:51:28.162Z,26.314,87,chunk_20260701-1230-MSI,chunk_20260701-1230-MSI,False,within_chunk,1,M1-O-1
ses_20260701-124636-MSI,12,2026-07-01T12:51:32.225Z,2026-07-01T12:52:10.020Z,37.795,80,chunk_20260701-1230-MSI,chunk_20260701-1230-MSI,False,within_chunk,2,M1-M-1
ses_20260701-124636-MSI,13,2026-07-01T12:52:10.055Z,2026-07-01T12:52:37.907Z,27.852,106,chunk_20260701-1230-MSI,chunk_20260701-1230-MSI,False,within_chunk,1,M1-E-1
ses_20260701-124636-MSI,14,2026-07-01T12:52:41.401Z,2026-07-01T12:53:14.772Z,33.371,54,chunk_20260701-1230-MSI,chunk_20260701-1230-MSI,False,within_chunk,1,M1-C-2
ses_20260701-124636-MSI,15,2026-07-01T12:53:38.679Z,2026-07-01T12:53:39.992Z,1.313,6,chunk_20260701-1230-MSI,chunk_20260701-1230-MSI,False,within_chunk,1,M1-C-2
ses_20260701-124636-MSI,16,2026-07-01T12:53:56.902Z,2026-07-01T12:54:10.687Z,13.785,7,chunk_20260701-1230-MSI,chunk_20260701-1230-MSI,False,within_chunk,1,M1-C-2
ses_20260701-124636-MSI,17,2026-07-01T12:54:30.288Z,2026-07-01T12:54:57.171Z,26.883,94,chunk_20260701-1230-MSI,chunk_20260701-1230-MSI,False,within_chunk,3,M1-F-3
ses_20260701-124636-MSI,18,2026-07-01T12:54:57.205Z,2026-07-01T12:55:21.126Z,23.921,94,chunk_20260701-1230-MSI,chunk_20260701-1230-MSI,False,within_chunk,1,M1-E-2
ses_20260701-124636-MSI,19,2026-07-01T12:55:24.571Z,2026-07-01T12:55:50.221Z,25.65,66,chunk_20260701-1230-MSI,chunk_20260701-1230-MSI,False,within_chunk,2,M1-A-4
ses_20260701-124636-MSI,20,2026-07-01T12:55:50.231Z,2026-07-01T12:56:27.500Z,37.269,92,chunk_20260701-1230-MSI,chunk_20260701-1230-MSI,False,within_chunk,2,M1-N-1
ses_20260701-124636-MSI,21,2026-07-01T12:56:27.530Z,2026-07-01T12:56:50.242Z,22.712,76,chunk_20260701-1230-MSI,chunk_20260701-1230-MSI,False,within_chunk,1,M1-B-2
ses_20260701-124636-MSI,22,2026-07-01T12:57:25.598Z,2026-07-01T12:57:26.822Z,1.224,6,chunk_20260701-1230-MSI,chunk_20260701-1230-MSI,False,within_chunk,0,
ses_20260701-124636-MSI,23,2026-07-01T12:57:41.122Z,2026-07-01T12:58:03.343Z,22.221,7,chunk_20260701-1230-MSI,chunk_20260701-1230-MSI,False,within_chunk,0,
ses_20260701-124636-MSI,24,2026-07-01T12:58:18.150Z,2026-07-01T12:58:34.718Z,16.568,12,chunk_20260701-1230-MSI,chunk_20260701-1230-MSI,False,within_chunk,1,M1-C-3
ses_20260701-124636-MSI,25,2026-07-01T12:58:34.790Z,2026-07-01T12:59:13.747Z,38.957,92,chunk_20260701-1230-MSI,chunk_20260701-1230-MSI,False,within_chunk,1,M1-C-3
ses_20260701-124636-MSI,26,2026-07-01T12:59:17.777Z,2026-07-01T12:59:42.538Z,24.761,62,chunk_20260701-1230-MSI,chunk_20260701-1230-MSI,False,within_chunk,1,M1-E-3
ses_20260701-124636-MSI,27,2026-07-01T12:59:46.148Z,2026-07-01T13:00:20.034Z,33.886,73,chunk_20260701-1230-MSI,chunk_20260701-1300-MSI,True,continuation_across_chunk,2,M1-C-4
ses_20260701-124636-MSI,28,2026-07-01T13:00:20.036Z,2026-07-01T13:00:57.275Z,37.239,82,chunk_20260701-1300-MSI,chunk_20260701-1300-MSI,False,within_chunk,2,M1-M-2
ses_20260701-124636-MSI,29,2026-07-01T13:00:57.300Z,2026-07-01T13:01:31.847Z,34.547,109,chunk_20260701-1300-MSI,chunk_20260701-1300-MSI,False,within_chunk,1,M1-F-4
ses_20260701-124636-MSI,30,2026-07-01T13:01:32.309Z,2026-07-01T13:03:39.319Z,127.01,216,chunk_20260701-1300-MSI,chunk_20260701-1300-MSI,False,within_chunk,1,M1-D-3
ses_20260701-124636-MSI,31,2026-07-01T13:03:43.278Z,2026-07-01T13:04:18.086Z,34.808,128,chunk_20260701-1300-MSI,chunk_20260701-1300-MSI,False,within_chunk,1,M1-B-3
ses_20260701-124636-MSI,32,2026-07-01T13:04:18.129Z,2026-07-01T13:04:21.984Z,3.855,7,chunk_20260701-1300-MSI,chunk_20260701-1300-MSI,False,within_chunk,2,M1-B-3
ses_20260701-124636-MSI,33,2026-07-01T13:04:22.033Z,2026-07-01T13:04:46.839Z,24.806,86,chunk_20260701-1300-MSI,chunk_20260701-1300-MSI,False,within_chunk,2,M1-O-2
ses_20260701-124636-MSI,34,2026-07-01T13:04:46.864Z,2026-07-01T13:05:18.066Z,31.202,108,chunk_20260701-1300-MSI,chunk_20260701-1300-MSI,False,within_chunk,2,M1-B-4
ses_20260701-124636-MSI,35,2026-07-01T13:05:18.116Z,2026-07-01T13:05:52.212Z,34.096,88,chunk_20260701-1300-MSI,chunk_20260701-1300-MSI,False,within_chunk,2,M1-N-2
ses_20260701-124636-MSI,36,2026-07-01T13:05:52.223Z,2026-07-01T13:06:17.633Z,25.41,82,chunk_20260701-1300-MSI,chunk_20260701-1300-MSI,False,within_chunk,2,M1-F-5
ses_20260701-124636-MSI,37,2026-07-01T13:06:17.641Z,2026-07-01T13:06:49.487Z,31.846,97,chunk_20260701-1300-MSI,chunk_20260701-1300-MSI,False,within_chunk,1,M1-M-3
ses_20260701-124636-MSI,38,2026-07-01T13:06:53.598Z,2026-07-01T13:07:21.709Z,28.111,39,chunk_20260701-1300-MSI,chunk_20260701-1300-MSI,False,within_chunk,1,M1-N-3
ses_20260701-124636-MSI,39,2026-07-01T13:07:26.096Z,2026-07-01T13:07:46.652Z,20.556,70,chunk_20260701-1300-MSI,chunk_20260701-1300-MSI,False,within_chunk,1,M1-O-3
ses_20260701-124636-MSI,40,2026-07-01T13:07:50.872Z,2026-07-01T13:10:27.595Z,156.723,77,chunk_20260701-1300-MSI,chunk_20260701-1300-MSI,False,within_chunk,1,M1-M-4
ses_20260701-131015-SIDDHIGUPTAB00B,1,2026-07-01T13:10:15.664Z,2026-07-01T13:11:07.962Z,52.298,92,chunk_20260701-1300-SIDDHIGUPTAB00B,chunk_20260701-1300-SIDDHIGUPTAB00B,False,within_chunk,1,M1-A-1
ses_20260701-131015-SIDDHIGUPTAB00B,2,2026-07-01T13:11:09.318Z,2026-07-01T13:11:14.915Z,5.597,9,chunk_20260701-1300-SIDDHIGUPTAB00B,chunk_20260701-1300-SIDDHIGUPTAB00B,False,within_chunk,2,M1-A-1
ses_20260701-131015-SIDDHIGUPTAB00B,3,2026-07-01T13:11:14.935Z,2026-07-01T13:12:16.580Z,61.645,95,chunk_20260701-1300-SIDDHIGUPTAB00B,chunk_20260701-1300-SIDDHIGUPTAB00B,False,within_chunk,1,M1-N-1
ses_20260701-131015-SIDDHIGUPTAB00B,4,2026-07-01T13:12:16.582Z,2026-07-01T13:13:15.837Z,59.255,132,chunk_20260701-1300-SIDDHIGUPTAB00B,chunk_20260701-1300-SIDDHIGUPTAB00B,False,within_chunk,1,M1-J-2
ses_20260701-131015-SIDDHIGUPTAB00B,5,2026-07-01T13:13:34.766Z,2026-07-01T13:13:41.614Z,6.848,33,chunk_20260701-1300-SIDDHIGUPTAB00B,chunk_20260701-1300-SIDDHIGUPTAB00B,False,within_chunk,1,M1-J-2
ses_20260701-131015-SIDDHIGUPTAB00B,6,2026-07-01T13:14:06.709Z,2026-07-01T13:14:36.593Z,29.884,98,chunk_20260701-1300-SIDDHIGUPTAB00B,chunk_20260701-1300-SIDDHIGUPTAB00B,False,within_chunk,3,M1-K-1
ses_20260701-131015-SIDDHIGUPTAB00B,7,2026-07-01T13:14:36.621Z,2026-07-01T13:15:20.806Z,44.185,108,chunk_20260701-1300-SIDDHIGUPTAB00B,chunk_20260701-1300-SIDDHIGUPTAB00B,False,within_chunk,2,M1-C-1
ses_20260701-131015-SIDDHIGUPTAB00B,8,2026-07-01T13:15:20.848Z,2026-07-01T13:16:13.005Z,52.157,89,chunk_20260701-1300-SIDDHIGUPTAB00B,chunk_20260701-1300-SIDDHIGUPTAB00B,False,within_chunk,2,M1-N-2
ses_20260701-131015-SIDDHIGUPTAB00B,9,2026-07-01T13:16:13.030Z,2026-07-01T13:18:04.310Z,111.28,90,chunk_20260701-1300-SIDDHIGUPTAB00B,chunk_20260701-1300-SIDDHIGUPTAB00B,False,within_chunk,1,M1-C-2
ses_20260701-131015-SIDDHIGUPTAB00B,10,2026-07-01T13:18:04.693Z,2026-07-01T13:18:34.796Z,30.103,113,chunk_20260701-1300-SIDDHIGUPTAB00B,chunk_20260701-1300-SIDDHIGUPTAB00B,False,within_chunk,2,M1-K-2
ses_20260701-131015-SIDDHIGUPTAB00B,11,2026-07-01T13:18:34.887Z,2026-07-01T13:18:59.569Z,24.682,78,chunk_20260701-1300-SIDDHIGUPTAB00B,chunk_20260701-1300-SIDDHIGUPTAB00B,False,within_chunk,2,M1-G-1
ses_20260701-131015-SIDDHIGUPTAB00B,12,2026-07-01T13:18:59.632Z,2026-07-01T13:19:59.523Z,59.891,172,chunk_20260701-1300-SIDDHIGUPTAB00B,chunk_20260701-1300-SIDDHIGUPTAB00B,False,within_chunk,3,M1-C-3
ses_20260701-131015-SIDDHIGUPTAB00B,13,2026-07-01T13:19:59.547Z,2026-07-01T13:20:38.792Z,39.245,102,chunk_20260701-1300-SIDDHIGUPTAB00B,chunk_20260701-1300-SIDDHIGUPTAB00B,False,within_chunk,1,M1-M-1
ses_20260701-131015-SIDDHIGUPTAB00B,14,2026-07-01T13:20:39.162Z,2026-07-01T13:20:39.284Z,0.122,4,chunk_20260701-1300-SIDDHIGUPTAB00B,chunk_20260701-1300-SIDDHIGUPTAB00B,False,within_chunk,1,M1-G-3
ses_20260701-131015-SIDDHIGUPTAB00B,15,2026-07-01T13:20:39.337Z,2026-07-01T13:21:00.127Z,20.79,65,chunk_20260701-1300-SIDDHIGUPTAB00B,chunk_20260701-1300-SIDDHIGUPTAB00B,False,within_chunk,1,M1-G-3
ses_20260701-131015-SIDDHIGUPTAB00B,16,2026-07-01T13:21:00.648Z,2026-07-01T13:21:19.276Z,18.628,69,chunk_20260701-1300-SIDDHIGUPTAB00B,chunk_20260701-1300-SIDDHIGUPTAB00B,False,within_chunk,1,M1-B-1
ses_20260701-131015-SIDDHIGUPTAB00B,17,2026-07-01T13:22:00.969Z,2026-07-01T13:22:28.140Z,27.171,50,chunk_20260701-1300-SIDDHIGUPTAB00B,chunk_20260701-1300-SIDDHIGUPTAB00B,False,within_chunk,1,M1-C-4
ses_20260701-131015-SIDDHIGUPTAB00B,18,2026-07-01T13:22:31.089Z,2026-07-01T13:22:31.653Z,0.564,6,chunk_20260701-1300-SIDDHIGUPTAB00B,chunk_20260701-1300-SIDDHIGUPTAB00B,False,within_chunk,2,M1-G-4
ses_20260701-131015-SIDDHIGUPTAB00B,19,2026-07-01T13:22:31.661Z,2026-07-01T13:22:56.874Z,25.213,98,chunk_20260701-1300-SIDDHIGUPTAB00B,chunk_20260701-1300-SIDDHIGUPTAB00B,False,within_chunk,2,M1-G-4
ses_20260701-131015-SIDDHIGUPTAB00B,20,2026-07-01T13:22:56.877Z,2026-07-01T13:23:49.107Z,52.23,93,chunk_20260701-1300-SIDDHIGUPTAB00B,chunk_20260701-1300-SIDDHIGUPTAB00B,False,within_chunk,2,M1-N-3
ses_20260701-131015-SIDDHIGUPTAB00B,21,2026-07-01T13:23:49.216Z,2026-07-01T13:24:32.905Z,43.689,77,chunk_20260701-1300-SIDDHIGUPTAB00B,chunk_20260701-1300-SIDDHIGUPTAB00B,False,within_chunk,1,M1-B-2
ses_20260701-131015-SIDDHIGUPTAB00B,22,2026-07-01T13:25:01.622Z,2026-07-01T13:25:01.678Z,0.056,6,chunk_20260701-1300-SIDDHIGUPTAB00B,chunk_20260701-1300-SIDDHIGUPTAB00B,False,within_chunk,0,
ses_20260701-131015-SIDDHIGUPTAB00B,23,2026-07-01T13:25:01.729Z,2026-07-01T13:26:15.028Z,73.299,160,chunk_20260701-1300-SIDDHIGUPTAB00B,chunk_20260701-1300-SIDDHIGUPTAB00B,False,within_chunk,2,M1-M-3
ses_20260701-131015-SIDDHIGUPTAB00B,24,2026-07-01T13:26:15.064Z,2026-07-01T13:26:43.967Z,28.903,95,chunk_20260701-1300-SIDDHIGUPTAB00B,chunk_20260701-1300-SIDDHIGUPTAB00B,False,within_chunk,2,M1-A-2
ses_20260701-131015-SIDDHIGUPTAB00B,25,2026-07-01T13:26:43.969Z,2026-07-01T13:27:10.426Z,26.457,99,chunk_20260701-1300-SIDDHIGUPTAB00B,chunk_20260701-1300-SIDDHIGUPTAB00B,False,within_chunk,1,M1-K-3
ses_20260701-131015-SIDDHIGUPTAB00B,26,2026-07-01T13:27:10.820Z,2026-07-01T13:27:10.928Z,0.108,4,chunk_20260701-1300-SIDDHIGUPTAB00B,chunk_20260701-1300-SIDDHIGUPTAB00B,False,within_chunk,1,M1-A-3
ses_20260701-131015-SIDDHIGUPTAB00B,27,2026-07-01T13:27:10.974Z,2026-07-01T13:27:37.026Z,26.052,83,chunk_20260701-1300-SIDDHIGUPTAB00B,chunk_20260701-1300-SIDDHIGUPTAB00B,False,within_chunk,1,M1-A-3
ses_20260701-131015-SIDDHIGUPTAB00B,28,2026-07-01T13:27:40.708Z,2026-07-01T13:27:55.657Z,14.949,37,chunk_20260701-1300-SIDDHIGUPTAB00B,chunk_20260701-1300-SIDDHIGUPTAB00B,False,within_chunk,1,M1-B-3
ses_20260701-131015-SIDDHIGUPTAB00B,29,2026-07-01T13:28:26.176Z,2026-07-01T13:28:41.048Z,14.872,8,chunk_20260701-1300-SIDDHIGUPTAB00B,chunk_20260701-1300-SIDDHIGUPTAB00B,False,within_chunk,1,M1-B-3
ses_20260701-131015-SIDDHIGUPTAB00B,30,2026-07-01T13:28:44.095Z,2026-07-01T13:29:43.014Z,58.919,146,chunk_20260701-1300-SIDDHIGUPTAB00B,chunk_20260701-1300-SIDDHIGUPTAB00B,False,within_chunk,2,M1-K-4
ses_20260701-131015-SIDDHIGUPTAB00B,31,2026-07-01T13:29:43.418Z,2026-07-01T13:29:43.602Z,0.184,6,chunk_20260701-1300-SIDDHIGUPTAB00B,chunk_20260701-1300-SIDDHIGUPTAB00B,False,within_chunk,1,M1-H-1
ses_20260701-131015-SIDDHIGUPTAB00B,32,2026-07-01T13:29:43.616Z,2026-07-01T13:30:09.980Z,26.364,102,chunk_20260701-1300-SIDDHIGUPTAB00B,chunk_20260701-1330-SIDDHIGUPTAB00B,True,continuation_across_chunk,1,M1-H-1
ses_20260701-131015-SIDDHIGUPTAB00B,33,2026-07-01T13:30:13.711Z,2026-07-01T13:30:32.819Z,19.108,53,chunk_20260701-1330-SIDDHIGUPTAB00B,chunk_20260701-1330-SIDDHIGUPTAB00B,False,within_chunk,1,M1-J-3
ses_20260701-131015-SIDDHIGUPTAB00B,34,2026-07-01T13:30:51.269Z,2026-07-01T13:31:29.807Z,38.538,22,chunk_20260701-1330-SIDDHIGUPTAB00B,chunk_20260701-1330-SIDDHIGUPTAB00B,False,within_chunk,2,M1-J-3
ses_20260701-131015-SIDDHIGUPTAB00B,35,2026-07-01T13:34:27.880Z,2026-07-01T13:34:57.852Z,29.972,63,chunk_20260701-1330-SIDDHIGUPTAB00B,chunk_20260701-1330-SIDDHIGUPTAB00B,False,within_chunk,1,M1-B-4
ses_20260701-131015-SIDDHIGUPTAB00B,36,2026-07-01T13:35:14.623Z,2026-07-01T13:36:49.910Z,95.287,241,chunk_20260701-1330-SIDDHIGUPTAB00B,chunk_20260701-1330-SIDDHIGUPTAB00B,False,within_chunk,2,M1-H-4
ses_20260701-131247-MSI,1,2026-07-01T13:12:47.847Z,2026-07-01T13:13:16.950Z,29.103,81,chunk_20260701-1300-MSI,chunk_20260701-1300-MSI,False,within_chunk,0,
ses_20260701-131247-MSI,2,2026-07-01T13:14:13.188Z,2026-07-01T13:14:47.980Z,34.792,85,chunk_20260701-1300-MSI,chunk_20260701-1300-MSI,False,within_chunk,2,M1-C-1
ses_20260701-131247-MSI,3,2026-07-01T13:14:48.004Z,2026-07-01T13:15:26.371Z,38.367,90,chunk_20260701-1300-MSI,chunk_20260701-1300-MSI,False,within_chunk,1,M1-N-1
ses_20260701-131247-MSI,4,2026-07-01T13:15:33.319Z,2026-07-01T13:16:00.968Z,27.649,91,chunk_20260701-1300-MSI,chunk_20260701-1300-MSI,False,within_chunk,3,M1-F-1
ses_20260701-131247-MSI,5,2026-07-01T13:16:01.022Z,2026-07-01T13:16:23.009Z,21.987,72,chunk_20260701-1300-MSI,chunk_20260701-1300-MSI,False,within_chunk,1,M1-B-1
ses_20260701-131247-MSI,6,2026-07-01T13:16:27.716Z,2026-07-01T13:16:34.718Z,7.002,13,chunk_20260701-1300-MSI,chunk_20260701-1300-MSI,False,within_chunk,1,M1-D-1
ses_20260701-131247-MSI,7,2026-07-01T13:16:55.468Z,2026-07-01T13:17:07.237Z,11.769,51,chunk_20260701-1300-MSI,chunk_20260701-1300-MSI,False,within_chunk,2,M1-D-1
ses_20260701-131247-MSI,8,2026-07-01T13:17:07.300Z,2026-07-01T13:17:54.629Z,47.329,86,chunk_20260701-1300-MSI,chunk_20260701-1300-MSI,False,within_chunk,1,M1-N-2
ses_20260701-131247-MSI,9,2026-07-01T13:17:55.168Z,2026-07-01T13:17:55.279Z,0.111,4,chunk_20260701-1300-MSI,chunk_20260701-1300-MSI,False,within_chunk,1,M1-A-1
ses_20260701-131247-MSI,10,2026-07-01T13:17:55.331Z,2026-07-01T13:18:20.479Z,25.148,81,chunk_20260701-1300-MSI,chunk_20260701-1300-MSI,False,within_chunk,2,M1-A-1
ses_20260701-131247-MSI,11,2026-07-01T13:18:20.511Z,2026-07-01T13:19:00.446Z,39.935,98,chunk_20260701-1300-MSI,chunk_20260701-1300-MSI,False,within_chunk,2,M1-M-1
ses_20260701-131247-MSI,12,2026-07-01T13:19:00.478Z,2026-07-01T13:19:29.523Z,29.045,90,chunk_20260701-1300-MSI,chunk_20260701-1300-MSI,False,within_chunk,2,M1-A-2
ses_20260701-131247-MSI,13,2026-07-01T13:19:29.538Z,2026-07-01T13:19:54.106Z,24.568,99,chunk_20260701-1300-MSI,chunk_20260701-1300-MSI,False,within_chunk,2,M1-F-2
ses_20260701-131247-MSI,14,2026-07-01T13:19:54.145Z,2026-07-01T13:20:21.630Z,27.485,85,chunk_20260701-1300-MSI,chunk_20260701-1300-MSI,False,within_chunk,1,M1-A-3
ses_20260701-131247-MSI,15,2026-07-01T13:20:26.270Z,2026-07-01T13:20:44.121Z,17.851,47,chunk_20260701-1300-MSI,chunk_20260701-1300-MSI,False,within_chunk,1,M1-B-2
ses_20260701-131247-MSI,16,2026-07-01T13:20:47.588Z,2026-07-01T13:21:48.198Z,60.61,140,chunk_20260701-1300-MSI,chunk_20260701-1300-MSI,False,within_chunk,3,M1-A-4
ses_20260701-131247-MSI,17,2026-07-01T13:21:48.199Z,2026-07-01T13:23:02.125Z,73.926,139,chunk_20260701-1300-MSI,chunk_20260701-1300-MSI,False,within_chunk,3,M1-M-2
ses_20260701-131247-MSI,18,2026-07-01T13:23:02.164Z,2026-07-01T13:23:23.086Z,20.922,68,chunk_20260701-1300-MSI,chunk_20260701-1300-MSI,False,within_chunk,2,M1-B-3
ses_20260701-131247-MSI,19,2026-07-01T13:23:23.121Z,2026-07-01T13:23:47.591Z,24.47,83,chunk_20260701-1300-MSI,chunk_20260701-1300-MSI,False,within_chunk,2,M1-F-3
ses_20260701-131247-MSI,20,2026-07-01T13:23:47.606Z,2026-07-01T13:24:49.391Z,61.785,221,chunk_20260701-1300-MSI,chunk_20260701-1300-MSI,False,within_chunk,1,M1-O-1
ses_20260701-131247-MSI,21,2026-07-01T13:24:49.840Z,2026-07-01T13:25:14.658Z,24.818,87,chunk_20260701-1300-MSI,chunk_20260701-1300-MSI,False,within_chunk,1,M1-E-1
ses_20260701-131247-MSI,22,2026-07-01T13:25:14.685Z,2026-07-01T13:26:11.140Z,56.455,167,chunk_20260701-1300-MSI,chunk_20260701-1300-MSI,False,within_chunk,2,M1-F-5
ses_20260701-131247-MSI,23,2026-07-01T13:26:11.157Z,2026-07-01T13:26:37.872Z,26.715,103,chunk_20260701-1300-MSI,chunk_20260701-1300-MSI,False,within_chunk,2,M1-B-4
ses_20260701-131247-MSI,24,2026-07-01T13:26:37.881Z,2026-07-01T13:27:06.595Z,28.714,90,chunk_20260701-1300-MSI,chunk_20260701-1300-MSI,False,within_chunk,2,M1-O-2
ses_20260701-131247-MSI,25,2026-07-01T13:27:06.616Z,2026-07-01T13:27:39.744Z,33.128,100,chunk_20260701-1300-MSI,chunk_20260701-1300-MSI,False,within_chunk,1,M1-C-2
ses_20260701-131247-MSI,26,2026-07-01T13:27:54.647Z,2026-07-01T13:28:23.643Z,28.996,95,chunk_20260701-1300-MSI,chunk_20260701-1300-MSI,False,within_chunk,2,M1-O-3
ses_20260701-131247-MSI,27,2026-07-01T13:28:27.880Z,2026-07-01T13:29:04.351Z,36.471,72,chunk_20260701-1300-MSI,chunk_20260701-1300-MSI,False,within_chunk,2,M1-M-3
ses_20260701-131247-MSI,28,2026-07-01T13:29:04.380Z,2026-07-01T13:29:41.055Z,36.675,79,chunk_20260701-1300-MSI,chunk_20260701-1300-MSI,False,within_chunk,2,M1-C-3
ses_20260701-131247-MSI,29,2026-07-01T13:29:41.091Z,2026-07-01T13:30:16.311Z,35.22,95,chunk_20260701-1300-MSI,chunk_20260701-1330-MSI,True,continuation_across_chunk,1,M1-M-4
ses_20260701-131247-MSI,30,2026-07-01T13:30:41.903Z,2026-07-01T13:30:43.228Z,1.325,6,chunk_20260701-1330-MSI,chunk_20260701-1330-MSI,False,within_chunk,1,M1-M-4
ses_20260701-131247-MSI,31,2026-07-01T13:30:54.724Z,2026-07-01T13:31:10.903Z,16.179,7,chunk_20260701-1330-MSI,chunk_20260701-1330-MSI,False,within_chunk,1,M1-M-4
ses_20260701-131247-MSI,32,2026-07-01T13:31:30.737Z,2026-07-01T13:32:08.847Z,38.11,94,chunk_20260701-1330-MSI,chunk_20260701-1330-MSI,False,within_chunk,2,M1-D-3
ses_20260701-131247-MSI,33,2026-07-01T13:32:13.000Z,2026-07-01T13:32:48.030Z,35.03,52,chunk_20260701-1330-MSI,chunk_20260701-1330-MSI,False,within_chunk,1,M1-C-4
ses_20260701-131247-MSI,34,2026-07-01T13:32:51.920Z,2026-07-01T13:34:52.951Z,121.031,158,chunk_20260701-1330-MSI,chunk_20260701-1330-MSI,False,within_chunk,1,M1-E-3
ses_20260701-134215-SIDDHIGUPTAB00B,1,2026-07-01T13:42:15.810Z,2026-07-01T13:43:17.413Z,61.603,78,chunk_20260701-1330-SIDDHIGUPTAB00B,chunk_20260701-1330-SIDDHIGUPTAB00B,False,within_chunk,1,M1-M-1
ses_20260701-134215-SIDDHIGUPTAB00B,2,2026-07-01T13:43:21.312Z,2026-07-01T13:43:40.861Z,19.549,71,chunk_20260701-1330-SIDDHIGUPTAB00B,chunk_20260701-1330-SIDDHIGUPTAB00B,False,within_chunk,1,M1-K-1
ses_20260701-134215-SIDDHIGUPTAB00B,3,2026-07-01T13:43:44.712Z,2026-07-01T13:43:44.803Z,0.091,5,chunk_20260701-1330-SIDDHIGUPTAB00B,chunk_20260701-1330-SIDDHIGUPTAB00B,False,within_chunk,1,M1-F-1
ses_20260701-134215-SIDDHIGUPTAB00B,4,2026-07-01T13:43:44.805Z,2026-07-01T13:44:12.601Z,27.796,85,chunk_20260701-1330-SIDDHIGUPTAB00B,chunk_20260701-1330-SIDDHIGUPTAB00B,False,within_chunk,1,M1-F-1
ses_20260701-134215-SIDDHIGUPTAB00B,5,2026-07-01T13:44:13.373Z,2026-07-01T13:44:13.468Z,0.095,5,chunk_20260701-1330-SIDDHIGUPTAB00B,chunk_20260701-1330-SIDDHIGUPTAB00B,False,within_chunk,0,
ses_20260701-134215-SIDDHIGUPTAB00B,6,2026-07-01T13:44:13.469Z,2026-07-01T13:45:01.969Z,48.5,120,chunk_20260701-1330-SIDDHIGUPTAB00B,chunk_20260701-1330-SIDDHIGUPTAB00B,False,within_chunk,2,M1-B-2
ses_20260701-134215-SIDDHIGUPTAB00B,7,2026-07-01T13:45:02.031Z,2026-07-01T13:45:32.611Z,30.58,108,chunk_20260701-1330-SIDDHIGUPTAB00B,chunk_20260701-1330-SIDDHIGUPTAB00B,False,within_chunk,2,M1-H-1
ses_20260701-134215-SIDDHIGUPTAB00B,8,2026-07-01T13:45:32.655Z,2026-07-01T13:46:10.726Z,38.071,75,chunk_20260701-1330-SIDDHIGUPTAB00B,chunk_20260701-1330-SIDDHIGUPTAB00B,False,within_chunk,1,M1-M-2
ses_20260701-134215-SIDDHIGUPTAB00B,9,2026-07-01T13:46:36.447Z,2026-07-01T13:46:55.746Z,19.299,47,chunk_20260701-1330-SIDDHIGUPTAB00B,chunk_20260701-1330-SIDDHIGUPTAB00B,False,within_chunk,1,M1-L-1
ses_20260701-134215-SIDDHIGUPTAB00B,10,2026-07-01T13:47:33.899Z,2026-07-01T13:47:54.645Z,20.746,8,chunk_20260701-1330-SIDDHIGUPTAB00B,chunk_20260701-1330-SIDDHIGUPTAB00B,False,within_chunk,1,M1-L-1
ses_20260701-134215-SIDDHIGUPTAB00B,11,2026-07-01T13:50:41.710Z,2026-07-01T13:51:07.841Z,26.131,73,chunk_20260701-1330-SIDDHIGUPTAB00B,chunk_20260701-1330-SIDDHIGUPTAB00B,False,within_chunk,3,M1-K-2
ses_20260701-134215-SIDDHIGUPTAB00B,12,2026-07-01T13:51:07.906Z,2026-07-01T13:51:29.341Z,21.435,65,chunk_20260701-1330-SIDDHIGUPTAB00B,chunk_20260701-1330-SIDDHIGUPTAB00B,False,within_chunk,1,M1-B-3
ses_20260701-134215-SIDDHIGUPTAB00B,13,2026-07-01T13:51:29.342Z,2026-07-01T13:51:29.979Z,0.637,11,chunk_20260701-1330-SIDDHIGUPTAB00B,chunk_20260701-1330-SIDDHIGUPTAB00B,False,within_chunk,0,
ses_20260701-134215-SIDDHIGUPTAB00B,14,2026-07-01T13:51:30.624Z,2026-07-01T13:51:47.929Z,17.305,53,chunk_20260701-1330-SIDDHIGUPTAB00B,chunk_20260701-1330-SIDDHIGUPTAB00B,False,within_chunk,0,
ses_20260701-134215-SIDDHIGUPTAB00B,15,2026-07-01T13:51:54.751Z,2026-07-01T13:52:11.328Z,16.577,44,chunk_20260701-1330-SIDDHIGUPTAB00B,chunk_20260701-1330-SIDDHIGUPTAB00B,False,within_chunk,1,M1-G-2
ses_20260701-134215-SIDDHIGUPTAB00B,16,2026-07-01T13:52:14.754Z,2026-07-01T13:52:54.076Z,39.322,60,chunk_20260701-1330-SIDDHIGUPTAB00B,chunk_20260701-1330-SIDDHIGUPTAB00B,False,within_chunk,1,M1-J-1
ses_20260701-134215-SIDDHIGUPTAB00B,17,2026-07-01T13:53:12.733Z,2026-07-01T13:53:15.494Z,2.761,6,chunk_20260701-1330-SIDDHIGUPTAB00B,chunk_20260701-1330-SIDDHIGUPTAB00B,False,within_chunk,1,M1-J-1
ses_20260701-134215-SIDDHIGUPTAB00B,18,2026-07-01T13:53:15.511Z,2026-07-01T13:55:00.267Z,104.756,313,chunk_20260701-1330-SIDDHIGUPTAB00B,chunk_20260701-1330-SIDDHIGUPTAB00B,False,within_chunk,2,M1-K-4
ses_20260701-134215-SIDDHIGUPTAB00B,19,2026-07-01T13:55:13.761Z,2026-07-01T13:55:13.896Z,0.135,5,chunk_20260701-1330-SIDDHIGUPTAB00B,chunk_20260701-1330-SIDDHIGUPTAB00B,False,within_chunk,0,
ses_20260701-134215-SIDDHIGUPTAB00B,20,2026-07-01T13:55:30.415Z,2026-07-01T13:55:50.957Z,20.542,48,chunk_20260701-1330-SIDDHIGUPTAB00B,chunk_20260701-1330-SIDDHIGUPTAB00B,False,within_chunk,1,M1-I-1
ses_20260701-134215-SIDDHIGUPTAB00B,21,2026-07-01T13:56:11.111Z,2026-07-01T13:56:24.864Z,13.753,9,chunk_20260701-1330-SIDDHIGUPTAB00B,chunk_20260701-1330-SIDDHIGUPTAB00B,False,within_chunk,1,M1-I-1
ses_20260701-134215-SIDDHIGUPTAB00B,22,2026-07-01T13:56:38.045Z,2026-07-01T13:56:46.948Z,8.903,45,chunk_20260701-1330-SIDDHIGUPTAB00B,chunk_20260701-1330-SIDDHIGUPTAB00B,False,within_chunk,1,M1-I-1
ses_20260701-134215-SIDDHIGUPTAB00B,23,2026-07-01T13:56:50.818Z,2026-07-01T13:58:05.905Z,75.087,159,chunk_20260701-1330-SIDDHIGUPTAB00B,chunk_20260701-1330-SIDDHIGUPTAB00B,False,within_chunk,2,M1-H-2
ses_20260701-134215-SIDDHIGUPTAB00B,24,2026-07-01T13:58:25.818Z,2026-07-01T13:58:27.485Z,1.667,8,chunk_20260701-1330-SIDDHIGUPTAB00B,chunk_20260701-1330-SIDDHIGUPTAB00B,False,within_chunk,0,
ses_20260701-134215-SIDDHIGUPTAB00B,25,2026-07-01T13:58:55.438Z,2026-07-01T13:59:27.436Z,31.998,65,chunk_20260701-1330-SIDDHIGUPTAB00B,chunk_20260701-1330-SIDDHIGUPTAB00B,False,within_chunk,1,M1-I-3
ses_20260701-134215-SIDDHIGUPTAB00B,26,2026-07-01T13:59:27.545Z,2026-07-01T13:59:29.442Z,1.897,5,chunk_20260701-1330-SIDDHIGUPTAB00B,chunk_20260701-1330-SIDDHIGUPTAB00B,False,within_chunk,1,M1-I-3
ses_20260701-134215-SIDDHIGUPTAB00B,27,2026-07-01T13:59:49.313Z,2026-07-01T13:59:50.804Z,1.491,8,chunk_20260701-1330-SIDDHIGUPTAB00B,chunk_20260701-1330-SIDDHIGUPTAB00B,False,within_chunk,1,M1-I-3
ses_20260701-134215-SIDDHIGUPTAB00B,28,2026-07-01T14:00:10.126Z,2026-07-01T14:00:36.542Z,26.416,53,chunk_20260701-1400-SIDDHIGUPTAB00B,chunk_20260701-1400-SIDDHIGUPTAB00B,False,within_chunk,2,M1-I-3
ses_20260701-134215-SIDDHIGUPTAB00B,29,2026-07-01T14:00:36.549Z,2026-07-01T14:01:15.795Z,39.246,98,chunk_20260701-1400-SIDDHIGUPTAB00B,chunk_20260701-1400-SIDDHIGUPTAB00B,False,within_chunk,1,M1-C-1
ses_20260701-134215-SIDDHIGUPTAB00B,30,2026-07-01T14:01:16.273Z,2026-07-01T14:01:16.409Z,0.136,4,chunk_20260701-1400-SIDDHIGUPTAB00B,chunk_20260701-1400-SIDDHIGUPTAB00B,False,within_chunk,1,M1-J-2
ses_20260701-134215-SIDDHIGUPTAB00B,31,2026-07-01T14:01:16.426Z,2026-07-01T14:02:12.601Z,56.175,203,chunk_20260701-1400-SIDDHIGUPTAB00B,chunk_20260701-1400-SIDDHIGUPTAB00B,False,within_chunk,1,M1-J-2
ses_20260701-134215-SIDDHIGUPTAB00B,32,2026-07-01T14:02:12.677Z,2026-07-01T14:02:38.259Z,25.582,61,chunk_20260701-1400-SIDDHIGUPTAB00B,chunk_20260701-1400-SIDDHIGUPTAB00B,False,within_chunk,3,M1-F-3
ses_20260701-134215-SIDDHIGUPTAB00B,33,2026-07-01T14:02:38.341Z,2026-07-01T14:03:12.302Z,33.961,92,chunk_20260701-1400-SIDDHIGUPTAB00B,chunk_20260701-1400-SIDDHIGUPTAB00B,False,within_chunk,2,M1-C-2
ses_20260701-134215-SIDDHIGUPTAB00B,34,2026-07-01T14:03:12.319Z,2026-07-01T14:03:28.954Z,16.635,65,chunk_20260701-1400-SIDDHIGUPTAB00B,chunk_20260701-1400-SIDDHIGUPTAB00B,False,within_chunk,1,M1-G-3
ses_20260701-134215-SIDDHIGUPTAB00B,35,2026-07-01T14:03:33.195Z,2026-07-01T14:03:56.910Z,23.715,58,chunk_20260701-1400-SIDDHIGUPTAB00B,chunk_20260701-1400-SIDDHIGUPTAB00B,False,within_chunk,2,M1-H-3
ses_20260701-134215-SIDDHIGUPTAB00B,36,2026-07-01T14:03:56.933Z,2026-07-01T14:04:38.377Z,41.444,100,chunk_20260701-1400-SIDDHIGUPTAB00B,chunk_20260701-1400-SIDDHIGUPTAB00B,False,within_chunk,2,M1-M-3
ses_20260701-134215-SIDDHIGUPTAB00B,37,2026-07-01T14:04:38.382Z,2026-07-01T14:05:19.178Z,40.796,77,chunk_20260701-1400-SIDDHIGUPTAB00B,chunk_20260701-1400-SIDDHIGUPTAB00B,False,within_chunk,1,M1-C-3
ses_20260701-134215-SIDDHIGUPTAB00B,38,2026-07-01T14:05:19.571Z,2026-07-01T14:05:19.696Z,0.125,5,chunk_20260701-1400-SIDDHIGUPTAB00B,chunk_20260701-1400-SIDDHIGUPTAB00B,False,within_chunk,1,M1-L-3
ses_20260701-134215-SIDDHIGUPTAB00B,39,2026-07-01T14:05:19.713Z,2026-07-01T14:05:42.363Z,22.65,73,chunk_20260701-1400-SIDDHIGUPTAB00B,chunk_20260701-1400-SIDDHIGUPTAB00B,False,within_chunk,1,M1-L-3
ses_20260701-134215-SIDDHIGUPTAB00B,40,2026-07-01T14:06:07.233Z,2026-07-01T14:06:29.264Z,22.031,100,chunk_20260701-1400-SIDDHIGUPTAB00B,chunk_20260701-1400-SIDDHIGUPTAB00B,False,within_chunk,2,M1-F-4
ses_20260701-134215-SIDDHIGUPTAB00B,41,2026-07-01T14:06:33.227Z,2026-07-01T14:07:28.392Z,55.165,139,chunk_20260701-1400-SIDDHIGUPTAB00B,chunk_20260701-1400-SIDDHIGUPTAB00B,False,within_chunk,3,M1-J-3
ses_20260701-134215-SIDDHIGUPTAB00B,42,2026-07-01T14:07:28.403Z,2026-07-01T14:08:03.265Z,34.862,76,chunk_20260701-1400-SIDDHIGUPTAB00B,chunk_20260701-1400-SIDDHIGUPTAB00B,False,within_chunk,2,M1-M-4
ses_20260701-134215-SIDDHIGUPTAB00B,43,2026-07-01T14:08:03.298Z,2026-07-01T14:08:46.635Z,43.337,109,chunk_20260701-1400-SIDDHIGUPTAB00B,chunk_20260701-1400-SIDDHIGUPTAB00B,False,within_chunk,1,M1-F-5
ses_20260701-141430-SIDDHIGUPTAB00B,1,2026-07-01T14:14:30.282Z,2026-07-01T14:15:29.916Z,59.634,101,chunk_20260701-1400-SIDDHIGUPTAB00B,chunk_20260701-1400-SIDDHIGUPTAB00B,False,within_chunk,1,M1-A-1
ses_20260701-141430-SIDDHIGUPTAB00B,2,2026-07-01T14:15:29.934Z,2026-07-01T14:15:52.796Z,22.862,92,chunk_20260701-1400-SIDDHIGUPTAB00B,chunk_20260701-1400-SIDDHIGUPTAB00B,False,within_chunk,0,
ses_20260701-141430-SIDDHIGUPTAB00B,3,2026-07-01T14:16:41.713Z,2026-07-01T14:18:08.661Z,86.948,166,chunk_20260701-1400-SIDDHIGUPTAB00B,chunk_20260701-1400-SIDDHIGUPTAB00B,False,within_chunk,1,M1-K-2
ses_20260701-141430-SIDDHIGUPTAB00B,4,2026-07-01T14:18:09.169Z,2026-07-01T14:18:09.255Z,0.086,4,chunk_20260701-1400-SIDDHIGUPTAB00B,chunk_20260701-1400-SIDDHIGUPTAB00B,False,within_chunk,0,
ses_20260701-141430-SIDDHIGUPTAB00B,5,2026-07-01T14:18:09.261Z,2026-07-01T14:18:48.754Z,39.493,109,chunk_20260701-1400-SIDDHIGUPTAB00B,chunk_20260701-1400-SIDDHIGUPTAB00B,False,within_chunk,1,M1-B-2
ses_20260701-141430-SIDDHIGUPTAB00B,6,2026-07-01T14:18:51.494Z,2026-07-01T14:18:52.462Z,0.968,9,chunk_20260701-1400-SIDDHIGUPTAB00B,chunk_20260701-1400-SIDDHIGUPTAB00B,False,within_chunk,2,M1-N-1
ses_20260701-141430-SIDDHIGUPTAB00B,7,2026-07-01T14:18:52.553Z,2026-07-01T14:20:00.604Z,68.051,165,chunk_20260701-1400-SIDDHIGUPTAB00B,chunk_20260701-1400-SIDDHIGUPTAB00B,False,within_chunk,1,M1-N-1
ses_20260701-141430-SIDDHIGUPTAB00B,8,2026-07-01T14:20:01.114Z,2026-07-01T14:20:01.185Z,0.071,4,chunk_20260701-1400-SIDDHIGUPTAB00B,chunk_20260701-1400-SIDDHIGUPTAB00B,False,within_chunk,1,M1-A-2
ses_20260701-141430-SIDDHIGUPTAB00B,9,2026-07-01T14:20:01.194Z,2026-07-01T14:20:30.071Z,28.877,89,chunk_20260701-1400-SIDDHIGUPTAB00B,chunk_20260701-1400-SIDDHIGUPTAB00B,False,within_chunk,1,M1-A-2
ses_20260701-141430-SIDDHIGUPTAB00B,10,2026-07-01T14:20:30.505Z,2026-07-01T14:21:12.005Z,41.5,120,chunk_20260701-1400-SIDDHIGUPTAB00B,chunk_20260701-1400-SIDDHIGUPTAB00B,False,within_chunk,1,M1-G-2
ses_20260701-141430-SIDDHIGUPTAB00B,11,2026-07-01T14:21:15.824Z,2026-07-01T14:21:53.190Z,37.366,172,chunk_20260701-1400-SIDDHIGUPTAB00B,chunk_20260701-1400-SIDDHIGUPTAB00B,False,within_chunk,1,M1-H-1
ses_20260701-141430-SIDDHIGUPTAB00B,12,2026-07-01T14:21:54.575Z,2026-07-01T14:21:55.205Z,0.63,6,chunk_20260701-1400-SIDDHIGUPTAB00B,chunk_20260701-1400-SIDDHIGUPTAB00B,False,within_chunk,2,M1-B-3
ses_20260701-141430-SIDDHIGUPTAB00B,13,2026-07-01T14:21:55.230Z,2026-07-01T14:23:46.446Z,111.216,173,chunk_20260701-1400-SIDDHIGUPTAB00B,chunk_20260701-1400-SIDDHIGUPTAB00B,False,within_chunk,2,M1-K-3
ses_20260701-141430-SIDDHIGUPTAB00B,14,2026-07-01T14:24:30.892Z,2026-07-01T14:24:31.607Z,0.715,6,chunk_20260701-1400-SIDDHIGUPTAB00B,chunk_20260701-1400-SIDDHIGUPTAB00B,False,within_chunk,2,M1-G-3
ses_20260701-141430-SIDDHIGUPTAB00B,15,2026-07-01T14:24:31.649Z,2026-07-01T14:24:51.038Z,19.389,64,chunk_20260701-1400-SIDDHIGUPTAB00B,chunk_20260701-1400-SIDDHIGUPTAB00B,False,within_chunk,1,M1-G-3
ses_20260701-141430-SIDDHIGUPTAB00B,16,2026-07-01T14:24:51.543Z,2026-07-01T14:25:17.712Z,26.169,110,chunk_20260701-1400-SIDDHIGUPTAB00B,chunk_20260701-1400-SIDDHIGUPTAB00B,False,within_chunk,1,M1-A-3
ses_20260701-141430-SIDDHIGUPTAB00B,17,2026-07-01T14:25:47.561Z,2026-07-01T14:25:48.178Z,0.617,6,chunk_20260701-1400-SIDDHIGUPTAB00B,chunk_20260701-1400-SIDDHIGUPTAB00B,False,within_chunk,2,M1-O-1
ses_20260701-141430-SIDDHIGUPTAB00B,18,2026-07-01T14:25:48.206Z,2026-07-01T14:26:13.706Z,25.5,83,chunk_20260701-1400-SIDDHIGUPTAB00B,chunk_20260701-1400-SIDDHIGUPTAB00B,False,within_chunk,2,M1-O-1
ses_20260701-141430-SIDDHIGUPTAB00B,19,2026-07-01T14:26:13.710Z,2026-07-01T14:26:42.305Z,28.595,105,chunk_20260701-1400-SIDDHIGUPTAB00B,chunk_20260701-1400-SIDDHIGUPTAB00B,False,within_chunk,1,M1-H-2
ses_20260701-141430-SIDDHIGUPTAB00B,20,2026-07-01T14:27:10.180Z,2026-07-01T14:27:48.416Z,38.236,100,chunk_20260701-1400-SIDDHIGUPTAB00B,chunk_20260701-1400-SIDDHIGUPTAB00B,False,within_chunk,2,M1-M-1
ses_20260701-141430-SIDDHIGUPTAB00B,21,2026-07-01T14:27:52.167Z,2026-07-01T14:28:10.838Z,18.671,15,chunk_20260701-1400-SIDDHIGUPTAB00B,chunk_20260701-1400-SIDDHIGUPTAB00B,False,within_chunk,1,M1-N-2
ses_20260701-141430-SIDDHIGUPTAB00B,22,2026-07-01T14:28:30.651Z,2026-07-01T14:28:55.213Z,24.562,55,chunk_20260701-1400-SIDDHIGUPTAB00B,chunk_20260701-1400-SIDDHIGUPTAB00B,False,within_chunk,1,M1-N-2
ses_20260701-141430-SIDDHIGUPTAB00B,23,2026-07-01T14:30:49.916Z,2026-07-01T14:31:19.712Z,29.796,90,chunk_20260701-1430-SIDDHIGUPTAB00B,chunk_20260701-1430-SIDDHIGUPTAB00B,False,within_chunk,2,M1-A-4
ses_20260701-141430-SIDDHIGUPTAB00B,24,2026-07-01T14:31:20.142Z,2026-07-01T14:31:20.255Z,0.113,4,chunk_20260701-1430-SIDDHIGUPTAB00B,chunk_20260701-1430-SIDDHIGUPTAB00B,False,within_chunk,1,M1-N-3
ses_20260701-141430-SIDDHIGUPTAB00B,25,2026-07-01T14:31:20.293Z,2026-07-01T14:32:14.669Z,54.376,90,chunk_20260701-1430-SIDDHIGUPTAB00B,chunk_20260701-1430-SIDDHIGUPTAB00B,False,within_chunk,2,M1-N-3
ses_20260701-141430-SIDDHIGUPTAB00B,26,2026-07-01T14:32:14.670Z,2026-07-01T14:32:44.646Z,29.976,92,chunk_20260701-1430-SIDDHIGUPTAB00B,chunk_20260701-1430-SIDDHIGUPTAB00B,False,within_chunk,1,M1-A-5
ses_20260701-141430-SIDDHIGUPTAB00B,27,2026-07-01T14:32:44.696Z,2026-07-01T14:33:38.001Z,53.305,159,chunk_20260701-1430-SIDDHIGUPTAB00B,chunk_20260701-1430-SIDDHIGUPTAB00B,False,within_chunk,1,M1-O-3
ses_20260701-141430-SIDDHIGUPTAB00B,28,2026-07-01T14:33:38.069Z,2026-07-01T14:33:57.122Z,19.053,49,chunk_20260701-1430-SIDDHIGUPTAB00B,chunk_20260701-1430-SIDDHIGUPTAB00B,False,within_chunk,0,
ses_20260701-141430-SIDDHIGUPTAB00B,29,2026-07-01T14:34:17.783Z,2026-07-01T14:35:18.232Z,60.449,72,chunk_20260701-1430-SIDDHIGUPTAB00B,chunk_20260701-1430-SIDDHIGUPTAB00B,False,within_chunk,1,M1-I-2
ses_20260701-141430-SIDDHIGUPTAB00B,30,2026-07-01T14:35:20.118Z,2026-07-01T14:36:17.154Z,57.036,62,chunk_20260701-1430-SIDDHIGUPTAB00B,chunk_20260701-1430-SIDDHIGUPTAB00B,False,within_chunk,1,M1-I-2
ses_20260701-141430-SIDDHIGUPTAB00B,31,2026-07-01T14:36:20.883Z,2026-07-01T14:36:47.801Z,26.918,67,chunk_20260701-1430-SIDDHIGUPTAB00B,chunk_20260701-1430-SIDDHIGUPTAB00B,False,within_chunk,2,M1-H-3
ses_20260701-141430-SIDDHIGUPTAB00B,32,2026-07-01T14:36:47.834Z,2026-07-01T14:37:27.976Z,40.142,98,chunk_20260701-1430-SIDDHIGUPTAB00B,chunk_20260701-1430-SIDDHIGUPTAB00B,False,within_chunk,2,M1-M-2
ses_20260701-141430-SIDDHIGUPTAB00B,33,2026-07-01T14:37:28.006Z,2026-07-01T14:37:48.897Z,20.891,75,chunk_20260701-1430-SIDDHIGUPTAB00B,chunk_20260701-1430-SIDDHIGUPTAB00B,False,within_chunk,1,M1-H-4
ses_20260701-141430-SIDDHIGUPTAB00B,34,2026-07-01T14:37:53.249Z,2026-07-01T14:38:55.134Z,61.885,148,chunk_20260701-1430-SIDDHIGUPTAB00B,chunk_20260701-1430-SIDDHIGUPTAB00B,False,within_chunk,2,M1-M-3
ses_20260701-141430-SIDDHIGUPTAB00B,35,2026-07-01T14:38:55.642Z,2026-07-01T14:40:13.066Z,77.424,111,chunk_20260701-1430-SIDDHIGUPTAB00B,chunk_20260701-1430-SIDDHIGUPTAB00B,False,within_chunk,2,M1-J-1
ses_20260701-141430-SIDDHIGUPTAB00B,36,2026-07-01T14:40:32.958Z,2026-07-01T14:40:56.767Z,23.809,47,chunk_20260701-1430-SIDDHIGUPTAB00B,chunk_20260701-1430-SIDDHIGUPTAB00B,False,within_chunk,1,M1-I-3
ses_20260701-141430-SIDDHIGUPTAB00B,37,2026-07-01T14:41:00.536Z,2026-07-01T14:41:19.706Z,19.17,52,chunk_20260701-1430-SIDDHIGUPTAB00B,chunk_20260701-1430-SIDDHIGUPTAB00B,False,within_chunk,1,M1-J-2
ses_20260701-141430-SIDDHIGUPTAB00B,38,2026-07-01T14:41:36.500Z,2026-07-01T14:41:44.433Z,7.933,36,chunk_20260701-1430-SIDDHIGUPTAB00B,chunk_20260701-1430-SIDDHIGUPTAB00B,False,within_chunk,2,M1-J-2
ses_20260701-141430-SIDDHIGUPTAB00B,39,2026-07-01T14:41:44.527Z,2026-07-01T14:42:30.291Z,45.764,87,chunk_20260701-1430-SIDDHIGUPTAB00B,chunk_20260701-1430-SIDDHIGUPTAB00B,False,within_chunk,2,M1-M-4
ses_20260701-141430-SIDDHIGUPTAB00B,40,2026-07-01T14:42:30.306Z,2026-07-01T14:43:09.434Z,39.128,107,chunk_20260701-1430-SIDDHIGUPTAB00B,chunk_20260701-1430-SIDDHIGUPTAB00B,False,within_chunk,1,M1-J-3
ses_20260701-145907-MSI,1,2026-07-01T14:59:07.332Z,2026-07-01T14:59:25.735Z,18.403,40,chunk_20260701-1430-MSI,chunk_20260701-1430-MSI,False,within_chunk,0,
ses_20260701-145907-MSI,2,2026-07-01T15:00:20.634Z,2026-07-01T15:00:46.384Z,25.75,82,chunk_20260701-1500-MSI,chunk_20260701-1500-MSI,False,within_chunk,2,M1-B-1
ses_20260701-145907-MSI,3,2026-07-01T15:00:46.395Z,2026-07-01T15:01:20.871Z,34.476,82,chunk_20260701-1500-MSI,chunk_20260701-1500-MSI,False,within_chunk,2,M1-M-1
ses_20260701-145907-MSI,4,2026-07-01T15:01:20.884Z,2026-07-01T15:01:38.296Z,17.412,62,chunk_20260701-1500-MSI,chunk_20260701-1500-MSI,False,within_chunk,1,M1-B-2
ses_20260701-145907-MSI,5,2026-07-01T15:01:42.735Z,2026-07-01T15:02:03.159Z,20.424,72,chunk_20260701-1500-MSI,chunk_20260701-1500-MSI,False,within_chunk,1,M1-E-1
ses_20260701-145907-MSI,6,2026-07-01T15:02:04.623Z,2026-07-01T15:02:10.723Z,6.1,6,chunk_20260701-1500-MSI,chunk_20260701-1500-MSI,False,within_chunk,1,M1-E-1
ses_20260701-145907-MSI,7,2026-07-01T15:02:33.929Z,2026-07-01T15:02:54.708Z,20.779,8,chunk_20260701-1500-MSI,chunk_20260701-1500-MSI,False,within_chunk,1,M1-E-1
ses_20260701-145907-MSI,8,2026-07-01T15:03:11.880Z,2026-07-01T15:03:13.087Z,1.207,5,chunk_20260701-1500-MSI,chunk_20260701-1500-MSI,False,within_chunk,1,M1-E-1
ses_20260701-145907-MSI,9,2026-07-01T15:03:28.111Z,2026-07-01T15:04:50.933Z,82.822,152,chunk_20260701-1500-MSI,chunk_20260701-1500-MSI,False,within_chunk,3,M1-N-2
ses_20260701-145907-MSI,10,2026-07-01T15:04:50.943Z,2026-07-01T15:05:15.118Z,24.175,83,chunk_20260701-1500-MSI,chunk_20260701-1500-MSI,False,within_chunk,2,M1-F-1
ses_20260701-145907-MSI,11,2026-07-01T15:05:15.183Z,2026-07-01T15:05:57.171Z,41.988,181,chunk_20260701-1500-MSI,chunk_20260701-1500-MSI,False,within_chunk,1,M1-E-2
ses_20260701-145907-MSI,12,2026-07-01T15:05:57.209Z,2026-07-01T15:06:40.736Z,43.527,58,chunk_20260701-1500-MSI,chunk_20260701-1500-MSI,False,within_chunk,3,M1-C-1
ses_20260701-145907-MSI,13,2026-07-01T15:06:40.744Z,2026-07-01T15:07:14.706Z,33.962,89,chunk_20260701-1500-MSI,chunk_20260701-1500-MSI,False,within_chunk,2,M1-N-3
ses_20260701-145907-MSI,14,2026-07-01T15:07:14.719Z,2026-07-01T15:08:25.887Z,71.168,182,chunk_20260701-1500-MSI,chunk_20260701-1500-MSI,False,within_chunk,1,M1-C-2
ses_20260701-145907-MSI,15,2026-07-01T15:08:26.107Z,2026-07-01T15:08:28.185Z,2.078,7,chunk_20260701-1500-MSI,chunk_20260701-1500-MSI,False,within_chunk,1,M1-C-2
ses_20260701-145907-MSI,16,2026-07-01T15:08:28.236Z,2026-07-01T15:09:35.862Z,67.626,148,chunk_20260701-1500-MSI,chunk_20260701-1500-MSI,False,within_chunk,1,M1-D-2
ses_20260701-145907-MSI,17,2026-07-01T15:09:37.759Z,2026-07-01T15:10:12.838Z,35.079,99,chunk_20260701-1500-MSI,chunk_20260701-1500-MSI,False,within_chunk,3,M1-F-2
ses_20260701-145907-MSI,18,2026-07-01T15:10:12.845Z,2026-07-01T15:10:41.077Z,28.232,109,chunk_20260701-1500-MSI,chunk_20260701-1500-MSI,False,within_chunk,2,M1-A-1
ses_20260701-145907-MSI,19,2026-07-01T15:10:41.102Z,2026-07-01T15:12:03.302Z,82.2,258,chunk_20260701-1500-MSI,chunk_20260701-1500-MSI,False,within_chunk,2,M1-M-2
ses_20260701-145907-MSI,20,2026-07-01T15:12:11.898Z,2026-07-01T15:13:04.768Z,52.87,60,chunk_20260701-1500-MSI,chunk_20260701-1500-MSI,False,within_chunk,2,M1-M-3
ses_20260701-145907-MSI,21,2026-07-01T15:13:05.201Z,2026-07-01T15:13:31.635Z,26.434,106,chunk_20260701-1500-MSI,chunk_20260701-1500-MSI,False,within_chunk,1,M1-E-3
ses_20260701-145907-MSI,22,2026-07-01T15:13:35.593Z,2026-07-01T15:13:57.511Z,21.918,62,chunk_20260701-1500-MSI,chunk_20260701-1500-MSI,False,within_chunk,1,M1-A-2
ses_20260701-145907-MSI,23,2026-07-01T15:14:00.536Z,2026-07-01T15:14:50.481Z,49.945,130,chunk_20260701-1500-MSI,chunk_20260701-1500-MSI,False,within_chunk,1,M1-B-4
ses_20260701-145907-MSI,24,2026-07-01T15:14:53.284Z,2026-07-01T15:15:22.347Z,29.063,80,chunk_20260701-1500-MSI,chunk_20260701-1500-MSI,False,within_chunk,2,M1-A-3
ses_20260701-145907-MSI,25,2026-07-01T15:15:25.890Z,2026-07-01T15:15:56.015Z,30.125,56,chunk_20260701-1500-MSI,chunk_20260701-1500-MSI,False,within_chunk,2,M1-C-3
ses_20260701-145907-MSI,26,2026-07-01T15:15:56.016Z,2026-07-01T15:16:29.402Z,33.386,93,chunk_20260701-1500-MSI,chunk_20260701-1500-MSI,False,within_chunk,1,M1-M-4
ses_20260701-145907-MSI,27,2026-07-01T15:16:30.050Z,2026-07-01T15:16:30.149Z,0.099,5,chunk_20260701-1500-MSI,chunk_20260701-1500-MSI,False,within_chunk,1,M1-A-4
ses_20260701-145907-MSI,28,2026-07-01T15:16:30.164Z,2026-07-01T15:16:51.558Z,21.394,74,chunk_20260701-1500-MSI,chunk_20260701-1500-MSI,False,within_chunk,1,M1-A-4
ses_20260701-145907-MSI,29,2026-07-01T15:16:55.723Z,2026-07-01T15:17:34.439Z,38.716,74,chunk_20260701-1500-MSI,chunk_20260701-1500-MSI,False,within_chunk,1,M1-C-4
ses_20260701-145907-MSI,30,2026-07-01T15:17:54.275Z,2026-07-01T15:18:52.287Z,58.012,167,chunk_20260701-1500-MSI,chunk_20260701-1500-MSI,False,within_chunk,2,M1-O-3
ses_20260701-145907-MSI,31,2026-07-01T15:18:52.318Z,2026-07-01T15:19:42.865Z,50.547,157,chunk_20260701-1500-MSI,chunk_20260701-1500-MSI,False,within_chunk,2,M1-F-4
ses_20260701-145907-MSI,32,2026-07-01T15:19:42.901Z,2026-07-01T15:20:15.827Z,32.926,88,chunk_20260701-1500-MSI,chunk_20260701-1500-MSI,False,within_chunk,2,M1-D-3
ses_20260701-145907-MSI,33,2026-07-01T15:20:15.847Z,2026-07-01T15:24:22.468Z,246.621,112,chunk_20260701-1500-MSI,chunk_20260701-1500-MSI,False,within_chunk,1,M1-F-5
ses_20260701-152030-CHAITANYA0BCF,1,2026-07-01T15:20:30.551Z,2026-07-01T15:21:06.768Z,36.217,21,chunk_20260701-1500-CHAITANYA0BCF,chunk_20260701-1500-CHAITANYA0BCF,False,within_chunk,0,
ses_20260701-152030-CHAITANYA0BCF,2,2026-07-01T15:21:06.785Z,2026-07-01T15:21:59.203Z,52.418,151,chunk_20260701-1500-CHAITANYA0BCF,chunk_20260701-1500-CHAITANYA0BCF,False,within_chunk,2,M1-H-2
ses_20260701-152030-CHAITANYA0BCF,3,2026-07-01T15:21:59.268Z,2026-07-01T15:22:59.716Z,60.448,92,chunk_20260701-1500-CHAITANYA0BCF,chunk_20260701-1500-CHAITANYA0BCF,False,within_chunk,2,M1-N-1
ses_20260701-152030-CHAITANYA0BCF,4,2026-07-01T15:22:59.721Z,2026-07-01T15:23:21.152Z,21.431,74,chunk_20260701-1500-CHAITANYA0BCF,chunk_20260701-1500-CHAITANYA0BCF,False,within_chunk,1,M1-G-1
ses_20260701-152030-CHAITANYA0BCF,5,2026-07-01T15:23:24.882Z,2026-07-01T15:23:51.992Z,27.11,66,chunk_20260701-1500-CHAITANYA0BCF,chunk_20260701-1500-CHAITANYA0BCF,False,within_chunk,1,M1-H-3
ses_20260701-152030-CHAITANYA0BCF,6,2026-07-01T15:23:52.004Z,2026-07-01T15:24:44.154Z,52.15,92,chunk_20260701-1500-CHAITANYA0BCF,chunk_20260701-1500-CHAITANYA0BCF,False,within_chunk,0,
ses_20260701-152030-CHAITANYA0BCF,7,2026-07-01T15:25:52.919Z,2026-07-01T15:26:49.250Z,56.331,59,chunk_20260701-1500-CHAITANYA0BCF,chunk_20260701-1500-CHAITANYA0BCF,False,within_chunk,1,M1-N-3
ses_20260701-152030-CHAITANYA0BCF,8,2026-07-01T15:26:53.076Z,2026-07-01T15:27:21.204Z,28.128,68,chunk_20260701-1500-CHAITANYA0BCF,chunk_20260701-1500-CHAITANYA0BCF,False,within_chunk,2,M1-O-1
ses_20260701-152030-CHAITANYA0BCF,9,2026-07-01T15:27:21.241Z,2026-07-01T15:27:57.738Z,36.497,102,chunk_20260701-1500-CHAITANYA0BCF,chunk_20260701-1500-CHAITANYA0BCF,False,within_chunk,1,M1-C-1
ses_20260701-152030-CHAITANYA0BCF,10,2026-07-01T15:28:01.722Z,2026-07-01T15:28:01.765Z,0.043,5,chunk_20260701-1500-CHAITANYA0BCF,chunk_20260701-1500-CHAITANYA0BCF,False,within_chunk,1,M1-I-1
ses_20260701-152030-CHAITANYA0BCF,11,2026-07-01T15:28:01.779Z,2026-07-01T15:29:20.148Z,78.369,114,chunk_20260701-1500-CHAITANYA0BCF,chunk_20260701-1500-CHAITANYA0BCF,False,within_chunk,2,M1-I-1
ses_20260701-152030-CHAITANYA0BCF,12,2026-07-01T15:29:20.167Z,2026-07-01T15:29:59.864Z,39.697,101,chunk_20260701-1500-CHAITANYA0BCF,chunk_20260701-1500-CHAITANYA0BCF,False,within_chunk,1,M1-M-1
ses_20260701-155031-CHAITANYA0BCF,1,2026-07-01T15:50:31.796Z,2026-07-01T15:51:34.675Z,62.879,104,chunk_20260701-1530-CHAITANYA0BCF,chunk_20260701-1530-CHAITANYA0BCF,False,within_chunk,2,M1-F-1
ses_20260701-155031-CHAITANYA0BCF,2,2026-07-01T15:51:34.688Z,2026-07-01T15:52:11.365Z,36.677,101,chunk_20260701-1530-CHAITANYA0BCF,chunk_20260701-1530-CHAITANYA0BCF,False,within_chunk,1,M1-C-1
ses_20260701-155031-CHAITANYA0BCF,3,2026-07-01T15:52:14.975Z,2026-07-01T15:53:19.121Z,64.146,137,chunk_20260701-1530-CHAITANYA0BCF,chunk_20260701-1530-CHAITANYA0BCF,False,within_chunk,1,M1-B-1
ses_20260701-155031-CHAITANYA0BCF,4,2026-07-01T15:53:19.202Z,2026-07-01T15:53:31.101Z,11.899,17,chunk_20260701-1530-CHAITANYA0BCF,chunk_20260701-1530-CHAITANYA0BCF,False,within_chunk,2,M1-D-1
ses_20260701-155031-CHAITANYA0BCF,5,2026-07-01T15:53:48.281Z,2026-07-01T15:54:14.901Z,26.62,54,chunk_20260701-1530-CHAITANYA0BCF,chunk_20260701-1530-CHAITANYA0BCF,False,within_chunk,2,M1-D-1
ses_20260701-155031-CHAITANYA0BCF,6,2026-07-01T15:54:14.915Z,2026-07-01T15:54:40.050Z,25.135,97,chunk_20260701-1530-CHAITANYA0BCF,chunk_20260701-1530-CHAITANYA0BCF,False,within_chunk,1,M1-F-2
ses_20260701-155031-CHAITANYA0BCF,7,2026-07-01T15:54:40.681Z,2026-07-01T15:54:40.763Z,0.082,5,chunk_20260701-1530-CHAITANYA0BCF,chunk_20260701-1530-CHAITANYA0BCF,False,within_chunk,1,M1-C-2
ses_20260701-155031-CHAITANYA0BCF,8,2026-07-01T15:54:40.808Z,2026-07-01T15:55:11.349Z,30.541,79,chunk_20260701-1530-CHAITANYA0BCF,chunk_20260701-1530-CHAITANYA0BCF,False,within_chunk,1,M1-C-2
ses_20260701-155031-CHAITANYA0BCF,9,2026-07-01T15:55:15.562Z,2026-07-01T15:55:34.995Z,19.433,70,chunk_20260701-1530-CHAITANYA0BCF,chunk_20260701-1530-CHAITANYA0BCF,False,within_chunk,1,M1-A-1
ses_20260701-155031-CHAITANYA0BCF,10,2026-07-01T15:55:39.279Z,2026-07-01T15:56:26.592Z,47.313,134,chunk_20260701-1530-CHAITANYA0BCF,chunk_20260701-1530-CHAITANYA0BCF,False,within_chunk,1,M1-E-2
ses_20260701-155031-CHAITANYA0BCF,11,2026-07-01T15:56:30.313Z,2026-07-01T15:57:08.175Z,37.862,72,chunk_20260701-1530-CHAITANYA0BCF,chunk_20260701-1530-CHAITANYA0BCF,False,within_chunk,2,M1-C-3
ses_20260701-155031-CHAITANYA0BCF,12,2026-07-01T15:57:08.235Z,2026-07-01T15:57:36.227Z,27.992,60,chunk_20260701-1530-CHAITANYA0BCF,chunk_20260701-1530-CHAITANYA0BCF,False,within_chunk,1,M1-I-1
ses_20260701-155031-CHAITANYA0BCF,13,2026-07-01T15:57:48.516Z,2026-07-01T15:58:37.008Z,48.492,135,chunk_20260701-1530-CHAITANYA0BCF,chunk_20260701-1530-CHAITANYA0BCF,False,within_chunk,2,M1-I-1
ses_20260701-155031-CHAITANYA0BCF,14,2026-07-01T15:58:37.018Z,2026-07-01T15:58:54.074Z,17.056,66,chunk_20260701-1530-CHAITANYA0BCF,chunk_20260701-1530-CHAITANYA0BCF,False,within_chunk,1,M1-B-2
ses_20260701-155031-CHAITANYA0BCF,15,2026-07-01T15:59:28.331Z,2026-07-01T16:01:14.565Z,106.234,154,chunk_20260701-1530-CHAITANYA0BCF,chunk_20260701-1600-CHAITANYA0BCF,True,continuation_across_chunk,1,M1-N-2
ses_20260701-155031-CHAITANYA0BCF,16,2026-07-01T16:02:03.929Z,2026-07-01T16:02:31.463Z,27.534,19,chunk_20260701-1600-CHAITANYA0BCF,chunk_20260701-1600-CHAITANYA0BCF,False,within_chunk,1,M1-N-2
ses_20260701-155031-CHAITANYA0BCF,17,2026-07-01T16:02:31.902Z,2026-07-01T16:03:02.985Z,31.083,97,chunk_20260701-1600-CHAITANYA0BCF,chunk_20260701-1600-CHAITANYA0BCF,False,within_chunk,2,M1-A-2
ses_20260701-155031-CHAITANYA0BCF,18,2026-07-01T16:03:03.016Z,2026-07-01T16:04:20.413Z,77.397,110,chunk_20260701-1600-CHAITANYA0BCF,chunk_20260701-1600-CHAITANYA0BCF,False,within_chunk,2,M1-I-2
ses_20260701-155031-CHAITANYA0BCF,19,2026-07-01T16:04:20.432Z,2026-07-01T16:05:13.876Z,53.444,90,chunk_20260701-1600-CHAITANYA0BCF,chunk_20260701-1600-CHAITANYA0BCF,False,within_chunk,2,M1-N-3
ses_20260701-155031-CHAITANYA0BCF,20,2026-07-01T16:05:13.941Z,2026-07-01T16:05:43.656Z,29.715,45,chunk_20260701-1600-CHAITANYA0BCF,chunk_20260701-1600-CHAITANYA0BCF,False,within_chunk,1,M1-I-3
ses_20260701-155031-CHAITANYA0BCF,21,2026-07-01T16:05:47.182Z,2026-07-01T16:05:49.431Z,2.249,7,chunk_20260701-1600-CHAITANYA0BCF,chunk_20260701-1600-CHAITANYA0BCF,False,within_chunk,1,M1-I-3
ses_20260701-155031-CHAITANYA0BCF,22,2026-07-01T16:06:08.142Z,2026-07-01T16:06:43.262Z,35.12,59,chunk_20260701-1600-CHAITANYA0BCF,chunk_20260701-1600-CHAITANYA0BCF,False,within_chunk,1,M1-I-3
ses_20260701-155031-CHAITANYA0BCF,23,2026-07-01T16:06:47.510Z,2026-07-01T16:07:13.861Z,26.351,63,chunk_20260701-1600-CHAITANYA0BCF,chunk_20260701-1600-CHAITANYA0BCF,False,within_chunk,1,M1-F-3
ses_20260701-155031-CHAITANYA0BCF,24,2026-07-01T16:07:14.398Z,2026-07-01T16:07:35.661Z,21.263,77,chunk_20260701-1600-CHAITANYA0BCF,chunk_20260701-1600-CHAITANYA0BCF,False,within_chunk,1,M1-B-3
ses_20260701-155031-CHAITANYA0BCF,25,2026-07-01T16:08:17.314Z,2026-07-01T16:08:44.726Z,27.412,105,chunk_20260701-1600-CHAITANYA0BCF,chunk_20260701-1600-CHAITANYA0BCF,False,within_chunk,3,M1-F-4
ses_20260701-155031-CHAITANYA0BCF,26,2026-07-01T16:08:44.728Z,2026-07-01T16:09:09.653Z,24.925,87,chunk_20260701-1600-CHAITANYA0BCF,chunk_20260701-1600-CHAITANYA0BCF,False,within_chunk,1,M1-B-4
ses_20260701-155031-CHAITANYA0BCF,27,2026-07-01T16:09:44.522Z,2026-07-01T16:10:08.259Z,23.737,78,chunk_20260701-1600-CHAITANYA0BCF,chunk_20260701-1600-CHAITANYA0BCF,False,within_chunk,1,M1-A-3
ses_20260701-155031-CHAITANYA0BCF,28,2026-07-01T16:10:11.786Z,2026-07-01T16:11:00.172Z,48.386,65,chunk_20260701-1600-CHAITANYA0BCF,chunk_20260701-1600-CHAITANYA0BCF,False,within_chunk,1,M1-D-2
ses_20260701-155031-CHAITANYA0BCF,29,2026-07-01T16:13:03.875Z,2026-07-01T16:13:24.001Z,20.126,53,chunk_20260701-1600-CHAITANYA0BCF,chunk_20260701-1600-CHAITANYA0BCF,False,within_chunk,1,M1-A-4
ses_20260701-155031-CHAITANYA0BCF,30,2026-07-01T16:13:27.302Z,2026-07-01T16:13:50.430Z,23.128,79,chunk_20260701-1600-CHAITANYA0BCF,chunk_20260701-1600-CHAITANYA0BCF,False,within_chunk,1,M1-E-3
ses_20260701-155031-CHAITANYA0BCF,31,2026-07-01T16:13:52.056Z,2026-07-01T16:15:08.257Z,76.201,85,chunk_20260701-1600-CHAITANYA0BCF,chunk_20260701-1600-CHAITANYA0BCF,False,within_chunk,2,M1-D-3
ses_20260701-172430-yuvraj,1,2026-07-01T17:24:30.299Z,2026-07-01T17:25:48.431Z,78.132,43,chunk_20260701-1700-yuvraj,chunk_20260701-1700-yuvraj,False,within_chunk,1,M1-L-1
ses_20260701-172430-yuvraj,2,2026-07-01T17:26:18.472Z,2026-07-01T17:26:49.390Z,30.918,47,chunk_20260701-1700-yuvraj,chunk_20260701-1700-yuvraj,False,within_chunk,1,M1-M-1
ses_20260701-172430-yuvraj,3,2026-07-01T17:27:01.096Z,2026-07-01T17:27:28.372Z,27.276,91,chunk_20260701-1700-yuvraj,chunk_20260701-1700-yuvraj,False,within_chunk,2,M1-F-1
ses_20260701-172430-yuvraj,4,2026-07-01T17:27:28.384Z,2026-07-01T17:29:14.054Z,105.67,77,chunk_20260701-1700-yuvraj,chunk_20260701-1700-yuvraj,False,within_chunk,1,M1-B-1
ses_20260701-172430-yuvraj,5,2026-07-01T17:29:14.499Z,2026-07-01T17:30:37.792Z,83.293,144,chunk_20260701-1700-yuvraj,chunk_20260701-1730-yuvraj,True,continuation_across_chunk,1,M1-M-3
ses_20260701-172430-yuvraj,6,2026-07-01T17:30:41.634Z,2026-07-01T17:30:59.751Z,18.117,48,chunk_20260701-1730-yuvraj,chunk_20260701-1730-yuvraj,False,within_chunk,1,M1-L-2
ses_20260701-172430-yuvraj,7,2026-07-01T17:31:33.451Z,2026-07-01T17:32:02.026Z,28.575,96,chunk_20260701-1730-yuvraj,chunk_20260701-1730-yuvraj,False,within_chunk,2,M1-H-1
ses_20260701-172430-yuvraj,8,2026-07-01T17:32:02.058Z,2026-07-01T17:32:26.825Z,24.767,74,chunk_20260701-1730-yuvraj,chunk_20260701-1730-yuvraj,False,within_chunk,2,M1-B-2
ses_20260701-172430-yuvraj,9,2026-07-01T17:32:26.852Z,2026-07-01T17:33:05.611Z,38.759,79,chunk_20260701-1730-yuvraj,chunk_20260701-1730-yuvraj,False,within_chunk,2,M1-M-4
ses_20260701-172430-yuvraj,10,2026-07-01T17:33:05.615Z,2026-07-01T17:33:34.600Z,28.985,88,chunk_20260701-1730-yuvraj,chunk_20260701-1730-yuvraj,False,within_chunk,2,M1-F-2
ses_20260701-172430-yuvraj,11,2026-07-01T17:33:34.611Z,2026-07-01T17:34:42.107Z,67.496,137,chunk_20260701-1730-yuvraj,chunk_20260701-1730-yuvraj,False,within_chunk,2,M1-N-1
ses_20260701-172430-yuvraj,12,2026-07-01T17:35:01.577Z,2026-07-01T17:35:05.416Z,3.839,8,chunk_20260701-1730-yuvraj,chunk_20260701-1730-yuvraj,False,within_chunk,0,
ses_20260701-172430-yuvraj,13,2026-07-01T17:35:06.168Z,2026-07-01T17:35:41.722Z,35.554,41,chunk_20260701-1730-yuvraj,chunk_20260701-1730-yuvraj,False,within_chunk,1,M1-N-3
ses_20260701-172430-yuvraj,14,2026-07-01T17:35:41.967Z,2026-07-01T17:35:52.520Z,10.553,35,chunk_20260701-1730-yuvraj,chunk_20260701-1730-yuvraj,False,within_chunk,2,M1-N-3
ses_20260701-172430-yuvraj,15,2026-07-01T17:35:52.551Z,2026-07-01T17:36:13.122Z,20.571,71,chunk_20260701-1730-yuvraj,chunk_20260701-1730-yuvraj,False,within_chunk,1,M1-B-3
ses_20260701-172430-yuvraj,16,2026-07-01T17:36:16.723Z,2026-07-01T17:36:16.776Z,0.053,5,chunk_20260701-1730-yuvraj,chunk_20260701-1730-yuvraj,False,within_chunk,1,M1-F-3
ses_20260701-172430-yuvraj,17,2026-07-01T17:36:16.810Z,2026-07-01T17:36:41.815Z,25.005,77,chunk_20260701-1730-yuvraj,chunk_20260701-1730-yuvraj,False,within_chunk,2,M1-F-3
ses_20260701-172430-yuvraj,18,2026-07-01T17:36:41.817Z,2026-07-01T17:37:12.660Z,30.843,94,chunk_20260701-1730-yuvraj,chunk_20260701-1730-yuvraj,False,within_chunk,2,M1-O-2
ses_20260701-172430-yuvraj,19,2026-07-01T17:37:12.679Z,2026-07-01T17:37:35.813Z,23.134,78,chunk_20260701-1730-yuvraj,chunk_20260701-1730-yuvraj,False,within_chunk,2,M1-H-2
ses_20260701-172430-yuvraj,20,2026-07-01T17:37:35.835Z,2026-07-01T17:37:58.475Z,22.64,72,chunk_20260701-1730-yuvraj,chunk_20260701-1730-yuvraj,False,within_chunk,1,M1-L-3
ses_20260701-172430-yuvraj,21,2026-07-01T17:38:34.932Z,2026-07-01T17:39:08.065Z,33.133,40,chunk_20260701-1730-yuvraj,chunk_20260701-1730-yuvraj,False,within_chunk,2,M1-I-1
ses_20260701-172430-yuvraj,22,2026-07-01T17:39:22.545Z,2026-07-01T17:39:31.375Z,8.83,35,chunk_20260701-1730-yuvraj,chunk_20260701-1730-yuvraj,False,within_chunk,1,M1-I-1
ses_20260701-172430-yuvraj,23,2026-07-01T17:39:34.606Z,2026-07-01T17:39:53.028Z,18.422,53,chunk_20260701-1730-yuvraj,chunk_20260701-1730-yuvraj,False,within_chunk,1,M1-H-3
ses_20260701-172430-yuvraj,24,2026-07-01T17:39:54.453Z,2026-07-01T17:40:25.924Z,31.471,96,chunk_20260701-1730-yuvraj,chunk_20260701-1730-yuvraj,False,within_chunk,3,M1-B-4
ses_20260701-172430-yuvraj,25,2026-07-01T17:40:25.935Z,2026-07-01T17:40:26.464Z,0.529,10,chunk_20260701-1730-yuvraj,chunk_20260701-1730-yuvraj,False,within_chunk,1,M1-I-2
ses_20260701-172430-yuvraj,26,2026-07-01T17:40:27.185Z,2026-07-01T17:41:40.354Z,73.169,67,chunk_20260701-1730-yuvraj,chunk_20260701-1730-yuvraj,False,within_chunk,1,M1-I-2
ses_20260701-172430-yuvraj,27,2026-07-01T17:41:41.026Z,2026-07-01T17:41:41.102Z,0.076,5,chunk_20260701-1730-yuvraj,chunk_20260701-1730-yuvraj,False,within_chunk,1,M1-O-3
ses_20260701-172430-yuvraj,28,2026-07-01T17:41:41.144Z,2026-07-01T17:42:04.023Z,22.879,71,chunk_20260701-1730-yuvraj,chunk_20260701-1730-yuvraj,False,within_chunk,1,M1-O-3
ses_20260701-172430-yuvraj,29,2026-07-01T17:42:07.849Z,2026-07-01T17:42:33.024Z,25.175,66,chunk_20260701-1730-yuvraj,chunk_20260701-1730-yuvraj,False,within_chunk,1,M1-L-4
ses_20260701-172430-yuvraj,30,2026-07-01T17:43:03.914Z,2026-07-01T17:43:04.560Z,0.646,5,chunk_20260701-1730-yuvraj,chunk_20260701-1730-yuvraj,False,within_chunk,2,M1-I-3
ses_20260701-172430-yuvraj,31,2026-07-01T17:43:04.578Z,2026-07-01T17:44:05.033Z,60.455,65,chunk_20260701-1730-yuvraj,chunk_20260701-1730-yuvraj,False,within_chunk,1,M1-I-3
ses_20260701-172430-yuvraj,32,2026-07-01T17:44:07.089Z,2026-07-01T17:44:25.266Z,18.177,13,chunk_20260701-1730-yuvraj,chunk_20260701-1730-yuvraj,False,within_chunk,1,M1-I-3
