session_id,segment_number,start_timestamp,end_timestamp,duration_seconds,event_count,start_chunk_id,end_chunk_id,crosses_chunk,handling,gt_execution_count,gt_primary_execution_id
ses_20260630-121953-LAPTOP-R36BQBTE,1,2026-06-30T12:19:53.821Z,2026-06-30T12:20:17.361Z,23.54,34,chunk_20260630-1200-LAPTOP-R36BQBTE,chunk_20260630-1200-LAPTOP-R36BQBTE,False,within_chunk,0,
ses_20260630-121953-LAPTOP-R36BQBTE,2,2026-06-30T12:21:12.403Z,2026-06-30T12:22:41.248Z,88.845,210,chunk_20260630-1200-LAPTOP-R36BQBTE,chunk_20260630-1200-LAPTOP-R36BQBTE,False,within_chunk,3,M1-C-1
ses_20260630-121953-LAPTOP-R36BQBTE,3,2026-06-30T12:23:25.385Z,2026-06-30T12:25:09.799Z,104.414,229,chunk_20260630-1200-LAPTOP-R36BQBTE,chunk_20260630-1200-LAPTOP-R36BQBTE,False,within_chunk,4,M1-M-1
ses_20260630-121953-LAPTOP-R36BQBTE,4,2026-06-30T12:26:02.215Z,2026-06-30T12:41:31.573Z,929.358,1857,chunk_20260630-1200-LAPTOP-R36BQBTE,chunk_20260630-1230-LAPTOP-R36BQBTE,True,continuation_across_chunk,21,M1-H-4
ses_20260630-121953-LAPTOP-R36BQBTE,5,2026-06-30T12:45:02.333Z,2026-06-30T12:45:08.101Z,5.768,18,chunk_20260630-1230-LAPTOP-R36BQBTE,chunk_20260630-1230-LAPTOP-R36BQBTE,False,within_chunk,0,
ses_20260630-124826-CHAITANYA0BCF,1,2026-06-30T12:48:26.691Z,2026-06-30T12:49:56.116Z,89.425,118,chunk_20260630-1230-CHAITANYA0BCF,chunk_20260630-1230-CHAITANYA0BCF,False,within_chunk,1,M1-M-1
ses_20260630-124826-CHAITANYA0BCF,2,2026-06-30T12:50:00.360Z,2026-06-30T12:50:20.965Z,20.605,72,chunk_20260630-1230-CHAITANYA0BCF,chunk_20260630-1230-CHAITANYA0BCF,False,within_chunk,1,M1-K-1
ses_20260630-124826-CHAITANYA0BCF,3,2026-06-30T12:51:00.380Z,2026-06-30T12:51:25.888Z,25.508,87,chunk_20260630-1230-CHAITANYA0BCF,chunk_20260630-1230-CHAITANYA0BCF,False,within_chunk,2,M1-F-1
ses_20260630-124826-CHAITANYA0BCF,4,2026-06-30T12:51:26.410Z,2026-06-30T12:51:57.816Z,31.406,83,chunk_20260630-1230-CHAITANYA0BCF,chunk_20260630-1230-CHAITANYA0BCF,False,within_chunk,1,M1-N-1
ses_20260630-124826-CHAITANYA0BCF,5,2026-06-30T12:51:57.870Z,2026-06-30T12:52:33.152Z,35.282,69,chunk_20260630-1230-CHAITANYA0BCF,chunk_20260630-1230-CHAITANYA0BCF,False,within_chunk,2,M1-K-2
ses_20260630-124826-CHAITANYA0BCF,6,2026-06-30T12:53:07.979Z,2026-06-30T12:53:12.562Z,4.583,16,chunk_20260630-1230-CHAITANYA0BCF,chunk_20260630-1230-CHAITANYA0BCF,False,within_chunk,0,
ses_20260630-124826-CHAITANYA0BCF,7,2026-06-30T12:53:12.795Z,2026-06-30T12:53:33.674Z,20.879,74,chunk_20260630-1230-CHAITANYA0BCF,chunk_20260630-1230-CHAITANYA0BCF,False,within_chunk,1,M1-L-1
ses_20260630-124826-CHAITANYA0BCF,8,2026-06-30T12:53:35.967Z,2026-06-30T12:54:46.471Z,70.504,173,chunk_20260630-1230-CHAITANYA0BCF,chunk_20260630-1230-CHAITANYA0BCF,False,within_chunk,2,M1-G-3
ses_20260630-124826-CHAITANYA0BCF,9,2026-06-30T12:54:46.956Z,2026-06-30T12:55:09.339Z,22.383,75,chunk_20260630-1230-CHAITANYA0BCF,chunk_20260630-1230-CHAITANYA0BCF,False,within_chunk,1,M1-L-2
ses_20260630-124826-CHAITANYA0BCF,10,2026-06-30T12:55:12.124Z,2026-06-30T12:55:45.927Z,33.803,69,chunk_20260630-1230-CHAITANYA0BCF,chunk_20260630-1230-CHAITANYA0BCF,False,within_chunk,2,M1-I-1
ses_20260630-124826-CHAITANYA0BCF,11,2026-06-30T12:56:05.163Z,2026-06-30T12:56:37.621Z,32.458,57,chunk_20260630-1230-CHAITANYA0BCF,chunk_20260630-1230-CHAITANYA0BCF,False,within_chunk,1,M1-I-1
ses_20260630-124826-CHAITANYA0BCF,12,2026-06-30T12:56:38.153Z,2026-06-30T12:57:02.879Z,24.726,97,chunk_20260630-1230-CHAITANYA0BCF,chunk_20260630-1230-CHAITANYA0BCF,False,within_chunk,1,M1-A-1
ses_20260630-124826-CHAITANYA0BCF,13,2026-06-30T12:57:05.872Z,2026-06-30T12:57:36.221Z,30.349,110,chunk_20260630-1230-CHAITANYA0BCF,chunk_20260630-1230-CHAITANYA0BCF,False,within_chunk,2,M1-F-2
ses_20260630-124826-CHAITANYA0BCF,14,2026-06-30T12:57:36.670Z,2026-06-30T12:58:05.588Z,28.918,90,chunk_20260630-1230-CHAITANYA0BCF,chunk_20260630-1230-CHAITANYA0BCF,False,within_chunk,1,M1-A-2
ses_20260630-124826-CHAITANYA0BCF,15,2026-06-30T12:58:06.097Z,2026-06-30T12:58:26.472Z,20.375,74,chunk_20260630-1230-CHAITANYA0BCF,chunk_20260630-1230-CHAITANYA0BCF,False,within_chunk,1,M1-L-3
ses_20260630-124826-CHAITANYA0BCF,16,2026-06-30T12:58:26.597Z,2026-06-30T12:58:29.782Z,3.185,5,chunk_20260630-1230-CHAITANYA0BCF,chunk_20260630-1230-CHAITANYA0BCF,False,within_chunk,2,M1-I-2
ses_20260630-124826-CHAITANYA0BCF,17,2026-06-30T12:58:29.782Z,2026-06-30T12:59:29.259Z,59.477,106,chunk_20260630-1230-CHAITANYA0BCF,chunk_20260630-1230-CHAITANYA0BCF,False,within_chunk,1,M1-I-2
ses_20260630-124826-CHAITANYA0BCF,18,2026-06-30T12:59:29.713Z,2026-06-30T13:00:35.451Z,65.738,145,chunk_20260630-1230-CHAITANYA0BCF,chunk_20260630-1300-CHAITANYA0BCF,True,continuation_across_chunk,2,M1-N-2
ses_20260630-124826-CHAITANYA0BCF,19,2026-06-30T13:00:35.843Z,2026-06-30T13:01:01.641Z,25.798,102,chunk_20260630-1300-CHAITANYA0BCF,chunk_20260630-1300-CHAITANYA0BCF,False,within_chunk,1,M1-F-3
ses_20260630-124826-CHAITANYA0BCF,20,2026-06-30T13:01:02.178Z,2026-06-30T13:01:27.308Z,25.13,83,chunk_20260630-1300-CHAITANYA0BCF,chunk_20260630-1300-CHAITANYA0BCF,False,within_chunk,1,M1-A-3
ses_20260630-124826-CHAITANYA0BCF,21,2026-06-30T13:01:27.407Z,2026-06-30T13:01:51.808Z,24.401,59,chunk_20260630-1300-CHAITANYA0BCF,chunk_20260630-1300-CHAITANYA0BCF,False,within_chunk,2,M1-I-3
ses_20260630-124826-CHAITANYA0BCF,22,2026-06-30T13:02:07.954Z,2026-06-30T13:02:09.426Z,1.472,8,chunk_20260630-1300-CHAITANYA0BCF,chunk_20260630-1300-CHAITANYA0BCF,False,within_chunk,1,M1-I-3
ses_20260630-124826-CHAITANYA0BCF,23,2026-06-30T13:02:31.868Z,2026-06-30T13:02:39.074Z,7.206,43,chunk_20260630-1300-CHAITANYA0BCF,chunk_20260630-1300-CHAITANYA0BCF,False,within_chunk,1,M1-I-3
ses_20260630-124826-CHAITANYA0BCF,24,2026-06-30T13:02:42.513Z,2026-06-30T13:02:42.566Z,0.053,5,chunk_20260630-1300-CHAITANYA0BCF,chunk_20260630-1300-CHAITANYA0BCF,False,within_chunk,1,M1-K-3
ses_20260630-124826-CHAITANYA0BCF,25,2026-06-30T13:02:42.574Z,2026-06-30T13:04:29.562Z,106.988,289,chunk_20260630-1300-CHAITANYA0BCF,chunk_20260630-1300-CHAITANYA0BCF,False,within_chunk,2,M1-K-3
ses_20260630-124826-CHAITANYA0BCF,26,2026-06-30T13:04:33.080Z,2026-06-30T13:04:57.102Z,24.022,61,chunk_20260630-1300-CHAITANYA0BCF,chunk_20260630-1300-CHAITANYA0BCF,False,within_chunk,1,M1-E-1
ses_20260630-124826-CHAITANYA0BCF,27,2026-06-30T13:05:00.053Z,2026-06-30T13:05:34.274Z,34.221,103,chunk_20260630-1300-CHAITANYA0BCF,chunk_20260630-1300-CHAITANYA0BCF,False,within_chunk,2,M1-M-3
ses_20260630-124826-CHAITANYA0BCF,28,2026-06-30T13:05:34.776Z,2026-06-30T13:05:58.712Z,23.936,85,chunk_20260630-1300-CHAITANYA0BCF,chunk_20260630-1300-CHAITANYA0BCF,False,within_chunk,1,M1-A-5
ses_20260630-124826-CHAITANYA0BCF,29,2026-06-30T13:05:59.213Z,2026-06-30T13:06:36.082Z,36.869,101,chunk_20260630-1300-CHAITANYA0BCF,chunk_20260630-1300-CHAITANYA0BCF,False,within_chunk,1,M1-M-4
ses_20260630-124826-CHAITANYA0BCF,30,2026-06-30T13:06:36.140Z,2026-06-30T13:07:15.351Z,39.211,90,chunk_20260630-1300-CHAITANYA0BCF,chunk_20260630-1300-CHAITANYA0BCF,False,within_chunk,2,M1-D-1
ses_20260630-124826-CHAITANYA0BCF,31,2026-06-30T13:07:15.837Z,2026-06-30T13:07:39.475Z,23.638,85,chunk_20260630-1300-CHAITANYA0BCF,chunk_20260630-1300-CHAITANYA0BCF,False,within_chunk,1,M1-F-4
ses_20260630-124826-CHAITANYA0BCF,32,2026-06-30T13:07:39.866Z,2026-06-30T13:08:52.452Z,72.586,253,chunk_20260630-1300-CHAITANYA0BCF,chunk_20260630-1300-CHAITANYA0BCF,False,within_chunk,1,M1-N-3
ses_20260630-124826-CHAITANYA0BCF,33,2026-06-30T13:08:52.815Z,2026-06-30T13:09:39.671Z,46.856,98,chunk_20260630-1300-CHAITANYA0BCF,chunk_20260630-1300-CHAITANYA0BCF,False,within_chunk,2,M1-D-3
ses_20260630-124826-CHAITANYA0BCF,34,2026-06-30T13:09:58.367Z,2026-06-30T13:10:05.597Z,7.23,28,chunk_20260630-1300-CHAITANYA0BCF,chunk_20260630-1300-CHAITANYA0BCF,False,within_chunk,1,M1-D-3
ses_20260630-124826-CHAITANYA0BCF,35,2026-06-30T13:10:08.700Z,2026-06-30T13:10:52.921Z,44.221,122,chunk_20260630-1300-CHAITANYA0BCF,chunk_20260630-1300-CHAITANYA0BCF,False,within_chunk,1,M1-E-3
ses_20260630-124826-CHAITANYA0BCF,36,2026-06-30T13:10:53.190Z,2026-06-30T13:11:23.292Z,30.102,28,chunk_20260630-1300-CHAITANYA0BCF,chunk_20260630-1300-CHAITANYA0BCF,False,within_chunk,1,M1-E-3
ses_20260630-125757-LAPTOP-R36BQBTE,1,2026-06-30T12:57:57.404Z,2026-06-30T12:58:13.495Z,16.091,37,chunk_20260630-1230-LAPTOP-R36BQBTE,chunk_20260630-1230-LAPTOP-R36BQBTE,False,within_chunk,0,
ses_20260630-125757-LAPTOP-R36BQBTE,2,2026-06-30T12:59:09.429Z,2026-06-30T12:59:33.130Z,23.701,69,chunk_20260630-1230-LAPTOP-R36BQBTE,chunk_20260630-1230-LAPTOP-R36BQBTE,False,within_chunk,1,M1-K-1
ses_20260630-125757-LAPTOP-R36BQBTE,3,2026-06-30T12:59:33.592Z,2026-06-30T13:00:48.053Z,74.461,177,chunk_20260630-1230-LAPTOP-R36BQBTE,chunk_20260630-1300-LAPTOP-R36BQBTE,True,continuation_across_chunk,1,M1-C-1
ses_20260630-125757-LAPTOP-R36BQBTE,4,2026-06-30T13:00:54.401Z,2026-06-30T13:00:58.289Z,3.888,5,chunk_20260630-1300-LAPTOP-R36BQBTE,chunk_20260630-1300-LAPTOP-R36BQBTE,False,within_chunk,1,M1-N-2
ses_20260630-125757-LAPTOP-R36BQBTE,5,2026-06-30T13:01:17.752Z,2026-06-30T13:01:18.924Z,1.172,12,chunk_20260630-1300-LAPTOP-R36BQBTE,chunk_20260630-1300-LAPTOP-R36BQBTE,False,within_chunk,1,M1-N-2
ses_20260630-125757-LAPTOP-R36BQBTE,6,2026-06-30T13:01:23.302Z,2026-06-30T13:01:28.550Z,5.248,9,chunk_20260630-1300-LAPTOP-R36BQBTE,chunk_20260630-1300-LAPTOP-R36BQBTE,False,within_chunk,1,M1-N-2
ses_20260630-125757-LAPTOP-R36BQBTE,7,2026-06-30T13:01:29.007Z,2026-06-30T13:02:40.949Z,71.942,152,chunk_20260630-1300-LAPTOP-R36BQBTE,chunk_20260630-1300-LAPTOP-R36BQBTE,False,within_chunk,1,M1-C-3
ses_20260630-125757-LAPTOP-R36BQBTE,8,2026-06-30T13:03:38.373Z,2026-06-30T13:03:40.451Z,2.078,4,chunk_20260630-1300-LAPTOP-R36BQBTE,chunk_20260630-1300-LAPTOP-R36BQBTE,False,within_chunk,1,M1-C-3
ses_20260630-125757-LAPTOP-R36BQBTE,9,2026-06-30T13:03:40.903Z,2026-06-30T13:04:11.070Z,30.167,100,chunk_20260630-1300-LAPTOP-R36BQBTE,chunk_20260630-1300-LAPTOP-R36BQBTE,False,within_chunk,1,M1-J-1
ses_20260630-125757-LAPTOP-R36BQBTE,10,2026-06-30T13:04:11.118Z,2026-06-30T13:04:28.172Z,17.054,55,chunk_20260630-1300-LAPTOP-R36BQBTE,chunk_20260630-1300-LAPTOP-R36BQBTE,False,within_chunk,0,
ses_20260630-125757-LAPTOP-R36BQBTE,11,2026-06-30T13:05:19.428Z,2026-06-30T13:05:23.379Z,3.951,16,chunk_20260630-1300-LAPTOP-R36BQBTE,chunk_20260630-1300-LAPTOP-R36BQBTE,False,within_chunk,1,M1-L-2
ses_20260630-125757-LAPTOP-R36BQBTE,12,2026-06-30T13:05:26.867Z,2026-06-30T13:05:30.941Z,4.074,10,chunk_20260630-1300-LAPTOP-R36BQBTE,chunk_20260630-1300-LAPTOP-R36BQBTE,False,within_chunk,1,M1-L-2
ses_20260630-125757-LAPTOP-R36BQBTE,13,2026-06-30T13:06:08.829Z,2026-06-30T13:06:57.861Z,49.032,98,chunk_20260630-1300-LAPTOP-R36BQBTE,chunk_20260630-1300-LAPTOP-R36BQBTE,False,within_chunk,1,M1-C-4
ses_20260630-125757-LAPTOP-R36BQBTE,14,2026-06-30T13:07:16.577Z,2026-06-30T13:07:17.316Z,0.739,9,chunk_20260630-1300-LAPTOP-R36BQBTE,chunk_20260630-1300-LAPTOP-R36BQBTE,False,within_chunk,0,
ses_20260630-125757-LAPTOP-R36BQBTE,15,2026-06-30T13:07:17.487Z,2026-06-30T13:07:23.905Z,6.418,27,chunk_20260630-1300-LAPTOP-R36BQBTE,chunk_20260630-1300-LAPTOP-R36BQBTE,False,within_chunk,0,
ses_20260630-125757-LAPTOP-R36BQBTE,16,2026-06-30T13:07:30.165Z,2026-06-30T13:07:34.113Z,3.948,5,chunk_20260630-1300-LAPTOP-R36BQBTE,chunk_20260630-1300-LAPTOP-R36BQBTE,False,within_chunk,1,M1-D-2
ses_20260630-125757-LAPTOP-R36BQBTE,17,2026-06-30T13:07:56.344Z,2026-06-30T13:07:56.454Z,0.11,4,chunk_20260630-1300-LAPTOP-R36BQBTE,chunk_20260630-1300-LAPTOP-R36BQBTE,False,within_chunk,1,M1-D-2
ses_20260630-125757-LAPTOP-R36BQBTE,18,2026-06-30T13:07:56.570Z,2026-06-30T13:08:05.161Z,8.591,14,chunk_20260630-1300-LAPTOP-R36BQBTE,chunk_20260630-1300-LAPTOP-R36BQBTE,False,within_chunk,1,M1-D-2
ses_20260630-125757-LAPTOP-R36BQBTE,19,2026-06-30T13:08:05.691Z,2026-06-30T13:08:05.800Z,0.109,4,chunk_20260630-1300-LAPTOP-R36BQBTE,chunk_20260630-1300-LAPTOP-R36BQBTE,False,within_chunk,1,M1-K-2
ses_20260630-125757-LAPTOP-R36BQBTE,20,2026-06-30T13:08:05.847Z,2026-06-30T13:08:31.493Z,25.646,74,chunk_20260630-1300-LAPTOP-R36BQBTE,chunk_20260630-1300-LAPTOP-R36BQBTE,False,within_chunk,1,M1-K-2
ses_20260630-125757-LAPTOP-R36BQBTE,21,2026-06-30T13:08:40.756Z,2026-06-30T13:08:41.419Z,0.663,6,chunk_20260630-1300-LAPTOP-R36BQBTE,chunk_20260630-1300-LAPTOP-R36BQBTE,False,within_chunk,1,M1-H-1
ses_20260630-125757-LAPTOP-R36BQBTE,22,2026-06-30T13:08:41.474Z,2026-06-30T13:09:08.489Z,27.015,88,chunk_20260630-1300-LAPTOP-R36BQBTE,chunk_20260630-1300-LAPTOP-R36BQBTE,False,within_chunk,2,M1-H-1
ses_20260630-125757-LAPTOP-R36BQBTE,23,2026-06-30T13:09:08.514Z,2026-06-30T13:09:34.413Z,25.899,71,chunk_20260630-1300-LAPTOP-R36BQBTE,chunk_20260630-1300-LAPTOP-R36BQBTE,False,within_chunk,2,M1-O-1
ses_20260630-125757-LAPTOP-R36BQBTE,24,2026-06-30T13:09:34.431Z,2026-06-30T13:10:16.667Z,42.236,82,chunk_20260630-1300-LAPTOP-R36BQBTE,chunk_20260630-1300-LAPTOP-R36BQBTE,False,within_chunk,2,M1-D-3
ses_20260630-125757-LAPTOP-R36BQBTE,25,2026-06-30T13:10:16.700Z,2026-06-30T13:10:46.220Z,29.52,75,chunk_20260630-1300-LAPTOP-R36BQBTE,chunk_20260630-1300-LAPTOP-R36BQBTE,False,within_chunk,1,M1-H-2
ses_20260630-125757-LAPTOP-R36BQBTE,26,2026-06-30T13:10:46.710Z,2026-06-30T13:10:59.743Z,13.033,51,chunk_20260630-1300-LAPTOP-R36BQBTE,chunk_20260630-1300-LAPTOP-R36BQBTE,False,within_chunk,1,M1-L-3
ses_20260630-125757-LAPTOP-R36BQBTE,27,2026-06-30T13:11:00.252Z,2026-06-30T13:11:06.281Z,6.029,13,chunk_20260630-1300-LAPTOP-R36BQBTE,chunk_20260630-1300-LAPTOP-R36BQBTE,False,within_chunk,1,M1-L-3
ses_20260630-125757-LAPTOP-R36BQBTE,28,2026-06-30T13:11:07.906Z,2026-06-30T13:11:45.695Z,37.789,6,chunk_20260630-1300-LAPTOP-R36BQBTE,chunk_20260630-1300-LAPTOP-R36BQBTE,False,within_chunk,2,M1-N-3
ses_20260630-125757-LAPTOP-R36BQBTE,29,2026-06-30T13:12:06.677Z,2026-06-30T13:12:06.727Z,0.05,4,chunk_20260630-1300-LAPTOP-R36BQBTE,chunk_20260630-1300-LAPTOP-R36BQBTE,False,within_chunk,1,M1-N-3
ses_20260630-125757-LAPTOP-R36BQBTE,30,2026-06-30T13:12:06.838Z,2026-06-30T13:12:16.956Z,10.118,17,chunk_20260630-1300-LAPTOP-R36BQBTE,chunk_20260630-1300-LAPTOP-R36BQBTE,False,within_chunk,2,M1-N-3
ses_20260630-125757-LAPTOP-R36BQBTE,31,2026-06-30T13:12:16.977Z,2026-06-30T13:12:33.122Z,16.145,63,chunk_20260630-1300-LAPTOP-R36BQBTE,chunk_20260630-1300-LAPTOP-R36BQBTE,False,within_chunk,1,M1-H-3
ses_20260630-125757-LAPTOP-R36BQBTE,32,2026-06-30T13:12:36.793Z,2026-06-30T13:12:39.418Z,2.625,6,chunk_20260630-1300-LAPTOP-R36BQBTE,chunk_20260630-1300-LAPTOP-R36BQBTE,False,within_chunk,1,M1-H-3
ses_20260630-125757-LAPTOP-R36BQBTE,33,2026-06-30T13:12:42.680Z,2026-06-30T13:13:20.642Z,37.962,113,chunk_20260630-1300-LAPTOP-R36BQBTE,chunk_20260630-1300-LAPTOP-R36BQBTE,False,within_chunk,3,M1-K-3
ses_20260630-125757-LAPTOP-R36BQBTE,34,2026-06-30T13:13:24.294Z,2026-06-30T13:13:37.215Z,12.921,28,chunk_20260630-1300-LAPTOP-R36BQBTE,chunk_20260630-1300-LAPTOP-R36BQBTE,False,within_chunk,1,M1-L-4
ses_20260630-125757-LAPTOP-R36BQBTE,35,2026-06-30T13:14:12.762Z,2026-06-30T13:14:13.344Z,0.582,4,chunk_20260630-1300-LAPTOP-R36BQBTE,chunk_20260630-1300-LAPTOP-R36BQBTE,False,within_chunk,1,M1-L-4
ses_20260630-125757-LAPTOP-R36BQBTE,36,2026-06-30T13:14:13.380Z,2026-06-30T13:15:02.008Z,48.628,129,chunk_20260630-1300-LAPTOP-R36BQBTE,chunk_20260630-1300-LAPTOP-R36BQBTE,False,within_chunk,1,M1-J-3
ses_20260630-125757-LAPTOP-R36BQBTE,37,2026-06-30T13:15:02.015Z,2026-06-30T13:16:01.589Z,59.574,140,chunk_20260630-1300-LAPTOP-R36BQBTE,chunk_20260630-1300-LAPTOP-R36BQBTE,False,within_chunk,1,M1-O-3
ses_20260630-125757-LAPTOP-R36BQBTE,38,2026-06-30T13:17:18.866Z,2026-06-30T13:17:23.917Z,5.051,22,chunk_20260630-1300-LAPTOP-R36BQBTE,chunk_20260630-1300-LAPTOP-R36BQBTE,False,within_chunk,0,
ses_20260630-131729-CHAITANYA0BCF,1,2026-06-30T13:17:29.721Z,2026-06-30T13:19:54.335Z,144.614,161,chunk_20260630-1300-CHAITANYA0BCF,chunk_20260630-1300-CHAITANYA0BCF,False,within_chunk,1,M1-D-2
ses_20260630-131729-CHAITANYA0BCF,2,2026-06-30T13:19:54.828Z,2026-06-30T13:20:47.597Z,52.769,168,chunk_20260630-1300-CHAITANYA0BCF,chunk_20260630-1300-CHAITANYA0BCF,False,within_chunk,1,M1-O-2
ses_20260630-131729-CHAITANYA0BCF,3,2026-06-30T13:20:50.369Z,2026-06-30T13:21:54.490Z,64.121,152,chunk_20260630-1300-CHAITANYA0BCF,chunk_20260630-1300-CHAITANYA0BCF,False,within_chunk,3,M1-E-1
ses_20260630-131729-CHAITANYA0BCF,4,2026-06-30T13:21:54.981Z,2026-06-30T13:22:36.378Z,41.397,120,chunk_20260630-1300-CHAITANYA0BCF,chunk_20260630-1300-CHAITANYA0BCF,False,within_chunk,2,M1-O-3
ses_20260630-131729-CHAITANYA0BCF,5,2026-06-30T13:22:38.703Z,2026-06-30T13:22:56.232Z,17.529,68,chunk_20260630-1300-CHAITANYA0BCF,chunk_20260630-1300-CHAITANYA0BCF,False,within_chunk,2,M1-G-1
ses_20260630-131729-CHAITANYA0BCF,6,2026-06-30T13:22:56.234Z,2026-06-30T13:22:59.785Z,3.551,6,chunk_20260630-1300-CHAITANYA0BCF,chunk_20260630-1300-CHAITANYA0BCF,False,within_chunk,1,M1-G-1
ses_20260630-131729-CHAITANYA0BCF,7,2026-06-30T13:22:59.822Z,2026-06-30T13:24:19.438Z,79.616,152,chunk_20260630-1300-CHAITANYA0BCF,chunk_20260630-1300-CHAITANYA0BCF,False,within_chunk,1,M1-C-2
ses_20260630-131729-CHAITANYA0BCF,8,2026-06-30T13:24:37.713Z,2026-06-30T13:25:18.234Z,40.521,85,chunk_20260630-1300-CHAITANYA0BCF,chunk_20260630-1300-CHAITANYA0BCF,False,within_chunk,2,M1-L-2
ses_20260630-131729-CHAITANYA0BCF,9,2026-06-30T13:25:18.748Z,2026-06-30T13:25:53.332Z,34.584,100,chunk_20260630-1300-CHAITANYA0BCF,chunk_20260630-1300-CHAITANYA0BCF,False,within_chunk,1,M1-C-3
ses_20260630-131729-CHAITANYA0BCF,10,2026-06-30T13:25:53.844Z,2026-06-30T13:26:32.907Z,39.063,111,chunk_20260630-1300-CHAITANYA0BCF,chunk_20260630-1300-CHAITANYA0BCF,False,within_chunk,2,M1-M-1
ses_20260630-131729-CHAITANYA0BCF,11,2026-06-30T13:26:32.966Z,2026-06-30T13:27:06.928Z,33.962,89,chunk_20260630-1300-CHAITANYA0BCF,chunk_20260630-1300-CHAITANYA0BCF,False,within_chunk,1,M1-C-4
ses_20260630-131729-CHAITANYA0BCF,12,2026-06-30T13:27:09.521Z,2026-06-30T13:27:32.039Z,22.518,77,chunk_20260630-1300-CHAITANYA0BCF,chunk_20260630-1300-CHAITANYA0BCF,False,within_chunk,2,M1-L-3
ses_20260630-131729-CHAITANYA0BCF,13,2026-06-30T13:27:36.010Z,2026-06-30T13:28:04.470Z,28.46,68,chunk_20260630-1300-CHAITANYA0BCF,chunk_20260630-1300-CHAITANYA0BCF,False,within_chunk,1,M1-M-2
ses_20260630-131729-CHAITANYA0BCF,14,2026-06-30T13:28:08.158Z,2026-06-30T13:28:30.513Z,22.355,55,chunk_20260630-1300-CHAITANYA0BCF,chunk_20260630-1300-CHAITANYA0BCF,False,within_chunk,1,M1-L-4
ses_20260630-131729-CHAITANYA0BCF,15,2026-06-30T13:28:30.968Z,2026-06-30T13:31:18.102Z,167.134,149,chunk_20260630-1300-CHAITANYA0BCF,chunk_20260630-1330-CHAITANYA0BCF,True,continuation_across_chunk,0,
ses_20260630-131729-CHAITANYA0BCF,16,2026-06-30T13:31:33.450Z,2026-06-30T13:32:32.244Z,58.794,67,chunk_20260630-1330-CHAITANYA0BCF,chunk_20260630-1330-CHAITANYA0BCF,False,within_chunk,1,M1-G-4
ses_20260630-131729-CHAITANYA0BCF,17,2026-06-30T13:32:34.763Z,2026-06-30T13:32:35.427Z,0.664,6,chunk_20260630-1330-CHAITANYA0BCF,chunk_20260630-1330-CHAITANYA0BCF,False,within_chunk,2,M1-E-2
ses_20260630-131729-CHAITANYA0BCF,18,2026-06-30T13:32:35.529Z,2026-06-30T13:33:02.197Z,26.668,97,chunk_20260630-1330-CHAITANYA0BCF,chunk_20260630-1330-CHAITANYA0BCF,False,within_chunk,1,M1-E-2
ses_20260630-131729-CHAITANYA0BCF,19,2026-06-30T13:33:02.619Z,2026-06-30T13:33:40.165Z,37.546,91,chunk_20260630-1330-CHAITANYA0BCF,chunk_20260630-1330-CHAITANYA0BCF,False,within_chunk,2,M1-N-1
ses_20260630-131729-CHAITANYA0BCF,20,2026-06-30T13:33:40.215Z,2026-06-30T13:34:05.565Z,25.35,89,chunk_20260630-1330-CHAITANYA0BCF,chunk_20260630-1330-CHAITANYA0BCF,False,within_chunk,1,M1-E-3
ses_20260630-131729-CHAITANYA0BCF,21,2026-06-30T13:34:08.062Z,2026-06-30T13:35:24.219Z,76.157,150,chunk_20260630-1330-CHAITANYA0BCF,chunk_20260630-1330-CHAITANYA0BCF,False,within_chunk,2,M1-M-4
ses_20260630-131729-CHAITANYA0BCF,22,2026-06-30T13:35:28.499Z,2026-06-30T13:37:05.350Z,96.851,137,chunk_20260630-1330-CHAITANYA0BCF,chunk_20260630-1330-CHAITANYA0BCF,False,within_chunk,1,M1-N-3
ses_20260630-132737-LAPTOP-R36BQBTE,1,2026-06-30T13:27:37.277Z,2026-06-30T13:28:01.191Z,23.914,36,chunk_20260630-1300-LAPTOP-R36BQBTE,chunk_20260630-1300-LAPTOP-R36BQBTE,False,within_chunk,0,
ses_20260630-132737-LAPTOP-R36BQBTE,2,2026-06-30T13:28:56.038Z,2026-06-30T13:29:22.567Z,26.529,79,chunk_20260630-1300-LAPTOP-R36BQBTE,chunk_20260630-1300-LAPTOP-R36BQBTE,False,within_chunk,1,M1-F-1
ses_20260630-132737-LAPTOP-R36BQBTE,3,2026-06-30T13:29:25.804Z,2026-06-30T13:30:43.701Z,77.897,184,chunk_20260630-1300-LAPTOP-R36BQBTE,chunk_20260630-1330-LAPTOP-R36BQBTE,True,continuation_across_chunk,3,M1-E-1
ses_20260630-132737-LAPTOP-R36BQBTE,4,2026-06-30T13:31:00.982Z,2026-06-30T13:31:18.525Z,17.543,35,chunk_20260630-1330-LAPTOP-R36BQBTE,chunk_20260630-1330-LAPTOP-R36BQBTE,False,within_chunk,2,M1-C-2
ses_20260630-132737-LAPTOP-R36BQBTE,5,2026-06-30T13:31:21.627Z,2026-06-30T13:31:31.189Z,9.562,17,chunk_20260630-1330-LAPTOP-R36BQBTE,chunk_20260630-1330-LAPTOP-R36BQBTE,False,within_chunk,1,M1-B-1
ses_20260630-132737-LAPTOP-R36BQBTE,6,2026-06-30T13:32:02.237Z,2026-06-30T13:32:06.192Z,3.955,7,chunk_20260630-1330-LAPTOP-R36BQBTE,chunk_20260630-1330-LAPTOP-R36BQBTE,False,within_chunk,1,M1-D-1
ses_20260630-132737-LAPTOP-R36BQBTE,7,2026-06-30T13:32:22.432Z,2026-06-30T13:33:21.101Z,58.669,45,chunk_20260630-1330-LAPTOP-R36BQBTE,chunk_20260630-1330-LAPTOP-R36BQBTE,False,within_chunk,1,M1-D-1
ses_20260630-132737-LAPTOP-R36BQBTE,8,2026-06-30T13:33:41.726Z,2026-06-30T13:34:45.529Z,63.803,109,chunk_20260630-1330-LAPTOP-R36BQBTE,chunk_20260630-1330-LAPTOP-R36BQBTE,False,within_chunk,3,M1-H-1
ses_20260630-132737-LAPTOP-R36BQBTE,9,2026-06-30T13:34:45.536Z,2026-06-30T13:35:07.767Z,22.231,61,chunk_20260630-1330-LAPTOP-R36BQBTE,chunk_20260630-1330-LAPTOP-R36BQBTE,False,within_chunk,1,M1-B-2
ses_20260630-132737-LAPTOP-R36BQBTE,10,2026-06-30T13:35:45.965Z,2026-06-30T13:36:17.137Z,31.172,84,chunk_20260630-1330-LAPTOP-R36BQBTE,chunk_20260630-1330-LAPTOP-R36BQBTE,False,within_chunk,2,M1-F-2
ses_20260630-132737-LAPTOP-R36BQBTE,11,2026-06-30T13:36:17.165Z,2026-06-30T13:36:56.755Z,39.59,89,chunk_20260630-1330-LAPTOP-R36BQBTE,chunk_20260630-1330-LAPTOP-R36BQBTE,False,within_chunk,2,M1-C-3
ses_20260630-132737-LAPTOP-R36BQBTE,12,2026-06-30T13:36:56.792Z,2026-06-30T13:37:19.744Z,22.952,76,chunk_20260630-1330-LAPTOP-R36BQBTE,chunk_20260630-1330-LAPTOP-R36BQBTE,False,within_chunk,1,M1-F-3
ses_20260630-132737-LAPTOP-R36BQBTE,13,2026-06-30T13:37:21.605Z,2026-06-30T13:39:01.286Z,99.681,211,chunk_20260630-1330-LAPTOP-R36BQBTE,chunk_20260630-1330-LAPTOP-R36BQBTE,False,within_chunk,5,M1-C-4
ses_20260630-132737-LAPTOP-R36BQBTE,14,2026-06-30T13:39:01.312Z,2026-06-30T13:39:38.747Z,37.435,79,chunk_20260630-1330-LAPTOP-R36BQBTE,chunk_20260630-1330-LAPTOP-R36BQBTE,False,within_chunk,1,M1-O-1
ses_20260630-132737-LAPTOP-R36BQBTE,15,2026-06-30T13:40:32.794Z,2026-06-30T13:40:35.235Z,2.441,4,chunk_20260630-1330-LAPTOP-R36BQBTE,chunk_20260630-1330-LAPTOP-R36BQBTE,False,within_chunk,1,M1-O-1
ses_20260630-132737-LAPTOP-R36BQBTE,16,2026-06-30T13:40:35.633Z,2026-06-30T13:41:19.348Z,43.715,93,chunk_20260630-1330-LAPTOP-R36BQBTE,chunk_20260630-1330-LAPTOP-R36BQBTE,False,within_chunk,2,M1-D-2
ses_20260630-132737-LAPTOP-R36BQBTE,17,2026-06-30T13:41:23.174Z,2026-06-30T13:41:34.741Z,11.567,22,chunk_20260630-1330-LAPTOP-R36BQBTE,chunk_20260630-1330-LAPTOP-R36BQBTE,False,within_chunk,1,M1-A-2
ses_20260630-132737-LAPTOP-R36BQBTE,18,2026-06-30T13:41:35.179Z,2026-06-30T13:42:04.473Z,29.294,78,chunk_20260630-1330-LAPTOP-R36BQBTE,chunk_20260630-1330-LAPTOP-R36BQBTE,False,within_chunk,1,M1-O-2
ses_20260630-132737-LAPTOP-R36BQBTE,19,2026-06-30T13:42:04.918Z,2026-06-30T13:42:44.883Z,39.965,56,chunk_20260630-1330-LAPTOP-R36BQBTE,chunk_20260630-1330-LAPTOP-R36BQBTE,False,within_chunk,1,M1-D-3
ses_20260630-132737-LAPTOP-R36BQBTE,20,2026-06-30T13:42:45.430Z,2026-06-30T13:43:10.634Z,25.204,77,chunk_20260630-1330-LAPTOP-R36BQBTE,chunk_20260630-1330-LAPTOP-R36BQBTE,False,within_chunk,1,M1-O-3
ses_20260630-132737-LAPTOP-R36BQBTE,21,2026-06-30T13:43:12.166Z,2026-06-30T13:43:15.623Z,3.457,7,chunk_20260630-1330-LAPTOP-R36BQBTE,chunk_20260630-1330-LAPTOP-R36BQBTE,False,within_chunk,2,M1-B-3
ses_20260630-132737-LAPTOP-R36BQBTE,22,2026-06-30T13:43:15.675Z,2026-06-30T13:43:36.699Z,21.024,62,chunk_20260630-1330-LAPTOP-R36BQBTE,chunk_20260630-1330-LAPTOP-R36BQBTE,False,within_chunk,1,M1-B-3
ses_20260630-132737-LAPTOP-R36BQBTE,23,2026-06-30T13:44:17.449Z,2026-06-30T13:45:51.899Z,94.45,192,chunk_20260630-1330-LAPTOP-R36BQBTE,chunk_20260630-1330-LAPTOP-R36BQBTE,False,within_chunk,2,M1-B-4
ses_20260630-132737-LAPTOP-R36BQBTE,24,2026-06-30T13:45:51.927Z,2026-06-30T13:46:04.950Z,13.023,49,chunk_20260630-1330-LAPTOP-R36BQBTE,chunk_20260630-1330-LAPTOP-R36BQBTE,False,within_chunk,0,
ses_20260630-132737-LAPTOP-R36BQBTE,25,2026-06-30T13:46:06.641Z,2026-06-30T13:46:42.367Z,35.726,72,chunk_20260630-1330-LAPTOP-R36BQBTE,chunk_20260630-1330-LAPTOP-R36BQBTE,False,within_chunk,1,M1-H-3
ses_20260630-132737-LAPTOP-R36BQBTE,26,2026-06-30T13:46:42.864Z,2026-06-30T13:47:10.768Z,27.904,93,chunk_20260630-1330-LAPTOP-R36BQBTE,chunk_20260630-1330-LAPTOP-R36BQBTE,False,within_chunk,2,M1-E-3
ses_20260630-132737-LAPTOP-R36BQBTE,27,2026-06-30T13:47:10.800Z,2026-06-30T13:47:54.218Z,43.418,79,chunk_20260630-1330-LAPTOP-R36BQBTE,chunk_20260630-1330-LAPTOP-R36BQBTE,False,within_chunk,1,M1-H-4
ses_20260630-132737-LAPTOP-R36BQBTE,28,2026-06-30T13:48:57.877Z,2026-06-30T13:49:01.526Z,3.649,29,chunk_20260630-1330-LAPTOP-R36BQBTE,chunk_20260630-1330-LAPTOP-R36BQBTE,False,within_chunk,0,
ses_20260630-135201-LAPTOP-R36BQBTE,1,2026-06-30T13:52:01.354Z,2026-06-30T13:52:14.837Z,13.483,33,chunk_20260630-1330-LAPTOP-R36BQBTE,chunk_20260630-1330-LAPTOP-R36BQBTE,False,within_chunk,0,
ses_20260630-135201-LAPTOP-R36BQBTE,2,2026-06-30T13:53:11.858Z,2026-06-30T13:54:10.321Z,58.463,127,chunk_20260630-1330-LAPTOP-R36BQBTE,chunk_20260630-1330-LAPTOP-R36BQBTE,False,within_chunk,1,M1-O-2
ses_20260630-135201-LAPTOP-R36BQBTE,3,2026-06-30T13:54:10.875Z,2026-06-30T13:55:20.010Z,69.135,102,chunk_20260630-1330-LAPTOP-R36BQBTE,chunk_20260630-1330-LAPTOP-R36BQBTE,False,within_chunk,2,M1-I-1
ses_20260630-135201-LAPTOP-R36BQBTE,4,2026-06-30T13:55:20.025Z,2026-06-30T13:55:42.196Z,22.171,63,chunk_20260630-1330-LAPTOP-R36BQBTE,chunk_20260630-1330-LAPTOP-R36BQBTE,False,within_chunk,1,M1-L-1
ses_20260630-135201-LAPTOP-R36BQBTE,5,2026-06-30T13:56:08.660Z,2026-06-30T13:56:31.662Z,23.002,49,chunk_20260630-1330-LAPTOP-R36BQBTE,chunk_20260630-1330-LAPTOP-R36BQBTE,False,within_chunk,1,M1-K-1
ses_20260630-135201-LAPTOP-R36BQBTE,6,2026-06-30T13:56:32.096Z,2026-06-30T13:58:32.456Z,120.36,105,chunk_20260630-1330-LAPTOP-R36BQBTE,chunk_20260630-1330-LAPTOP-R36BQBTE,False,within_chunk,0,
ses_20260630-135201-LAPTOP-R36BQBTE,7,2026-06-30T13:58:47.060Z,2026-06-30T13:59:45.447Z,58.387,62,chunk_20260630-1330-LAPTOP-R36BQBTE,chunk_20260630-1330-LAPTOP-R36BQBTE,False,within_chunk,2,M1-C-2
ses_20260630-135201-LAPTOP-R36BQBTE,8,2026-06-30T13:59:45.542Z,2026-06-30T13:59:45.923Z,0.381,9,chunk_20260630-1330-LAPTOP-R36BQBTE,chunk_20260630-1330-LAPTOP-R36BQBTE,False,within_chunk,1,M1-K-2
ses_20260630-135201-LAPTOP-R36BQBTE,9,2026-06-30T13:59:48.631Z,2026-06-30T14:00:07.993Z,19.362,61,chunk_20260630-1330-LAPTOP-R36BQBTE,chunk_20260630-1400-LAPTOP-R36BQBTE,True,continuation_across_chunk,2,M1-K-2
ses_20260630-135201-LAPTOP-R36BQBTE,10,2026-06-30T14:00:08.032Z,2026-06-30T14:00:08.583Z,0.551,12,chunk_20260630-1400-LAPTOP-R36BQBTE,chunk_20260630-1400-LAPTOP-R36BQBTE,False,within_chunk,1,M1-B-1
ses_20260630-135201-LAPTOP-R36BQBTE,11,2026-06-30T14:00:11.444Z,2026-06-30T14:00:31.869Z,20.425,51,chunk_20260630-1400-LAPTOP-R36BQBTE,chunk_20260630-1400-LAPTOP-R36BQBTE,False,within_chunk,1,M1-B-1
ses_20260630-135201-LAPTOP-R36BQBTE,12,2026-06-30T14:00:31.975Z,2026-06-30T14:00:52.153Z,20.178,64,chunk_20260630-1400-LAPTOP-R36BQBTE,chunk_20260630-1400-LAPTOP-R36BQBTE,False,within_chunk,2,M1-L-2
ses_20260630-135201-LAPTOP-R36BQBTE,13,2026-06-30T14:00:53.994Z,2026-06-30T14:01:09.021Z,15.027,54,chunk_20260630-1400-LAPTOP-R36BQBTE,chunk_20260630-1400-LAPTOP-R36BQBTE,False,within_chunk,2,M1-B-2
ses_20260630-135201-LAPTOP-R36BQBTE,14,2026-06-30T14:01:09.553Z,2026-06-30T14:01:17.458Z,7.905,14,chunk_20260630-1400-LAPTOP-R36BQBTE,chunk_20260630-1400-LAPTOP-R36BQBTE,False,within_chunk,1,M1-B-2
ses_20260630-135201-LAPTOP-R36BQBTE,15,2026-06-30T14:01:24.649Z,2026-06-30T14:01:57.253Z,32.604,63,chunk_20260630-1400-LAPTOP-R36BQBTE,chunk_20260630-1400-LAPTOP-R36BQBTE,False,within_chunk,1,M1-C-3
ses_20260630-135201-LAPTOP-R36BQBTE,16,2026-06-30T14:01:57.306Z,2026-06-30T14:02:19.979Z,22.673,49,chunk_20260630-1400-LAPTOP-R36BQBTE,chunk_20260630-1400-LAPTOP-R36BQBTE,False,within_chunk,0,
ses_20260630-135201-LAPTOP-R36BQBTE,17,2026-06-30T14:02:35.601Z,2026-06-30T14:03:20.663Z,45.062,59,chunk_20260630-1400-LAPTOP-R36BQBTE,chunk_20260630-1400-LAPTOP-R36BQBTE,False,within_chunk,1,M1-I-3
ses_20260630-135201-LAPTOP-R36BQBTE,18,2026-06-30T14:03:22.614Z,2026-06-30T14:03:22.714Z,0.1,4,chunk_20260630-1400-LAPTOP-R36BQBTE,chunk_20260630-1400-LAPTOP-R36BQBTE,False,within_chunk,1,M1-I-3
ses_20260630-135201-LAPTOP-R36BQBTE,19,2026-06-30T14:03:32.111Z,2026-06-30T14:04:19.095Z,46.984,79,chunk_20260630-1400-LAPTOP-R36BQBTE,chunk_20260630-1400-LAPTOP-R36BQBTE,False,within_chunk,2,M1-I-3
ses_20260630-135201-LAPTOP-R36BQBTE,20,2026-06-30T14:04:27.248Z,2026-06-30T14:05:21.077Z,53.829,62,chunk_20260630-1400-LAPTOP-R36BQBTE,chunk_20260630-1400-LAPTOP-R36BQBTE,False,within_chunk,2,M1-D-1
ses_20260630-135201-LAPTOP-R36BQBTE,21,2026-06-30T14:05:23.786Z,2026-06-30T14:05:44.917Z,21.131,69,chunk_20260630-1400-LAPTOP-R36BQBTE,chunk_20260630-1400-LAPTOP-R36BQBTE,False,within_chunk,2,M1-L-3
ses_20260630-135201-LAPTOP-R36BQBTE,22,2026-06-30T14:05:51.819Z,2026-06-30T14:05:55.667Z,3.848,16,chunk_20260630-1400-LAPTOP-R36BQBTE,chunk_20260630-1400-LAPTOP-R36BQBTE,False,within_chunk,1,M1-K-3
ses_20260630-135201-LAPTOP-R36BQBTE,23,2026-06-30T14:06:00.123Z,2026-06-30T14:06:56.968Z,56.845,178,chunk_20260630-1400-LAPTOP-R36BQBTE,chunk_20260630-1400-LAPTOP-R36BQBTE,False,within_chunk,2,M1-K-3
ses_20260630-135201-LAPTOP-R36BQBTE,24,2026-06-30T14:07:08.659Z,2026-06-30T14:07:25.821Z,17.162,55,chunk_20260630-1400-LAPTOP-R36BQBTE,chunk_20260630-1400-LAPTOP-R36BQBTE,False,within_chunk,2,M1-G-2
ses_20260630-135201-LAPTOP-R36BQBTE,25,2026-06-30T14:07:27.796Z,2026-06-30T14:07:28.466Z,0.67,5,chunk_20260630-1400-LAPTOP-R36BQBTE,chunk_20260630-1400-LAPTOP-R36BQBTE,False,within_chunk,1,M1-G-2
ses_20260630-135201-LAPTOP-R36BQBTE,26,2026-06-30T14:07:30.304Z,2026-06-30T14:07:34.143Z,3.839,17,chunk_20260630-1400-LAPTOP-R36BQBTE,chunk_20260630-1400-LAPTOP-R36BQBTE,False,within_chunk,2,M1-O-3
ses_20260630-135201-LAPTOP-R36BQBTE,27,2026-06-30T14:07:36.655Z,2026-06-30T14:08:23.370Z,46.715,123,chunk_20260630-1400-LAPTOP-R36BQBTE,chunk_20260630-1400-LAPTOP-R36BQBTE,False,within_chunk,2,M1-O-3
ses_20260630-135201-LAPTOP-R36BQBTE,28,2026-06-30T14:08:23.789Z,2026-06-30T14:08:55.968Z,32.179,73,chunk_20260630-1400-LAPTOP-R36BQBTE,chunk_20260630-1400-LAPTOP-R36BQBTE,False,within_chunk,1,M1-B-3
ses_20260630-135201-LAPTOP-R36BQBTE,29,2026-06-30T14:09:16.643Z,2026-06-30T14:09:17.941Z,1.298,6,chunk_20260630-1400-LAPTOP-R36BQBTE,chunk_20260630-1400-LAPTOP-R36BQBTE,False,within_chunk,0,
ses_20260630-135201-LAPTOP-R36BQBTE,30,2026-06-30T14:09:18.037Z,2026-06-30T14:09:18.256Z,0.219,4,chunk_20260630-1400-LAPTOP-R36BQBTE,chunk_20260630-1400-LAPTOP-R36BQBTE,False,within_chunk,0,
ses_20260630-135201-LAPTOP-R36BQBTE,31,2026-06-30T14:09:18.285Z,2026-06-30T14:09:34.664Z,16.379,36,chunk_20260630-1400-LAPTOP-R36BQBTE,chunk_20260630-1400-LAPTOP-R36BQBTE,False,within_chunk,1,M1-D-3
ses_20260630-135201-LAPTOP-R36BQBTE,32,2026-06-30T14:09:46.954Z,2026-06-30T14:09:48.145Z,1.191,10,chunk_20260630-1400-LAPTOP-R36BQBTE,chunk_20260630-1400-LAPTOP-R36BQBTE,False,within_chunk,1,M1-D-3
ses_20260630-135201-LAPTOP-R36BQBTE,33,2026-06-30T14:09:48.223Z,2026-06-30T14:10:04.272Z,16.049,35,chunk_20260630-1400-LAPTOP-R36BQBTE,chunk_20260630-1400-LAPTOP-R36BQBTE,False,within_chunk,1,M1-D-3
ses_20260630-135201-LAPTOP-R36BQBTE,34,2026-06-30T14:11:07.956Z,2026-06-30T14:11:29.895Z,21.939,66,chunk_20260630-1400-LAPTOP-R36BQBTE,chunk_20260630-1400-LAPTOP-R36BQBTE,False,within_chunk,2,M1-G-3
ses_20260630-135201-LAPTOP-R36BQBTE,35,2026-06-30T14:11:30.377Z,2026-06-30T14:11:30.481Z,0.104,4,chunk_20260630-1400-LAPTOP-R36BQBTE,chunk_20260630-1400-LAPTOP-R36BQBTE,False,within_chunk,1,M1-G-3
ses_20260630-135201-LAPTOP-R36BQBTE,36,2026-06-30T14:11:32.089Z,2026-06-30T14:12:05.683Z,33.594,85,chunk_20260630-1400-LAPTOP-R36BQBTE,chunk_20260630-1400-LAPTOP-R36BQBTE,False,within_chunk,3,M1-K-5
ses_20260630-135201-LAPTOP-R36BQBTE,37,2026-06-30T14:12:05.735Z,2026-06-30T14:12:43.428Z,37.693,81,chunk_20260630-1400-LAPTOP-R36BQBTE,chunk_20260630-1400-LAPTOP-R36BQBTE,False,within_chunk,1,M1-G-4
ses_20260630-135201-LAPTOP-R36BQBTE,38,2026-06-30T14:18:19.873Z,2026-06-30T14:18:23.017Z,3.144,35,chunk_20260630-1400-LAPTOP-R36BQBTE,chunk_20260630-1400-LAPTOP-R36BQBTE,False,within_chunk,0,
ses_20260630-135451-CHAITANYA0BCF,1,2026-06-30T13:54:51.177Z,2026-06-30T13:56:06.846Z,75.669,98,chunk_20260630-1330-CHAITANYA0BCF,chunk_20260630-1330-CHAITANYA0BCF,False,within_chunk,1,M1-H-1
ses_20260630-135451-CHAITANYA0BCF,2,2026-06-30T13:56:10.691Z,2026-06-30T13:56:31.236Z,20.545,73,chunk_20260630-1330-CHAITANYA0BCF,chunk_20260630-1330-CHAITANYA0BCF,False,within_chunk,1,M1-J-1
ses_20260630-135451-CHAITANYA0BCF,3,2026-06-30T13:56:33.987Z,2026-06-30T13:58:55.317Z,141.33,342,chunk_20260630-1330-CHAITANYA0BCF,chunk_20260630-1330-CHAITANYA0BCF,False,within_chunk,4,M1-M-2
ses_20260630-135451-CHAITANYA0BCF,4,2026-06-30T13:58:57.580Z,2026-06-30T13:59:47.820Z,50.24,161,chunk_20260630-1330-CHAITANYA0BCF,chunk_20260630-1330-CHAITANYA0BCF,False,within_chunk,2,M1-F-2
ses_20260630-135451-CHAITANYA0BCF,5,2026-06-30T13:59:51.679Z,2026-06-30T14:00:13.433Z,21.754,76,chunk_20260630-1330-CHAITANYA0BCF,chunk_20260630-1400-CHAITANYA0BCF,True,continuation_across_chunk,1,M1-L-1
ses_20260630-135451-CHAITANYA0BCF,6,2026-06-30T14:00:17.097Z,2026-06-30T14:00:43.034Z,25.937,95,chunk_20260630-1400-CHAITANYA0BCF,chunk_20260630-1400-CHAITANYA0BCF,False,within_chunk,2,M1-H-2
ses_20260630-135451-CHAITANYA0BCF,7,2026-06-30T14:00:46.333Z,2026-06-30T14:01:12.441Z,26.108,73,chunk_20260630-1400-CHAITANYA0BCF,chunk_20260630-1400-CHAITANYA0BCF,False,within_chunk,1,M1-J-2
ses_20260630-135451-CHAITANYA0BCF,8,2026-06-30T14:01:16.538Z,2026-06-30T14:01:38.767Z,22.229,60,chunk_20260630-1400-CHAITANYA0BCF,chunk_20260630-1400-CHAITANYA0BCF,False,within_chunk,1,M1-F-3
ses_20260630-135451-CHAITANYA0BCF,9,2026-06-30T14:01:39.254Z,2026-06-30T14:02:18.729Z,39.475,109,chunk_20260630-1400-CHAITANYA0BCF,chunk_20260630-1400-CHAITANYA0BCF,False,within_chunk,1,M1-C-1
ses_20260630-135451-CHAITANYA0BCF,10,2026-06-30T14:02:19.120Z,2026-06-30T14:02:46.654Z,27.534,93,chunk_20260630-1400-CHAITANYA0BCF,chunk_20260630-1400-CHAITANYA0BCF,False,within_chunk,1,M1-H-3
ses_20260630-135451-CHAITANYA0BCF,11,2026-06-30T14:02:47.132Z,2026-06-30T14:03:10.290Z,23.158,101,chunk_20260630-1400-CHAITANYA0BCF,chunk_20260630-1400-CHAITANYA0BCF,False,within_chunk,1,M1-A-1
ses_20260630-135451-CHAITANYA0BCF,12,2026-06-30T14:03:12.862Z,2026-06-30T14:03:52.234Z,39.372,94,chunk_20260630-1400-CHAITANYA0BCF,chunk_20260630-1400-CHAITANYA0BCF,False,within_chunk,2,M1-M-3
ses_20260630-135451-CHAITANYA0BCF,13,2026-06-30T14:03:52.566Z,2026-06-30T14:04:22.972Z,30.406,110,chunk_20260630-1400-CHAITANYA0BCF,chunk_20260630-1400-CHAITANYA0BCF,False,within_chunk,1,M1-H-4
ses_20260630-135451-CHAITANYA0BCF,14,2026-06-30T14:04:23.374Z,2026-06-30T14:04:49.506Z,26.132,81,chunk_20260630-1400-CHAITANYA0BCF,chunk_20260630-1400-CHAITANYA0BCF,False,within_chunk,1,M1-A-2
ses_20260630-135451-CHAITANYA0BCF,15,2026-06-30T14:04:50.088Z,2026-06-30T14:05:56.348Z,66.26,189,chunk_20260630-1400-CHAITANYA0BCF,chunk_20260630-1400-CHAITANYA0BCF,False,within_chunk,1,M1-L-4
ses_20260630-135451-CHAITANYA0BCF,16,2026-06-30T14:06:00.530Z,2026-06-30T14:06:33.110Z,32.58,69,chunk_20260630-1400-CHAITANYA0BCF,chunk_20260630-1400-CHAITANYA0BCF,False,within_chunk,1,M1-M-4
ses_20260630-135451-CHAITANYA0BCF,17,2026-06-30T14:06:36.028Z,2026-06-30T14:07:04.988Z,28.96,99,chunk_20260630-1400-CHAITANYA0BCF,chunk_20260630-1400-CHAITANYA0BCF,False,within_chunk,2,M1-J-3
ses_20260630-135451-CHAITANYA0BCF,18,2026-06-30T14:07:05.649Z,2026-06-30T14:07:30.333Z,24.684,84,chunk_20260630-1400-CHAITANYA0BCF,chunk_20260630-1400-CHAITANYA0BCF,False,within_chunk,1,M1-A-3
ses_20260630-135451-CHAITANYA0BCF,19,2026-06-30T14:07:32.608Z,2026-06-30T14:08:27.901Z,55.293,111,chunk_20260630-1400-CHAITANYA0BCF,chunk_20260630-1400-CHAITANYA0BCF,False,within_chunk,2,M1-I-1
ses_20260630-135451-CHAITANYA0BCF,20,2026-06-30T14:08:28.286Z,2026-06-30T14:08:57.163Z,28.877,89,chunk_20260630-1400-CHAITANYA0BCF,chunk_20260630-1400-CHAITANYA0BCF,False,within_chunk,1,M1-A-4
ses_20260630-135451-CHAITANYA0BCF,21,2026-06-30T14:08:57.776Z,2026-06-30T14:08:57.832Z,0.056,4,chunk_20260630-1400-CHAITANYA0BCF,chunk_20260630-1400-CHAITANYA0BCF,False,within_chunk,1,M1-O-1
ses_20260630-135451-CHAITANYA0BCF,22,2026-06-30T14:08:57.876Z,2026-06-30T14:09:24.933Z,27.057,95,chunk_20260630-1400-CHAITANYA0BCF,chunk_20260630-1400-CHAITANYA0BCF,False,within_chunk,1,M1-O-1
ses_20260630-135451-CHAITANYA0BCF,23,2026-06-30T14:09:25.407Z,2026-06-30T14:10:42.637Z,77.23,160,chunk_20260630-1400-CHAITANYA0BCF,chunk_20260630-1400-CHAITANYA0BCF,False,within_chunk,1,M1-C-3
ses_20260630-135451-CHAITANYA0BCF,24,2026-06-30T14:10:43.068Z,2026-06-30T14:11:06.156Z,23.088,53,chunk_20260630-1400-CHAITANYA0BCF,chunk_20260630-1400-CHAITANYA0BCF,False,within_chunk,1,M1-I-2
ses_20260630-135451-CHAITANYA0BCF,25,2026-06-30T14:11:24.967Z,2026-06-30T14:11:48.261Z,23.294,53,chunk_20260630-1400-CHAITANYA0BCF,chunk_20260630-1400-CHAITANYA0BCF,False,within_chunk,1,M1-I-2
ses_20260630-135451-CHAITANYA0BCF,26,2026-06-30T14:11:50.511Z,2026-06-30T14:12:30.132Z,39.621,90,chunk_20260630-1400-CHAITANYA0BCF,chunk_20260630-1400-CHAITANYA0BCF,False,within_chunk,2,M1-N-2
ses_20260630-135451-CHAITANYA0BCF,27,2026-06-30T14:12:30.531Z,2026-06-30T14:12:30.669Z,0.138,4,chunk_20260630-1400-CHAITANYA0BCF,chunk_20260630-1400-CHAITANYA0BCF,False,within_chunk,1,M1-I-3
ses_20260630-135451-CHAITANYA0BCF,28,2026-06-30T14:12:30.693Z,2026-06-30T14:13:35.136Z,64.443,94,chunk_20260630-1400-CHAITANYA0BCF,chunk_20260630-1400-CHAITANYA0BCF,False,within_chunk,1,M1-I-3
ses_20260630-135451-CHAITANYA0BCF,29,2026-06-30T14:13:37.551Z,2026-06-30T14:14:11.650Z,34.099,87,chunk_20260630-1400-CHAITANYA0BCF,chunk_20260630-1400-CHAITANYA0BCF,False,within_chunk,2,M1-N-3
ses_20260630-135451-CHAITANYA0BCF,30,2026-06-30T14:14:12.101Z,2026-06-30T14:14:50.232Z,38.131,77,chunk_20260630-1400-CHAITANYA0BCF,chunk_20260630-1400-CHAITANYA0BCF,False,within_chunk,1,M1-C-4
ses_20260630-135451-CHAITANYA0BCF,31,2026-06-30T14:14:53.262Z,2026-06-30T14:15:58.910Z,65.648,175,chunk_20260630-1400-CHAITANYA0BCF,chunk_20260630-1400-CHAITANYA0BCF,False,within_chunk,2,M1-O-3
ses_20260630-145433-JAYESH,1,2026-06-30T14:54:33.445Z,2026-06-30T14:55:48.908Z,75.463,90,chunk_20260630-1430-JAYESH,chunk_20260630-1430-JAYESH,False,within_chunk,1,M1-K-1
ses_20260630-145433-JAYESH,2,2026-06-30T14:55:51.961Z,2026-06-30T14:55:53.088Z,1.127,12,chunk_20260630-1430-JAYESH,chunk_20260630-1430-JAYESH,False,within_chunk,2,M1-H-1
ses_20260630-145433-JAYESH,3,2026-06-30T14:55:53.100Z,2026-06-30T14:56:17.418Z,24.318,76,chunk_20260630-1430-JAYESH,chunk_20260630-1430-JAYESH,False,within_chunk,2,M1-H-1
ses_20260630-145433-JAYESH,4,2026-06-30T14:56:17.497Z,2026-06-30T14:56:41.282Z,23.785,89,chunk_20260630-1430-JAYESH,chunk_20260630-1430-JAYESH,False,within_chunk,1,M1-K-2
ses_20260630-145433-JAYESH,5,2026-06-30T14:56:41.284Z,2026-06-30T14:57:07.786Z,26.502,63,chunk_20260630-1430-JAYESH,chunk_20260630-1430-JAYESH,False,within_chunk,2,M1-O-1
ses_20260630-145433-JAYESH,6,2026-06-30T14:57:07.788Z,2026-06-30T14:57:44.786Z,36.998,60,chunk_20260630-1430-JAYESH,chunk_20260630-1430-JAYESH,False,within_chunk,2,M1-N-1
ses_20260630-145433-JAYESH,7,2026-06-30T14:57:44.788Z,2026-06-30T14:57:49.273Z,4.485,17,chunk_20260630-1430-JAYESH,chunk_20260630-1430-JAYESH,False,within_chunk,2,M1-G-1
ses_20260630-145433-JAYESH,8,2026-06-30T14:57:49.336Z,2026-06-30T14:58:08.742Z,19.406,61,chunk_20260630-1430-JAYESH,chunk_20260630-1430-JAYESH,False,within_chunk,1,M1-G-1
ses_20260630-145433-JAYESH,9,2026-06-30T14:58:11.563Z,2026-06-30T14:58:12.237Z,0.674,5,chunk_20260630-1430-JAYESH,chunk_20260630-1430-JAYESH,False,within_chunk,2,M1-N-2
ses_20260630-145433-JAYESH,10,2026-06-30T14:58:12.260Z,2026-06-30T14:58:50.124Z,37.864,77,chunk_20260630-1430-JAYESH,chunk_20260630-1430-JAYESH,False,within_chunk,1,M1-N-2
ses_20260630-145433-JAYESH,11,2026-06-30T14:58:50.126Z,2026-06-30T14:59:18.287Z,28.161,64,chunk_20260630-1430-JAYESH,chunk_20260630-1430-JAYESH,False,within_chunk,2,M1-O-2
ses_20260630-145433-JAYESH,12,2026-06-30T14:59:18.288Z,2026-06-30T14:59:22.509Z,4.221,15,chunk_20260630-1430-JAYESH,chunk_20260630-1430-JAYESH,False,within_chunk,2,M1-F-1
ses_20260630-145433-JAYESH,13,2026-06-30T14:59:23.455Z,2026-06-30T14:59:46.469Z,23.014,89,chunk_20260630-1430-JAYESH,chunk_20260630-1430-JAYESH,False,within_chunk,1,M1-F-1
ses_20260630-145433-JAYESH,14,2026-06-30T14:59:46.470Z,2026-06-30T14:59:50.100Z,3.63,16,chunk_20260630-1430-JAYESH,chunk_20260630-1430-JAYESH,False,within_chunk,2,M1-K-3
ses_20260630-145433-JAYESH,15,2026-06-30T14:59:50.113Z,2026-06-30T15:01:29.856Z,99.743,94,chunk_20260630-1430-JAYESH,chunk_20260630-1500-JAYESH,True,continuation_across_chunk,1,M1-K-3
ses_20260630-145433-JAYESH,16,2026-06-30T15:01:42.053Z,2026-06-30T15:01:42.833Z,0.78,4,chunk_20260630-1500-JAYESH,chunk_20260630-1500-JAYESH,False,within_chunk,1,M1-K-3
ses_20260630-145433-JAYESH,17,2026-06-30T15:02:02.548Z,2026-06-30T15:02:05.129Z,2.581,18,chunk_20260630-1500-JAYESH,chunk_20260630-1500-JAYESH,False,within_chunk,2,M1-O-3
ses_20260630-145433-JAYESH,18,2026-06-30T15:02:05.180Z,2026-06-30T15:02:29.002Z,23.822,76,chunk_20260630-1500-JAYESH,chunk_20260630-1500-JAYESH,False,within_chunk,1,M1-O-3
ses_20260630-145433-JAYESH,19,2026-06-30T15:02:29.003Z,2026-06-30T15:02:33.511Z,4.508,16,chunk_20260630-1500-JAYESH,chunk_20260630-1500-JAYESH,False,within_chunk,2,M1-C-1
ses_20260630-145433-JAYESH,20,2026-06-30T15:02:33.535Z,2026-06-30T15:03:07.736Z,34.201,88,chunk_20260630-1500-JAYESH,chunk_20260630-1500-JAYESH,False,within_chunk,1,M1-C-1
ses_20260630-145433-JAYESH,21,2026-06-30T15:03:07.737Z,2026-06-30T15:03:43.152Z,35.415,86,chunk_20260630-1500-JAYESH,chunk_20260630-1500-JAYESH,False,within_chunk,2,M1-A-1
ses_20260630-145433-JAYESH,22,2026-06-30T15:03:43.154Z,2026-06-30T15:04:46.766Z,63.612,203,chunk_20260630-1500-JAYESH,chunk_20260630-1500-JAYESH,False,within_chunk,3,M1-M-1
ses_20260630-145433-JAYESH,23,2026-06-30T15:04:46.768Z,2026-06-30T15:04:50.527Z,3.759,17,chunk_20260630-1500-JAYESH,chunk_20260630-1500-JAYESH,False,within_chunk,2,M1-G-2
ses_20260630-145433-JAYESH,24,2026-06-30T15:04:50.556Z,2026-06-30T15:05:06.545Z,15.989,55,chunk_20260630-1500-JAYESH,chunk_20260630-1500-JAYESH,False,within_chunk,1,M1-G-2
ses_20260630-145433-JAYESH,25,2026-06-30T15:05:09.230Z,2026-06-30T15:05:41.664Z,32.434,80,chunk_20260630-1500-JAYESH,chunk_20260630-1500-JAYESH,False,within_chunk,2,M1-M-2
ses_20260630-145433-JAYESH,26,2026-06-30T15:05:42.135Z,2026-06-30T15:05:42.253Z,0.118,4,chunk_20260630-1500-JAYESH,chunk_20260630-1500-JAYESH,False,within_chunk,1,M1-G-3
ses_20260630-145433-JAYESH,27,2026-06-30T15:05:42.318Z,2026-06-30T15:06:04.341Z,22.023,67,chunk_20260630-1500-JAYESH,chunk_20260630-1500-JAYESH,False,within_chunk,1,M1-G-3
ses_20260630-145433-JAYESH,28,2026-06-30T15:06:04.343Z,2026-06-30T15:06:33.152Z,28.809,81,chunk_20260630-1500-JAYESH,chunk_20260630-1500-JAYESH,False,within_chunk,2,M1-J-1
ses_20260630-145433-JAYESH,29,2026-06-30T15:06:33.154Z,2026-06-30T15:07:01.585Z,28.431,61,chunk_20260630-1500-JAYESH,chunk_20260630-1500-JAYESH,False,within_chunk,2,M1-F-2
ses_20260630-145433-JAYESH,30,2026-06-30T15:07:01.587Z,2026-06-30T15:07:11.375Z,9.788,10,chunk_20260630-1500-JAYESH,chunk_20260630-1500-JAYESH,False,within_chunk,2,M1-I-1
ses_20260630-145433-JAYESH,31,2026-06-30T15:07:12.325Z,2026-06-30T15:08:09.285Z,56.96,80,chunk_20260630-1500-JAYESH,chunk_20260630-1500-JAYESH,False,within_chunk,1,M1-I-1
ses_20260630-145433-JAYESH,32,2026-06-30T15:08:11.362Z,2026-06-30T15:08:57.625Z,46.263,85,chunk_20260630-1500-JAYESH,chunk_20260630-1500-JAYESH,False,within_chunk,2,M1-N-3
ses_20260630-145433-JAYESH,33,2026-06-30T15:09:00.065Z,2026-06-30T15:09:01.177Z,1.112,11,chunk_20260630-1500-JAYESH,chunk_20260630-1500-JAYESH,False,within_chunk,1,M1-N-3
ses_20260630-145433-JAYESH,34,2026-06-30T15:09:01.186Z,2026-06-30T15:10:37.054Z,95.868,342,chunk_20260630-1500-JAYESH,chunk_20260630-1500-JAYESH,False,within_chunk,2,M1-F-4
ses_20260630-145433-JAYESH,35,2026-06-30T15:10:37.056Z,2026-06-30T15:10:40.511Z,3.455,17,chunk_20260630-1500-JAYESH,chunk_20260630-1500-JAYESH,False,within_chunk,2,M1-I-2
ses_20260630-145433-JAYESH,36,2026-06-30T15:10:40.543Z,2026-06-30T15:10:59.783Z,19.24,40,chunk_20260630-1500-JAYESH,chunk_20260630-1500-JAYESH,False,within_chunk,1,M1-I-2
ses_20260630-145433-JAYESH,37,2026-06-30T15:11:13.691Z,2026-06-30T15:12:08.518Z,54.827,164,chunk_20260630-1500-JAYESH,chunk_20260630-1500-JAYESH,False,within_chunk,1,M1-I-2
ses_20260630-145433-JAYESH,38,2026-06-30T15:12:19.036Z,2026-06-30T15:12:46.435Z,27.399,78,chunk_20260630-1500-JAYESH,chunk_20260630-1500-JAYESH,False,within_chunk,2,M1-H-2
ses_20260630-145433-JAYESH,39,2026-06-30T15:12:46.437Z,2026-06-30T15:13:25.485Z,39.048,99,chunk_20260630-1500-JAYESH,chunk_20260630-1500-JAYESH,False,within_chunk,2,M1-C-2
ses_20260630-145433-JAYESH,40,2026-06-30T15:13:25.487Z,2026-06-30T15:13:50.642Z,25.155,101,chunk_20260630-1500-JAYESH,chunk_20260630-1500-JAYESH,False,within_chunk,2,M1-G-4
ses_20260630-145433-JAYESH,41,2026-06-30T15:13:54.363Z,2026-06-30T15:14:49.947Z,55.584,83,chunk_20260630-1500-JAYESH,chunk_20260630-1500-JAYESH,False,within_chunk,1,M1-I-3
ses_20260630-145433-JAYESH,42,2026-06-30T15:14:49.951Z,2026-06-30T15:14:53.959Z,4.008,18,chunk_20260630-1500-JAYESH,chunk_20260630-1500-JAYESH,False,within_chunk,2,M1-A-4
ses_20260630-145433-JAYESH,43,2026-06-30T15:14:54.737Z,2026-06-30T15:15:15.933Z,21.196,67,chunk_20260630-1500-JAYESH,chunk_20260630-1500-JAYESH,False,within_chunk,1,M1-A-4
ses_20260630-145433-JAYESH,44,2026-06-30T15:15:15.934Z,2026-06-30T15:15:19.534Z,3.6,16,chunk_20260630-1500-JAYESH,chunk_20260630-1500-JAYESH,False,within_chunk,2,M1-M-3
ses_20260630-145433-JAYESH,45,2026-06-30T15:15:19.554Z,2026-06-30T15:15:58.306Z,38.752,83,chunk_20260630-1500-JAYESH,chunk_20260630-1500-JAYESH,False,within_chunk,1,M1-M-3
ses_20260630-145433-JAYESH,46,2026-06-30T15:16:00.985Z,2026-06-30T15:16:02.183Z,1.198,14,chunk_20260630-1500-JAYESH,chunk_20260630-1500-JAYESH,False,within_chunk,2,M1-C-3
ses_20260630-145433-JAYESH,47,2026-06-30T15:16:02.362Z,2026-06-30T15:16:31.847Z,29.485,60,chunk_20260630-1500-JAYESH,chunk_20260630-1500-JAYESH,False,within_chunk,1,M1-C-3
ses_20260630-145433-JAYESH,48,2026-06-30T15:16:31.981Z,2026-06-30T15:16:36.331Z,4.35,17,chunk_20260630-1500-JAYESH,chunk_20260630-1500-JAYESH,False,within_chunk,1,M1-C-3
ses_20260630-145433-JAYESH,49,2026-06-30T15:16:37.225Z,2026-06-30T15:17:27.983Z,50.758,149,chunk_20260630-1500-JAYESH,chunk_20260630-1500-JAYESH,False,within_chunk,1,M1-H-4
ses_20260630-145433-JAYESH,50,2026-06-30T15:17:27.985Z,2026-06-30T15:18:17.552Z,49.567,133,chunk_20260630-1500-JAYESH,chunk_20260630-1500-JAYESH,False,within_chunk,2,M1-J-3
ses_20260630-145433-JAYESH,51,2026-06-30T15:18:17.616Z,2026-06-30T15:18:37.012Z,19.396,28,chunk_20260630-1500-JAYESH,chunk_20260630-1500-JAYESH,False,within_chunk,1,M1-J-3
ses_20260630-163424-SIDDHIGUPTAB00B,1,2026-06-30T16:34:24.194Z,2026-06-30T16:36:22.054Z,117.86,166,chunk_20260630-1630-SIDDHIGUPTAB00B,chunk_20260630-1630-SIDDHIGUPTAB00B,False,within_chunk,1,M1-D-2
ses_20260630-163424-SIDDHIGUPTAB00B,2,2026-06-30T16:36:25.749Z,2026-06-30T16:36:44.401Z,18.652,46,chunk_20260630-1630-SIDDHIGUPTAB00B,chunk_20260630-1630-SIDDHIGUPTAB00B,False,within_chunk,2,M1-B-1
ses_20260630-163424-SIDDHIGUPTAB00B,3,2026-06-30T16:36:44.535Z,2026-06-30T16:37:00.459Z,15.924,39,chunk_20260630-1630-SIDDHIGUPTAB00B,chunk_20260630-1630-SIDDHIGUPTAB00B,False,within_chunk,1,M1-G-1
ses_20260630-163424-SIDDHIGUPTAB00B,4,2026-06-30T16:37:03.323Z,2026-06-30T16:37:03.979Z,0.656,6,chunk_20260630-1630-SIDDHIGUPTAB00B,chunk_20260630-1630-SIDDHIGUPTAB00B,False,within_chunk,2,M1-B-2
ses_20260630-163424-SIDDHIGUPTAB00B,5,2026-06-30T16:37:04.060Z,2026-06-30T16:37:25.121Z,21.061,65,chunk_20260630-1630-SIDDHIGUPTAB00B,chunk_20260630-1630-SIDDHIGUPTAB00B,False,within_chunk,1,M1-B-2
ses_20260630-163424-SIDDHIGUPTAB00B,6,2026-06-30T16:37:28.304Z,2026-06-30T16:37:28.353Z,0.049,5,chunk_20260630-1630-SIDDHIGUPTAB00B,chunk_20260630-1630-SIDDHIGUPTAB00B,False,within_chunk,1,M1-F-1
ses_20260630-163424-SIDDHIGUPTAB00B,7,2026-06-30T16:37:28.362Z,2026-06-30T16:37:56.953Z,28.591,86,chunk_20260630-1630-SIDDHIGUPTAB00B,chunk_20260630-1630-SIDDHIGUPTAB00B,False,within_chunk,1,M1-F-1
ses_20260630-163424-SIDDHIGUPTAB00B,8,2026-06-30T16:37:57.393Z,2026-06-30T16:38:21.332Z,23.939,96,chunk_20260630-1630-SIDDHIGUPTAB00B,chunk_20260630-1630-SIDDHIGUPTAB00B,False,within_chunk,1,M1-A-1
ses_20260630-163424-SIDDHIGUPTAB00B,9,2026-06-30T16:38:56.481Z,2026-06-30T16:39:02.360Z,5.879,14,chunk_20260630-1630-SIDDHIGUPTAB00B,chunk_20260630-1630-SIDDHIGUPTAB00B,False,within_chunk,1,M1-D-3
ses_20260630-163424-SIDDHIGUPTAB00B,10,2026-06-30T16:39:23.602Z,2026-06-30T16:39:31.870Z,8.268,46,chunk_20260630-1630-SIDDHIGUPTAB00B,chunk_20260630-1630-SIDDHIGUPTAB00B,False,within_chunk,1,M1-D-3
ses_20260630-163424-SIDDHIGUPTAB00B,11,2026-06-30T16:39:36.095Z,2026-06-30T16:40:05.876Z,29.781,66,chunk_20260630-1630-SIDDHIGUPTAB00B,chunk_20260630-1630-SIDDHIGUPTAB00B,False,within_chunk,1,M1-E-1
ses_20260630-163424-SIDDHIGUPTAB00B,12,2026-06-30T16:40:11.379Z,2026-06-30T16:40:41.146Z,29.767,91,chunk_20260630-1630-SIDDHIGUPTAB00B,chunk_20260630-1630-SIDDHIGUPTAB00B,False,within_chunk,2,M1-F-2
ses_20260630-163424-SIDDHIGUPTAB00B,13,2026-06-30T16:40:45.352Z,2026-06-30T16:41:18.699Z,33.347,99,chunk_20260630-1630-SIDDHIGUPTAB00B,chunk_20260630-1630-SIDDHIGUPTAB00B,False,within_chunk,1,M1-O-1
ses_20260630-163424-SIDDHIGUPTAB00B,14,2026-06-30T16:41:18.858Z,2026-06-30T16:41:36.041Z,17.183,67,chunk_20260630-1630-SIDDHIGUPTAB00B,chunk_20260630-1630-SIDDHIGUPTAB00B,False,within_chunk,2,M1-G-2
ses_20260630-163424-SIDDHIGUPTAB00B,15,2026-06-30T16:41:36.044Z,2026-06-30T16:42:11.527Z,35.483,71,chunk_20260630-1630-SIDDHIGUPTAB00B,chunk_20260630-1630-SIDDHIGUPTAB00B,False,within_chunk,2,M1-F-3
ses_20260630-163424-SIDDHIGUPTAB00B,16,2026-06-30T16:42:15.419Z,2026-06-30T16:42:33.436Z,18.017,45,chunk_20260630-1630-SIDDHIGUPTAB00B,chunk_20260630-1630-SIDDHIGUPTAB00B,False,within_chunk,1,M1-G-3
ses_20260630-163424-SIDDHIGUPTAB00B,17,2026-06-30T16:42:33.438Z,2026-06-30T16:42:57.973Z,24.535,71,chunk_20260630-1630-SIDDHIGUPTAB00B,chunk_20260630-1630-SIDDHIGUPTAB00B,False,within_chunk,2,M1-J-1
ses_20260630-163424-SIDDHIGUPTAB00B,18,2026-06-30T16:43:02.276Z,2026-06-30T16:43:25.827Z,23.551,60,chunk_20260630-1630-SIDDHIGUPTAB00B,chunk_20260630-1630-SIDDHIGUPTAB00B,False,within_chunk,1,M1-F-4
ses_20260630-163424-SIDDHIGUPTAB00B,19,2026-06-30T16:43:26.436Z,2026-06-30T16:43:42.674Z,16.238,14,chunk_20260630-1630-SIDDHIGUPTAB00B,chunk_20260630-1630-SIDDHIGUPTAB00B,False,within_chunk,2,M1-F-4
ses_20260630-163424-SIDDHIGUPTAB00B,20,2026-06-30T16:43:42.699Z,2026-06-30T16:44:06.278Z,23.579,78,chunk_20260630-1630-SIDDHIGUPTAB00B,chunk_20260630-1630-SIDDHIGUPTAB00B,False,within_chunk,1,M1-J-2
ses_20260630-163424-SIDDHIGUPTAB00B,21,2026-06-30T16:44:37.506Z,2026-06-30T16:44:39.414Z,1.908,7,chunk_20260630-1630-SIDDHIGUPTAB00B,chunk_20260630-1630-SIDDHIGUPTAB00B,False,within_chunk,1,M1-J-2
ses_20260630-163424-SIDDHIGUPTAB00B,22,2026-06-30T16:44:58.002Z,2026-06-30T16:45:35.948Z,37.946,16,chunk_20260630-1630-SIDDHIGUPTAB00B,chunk_20260630-1630-SIDDHIGUPTAB00B,False,within_chunk,1,M1-J-2
ses_20260630-163424-SIDDHIGUPTAB00B,23,2026-06-30T16:45:36.372Z,2026-06-30T16:46:06.785Z,30.413,95,chunk_20260630-1630-SIDDHIGUPTAB00B,chunk_20260630-1630-SIDDHIGUPTAB00B,False,within_chunk,3,M1-G-4
ses_20260630-163424-SIDDHIGUPTAB00B,24,2026-06-30T16:46:06.801Z,2026-06-30T16:46:45.870Z,39.069,102,chunk_20260630-1630-SIDDHIGUPTAB00B,chunk_20260630-1630-SIDDHIGUPTAB00B,False,within_chunk,1,M1-M-1
ses_20260630-163424-SIDDHIGUPTAB00B,25,2026-06-30T16:46:46.093Z,2026-06-30T16:47:26.516Z,40.423,115,chunk_20260630-1630-SIDDHIGUPTAB00B,chunk_20260630-1630-SIDDHIGUPTAB00B,False,within_chunk,2,M1-O-2
ses_20260630-163424-SIDDHIGUPTAB00B,26,2026-06-30T16:47:30.330Z,2026-06-30T16:48:00.369Z,30.039,50,chunk_20260630-1630-SIDDHIGUPTAB00B,chunk_20260630-1630-SIDDHIGUPTAB00B,False,within_chunk,1,M1-M-2
ses_20260630-163424-SIDDHIGUPTAB00B,27,2026-06-30T16:48:03.645Z,2026-06-30T16:49:22.002Z,78.357,117,chunk_20260630-1630-SIDDHIGUPTAB00B,chunk_20260630-1630-SIDDHIGUPTAB00B,False,within_chunk,2,M1-A-2
ses_20260630-163424-SIDDHIGUPTAB00B,28,2026-06-30T16:49:27.376Z,2026-06-30T16:49:57.476Z,30.1,110,chunk_20260630-1630-SIDDHIGUPTAB00B,chunk_20260630-1630-SIDDHIGUPTAB00B,False,within_chunk,2,M1-J-3
ses_20260630-163424-SIDDHIGUPTAB00B,29,2026-06-30T16:49:57.491Z,2026-06-30T16:50:22.499Z,25.008,83,chunk_20260630-1630-SIDDHIGUPTAB00B,chunk_20260630-1630-SIDDHIGUPTAB00B,False,within_chunk,1,M1-O-3
ses_20260630-163424-SIDDHIGUPTAB00B,30,2026-06-30T16:50:25.269Z,2026-06-30T16:50:50.958Z,25.689,80,chunk_20260630-1630-SIDDHIGUPTAB00B,chunk_20260630-1630-SIDDHIGUPTAB00B,False,within_chunk,2,M1-B-3
ses_20260630-163424-SIDDHIGUPTAB00B,31,2026-06-30T16:50:51.070Z,2026-06-30T16:51:51.971Z,60.901,130,chunk_20260630-1630-SIDDHIGUPTAB00B,chunk_20260630-1630-SIDDHIGUPTAB00B,False,within_chunk,2,M1-E-3
ses_20260630-163424-SIDDHIGUPTAB00B,32,2026-06-30T16:51:55.404Z,2026-06-30T16:52:16.536Z,21.132,70,chunk_20260630-1630-SIDDHIGUPTAB00B,chunk_20260630-1630-SIDDHIGUPTAB00B,False,within_chunk,1,M1-B-4
ses_20260630-163424-SIDDHIGUPTAB00B,33,2026-06-30T16:52:20.503Z,2026-06-30T16:52:44.174Z,23.671,60,chunk_20260630-1630-SIDDHIGUPTAB00B,chunk_20260630-1630-SIDDHIGUPTAB00B,False,within_chunk,0,
ses_20260630-163424-SIDDHIGUPTAB00B,34,2026-06-30T16:53:26.324Z,2026-06-30T16:53:48.150Z,21.826,76,chunk_20260630-1630-SIDDHIGUPTAB00B,chunk_20260630-1630-SIDDHIGUPTAB00B,False,within_chunk,1,M1-A-4
ses_20260630-163424-SIDDHIGUPTAB00B,35,2026-06-30T16:54:25.960Z,2026-06-30T16:55:05.345Z,39.385,96,chunk_20260630-1630-SIDDHIGUPTAB00B,chunk_20260630-1630-SIDDHIGUPTAB00B,False,within_chunk,2,M1-M-3
ses_20260630-163424-SIDDHIGUPTAB00B,36,2026-06-30T16:55:05.406Z,2026-06-30T16:59:56.228Z,290.822,40,chunk_20260630-1630-SIDDHIGUPTAB00B,chunk_20260630-1630-SIDDHIGUPTAB00B,False,within_chunk,1,M1-M-3
ses_20260630-163424-SIDDHIGUPTAB00B,37,2026-06-30T16:59:56.915Z,2026-06-30T17:00:13.147Z,16.232,5,chunk_20260630-1630-SIDDHIGUPTAB00B,chunk_20260630-1700-SIDDHIGUPTAB00B,True,continuation_across_chunk,0,
ses_20260630-164418-MSI,1,2026-06-30T16:44:18.982Z,2026-06-30T16:44:36.549Z,17.567,47,chunk_20260630-1630-MSI,chunk_20260630-1630-MSI,False,within_chunk,0,
ses_20260630-164418-MSI,2,2026-06-30T16:45:20.108Z,2026-06-30T16:45:20.719Z,0.611,5,chunk_20260630-1630-MSI,chunk_20260630-1630-MSI,False,within_chunk,1,M1-A-1
ses_20260630-164418-MSI,3,2026-06-30T16:45:20.755Z,2026-06-30T16:45:42.423Z,21.668,79,chunk_20260630-1630-MSI,chunk_20260630-1630-MSI,False,within_chunk,1,M1-A-1
ses_20260630-164418-MSI,4,2026-06-30T16:45:47.091Z,2026-06-30T16:46:01.211Z,14.12,38,chunk_20260630-1630-MSI,chunk_20260630-1630-MSI,False,within_chunk,1,M1-B-1
ses_20260630-164418-MSI,5,2026-06-30T16:46:01.212Z,2026-06-30T16:46:33.030Z,31.818,85,chunk_20260630-1630-MSI,chunk_20260630-1630-MSI,False,within_chunk,2,M1-A-2
ses_20260630-164418-MSI,6,2026-06-30T16:46:33.513Z,2026-06-30T16:46:57.932Z,24.419,83,chunk_20260630-1630-MSI,chunk_20260630-1630-MSI,False,within_chunk,1,M1-O-1
ses_20260630-164418-MSI,7,2026-06-30T16:46:58.433Z,2026-06-30T16:47:21.782Z,23.349,98,chunk_20260630-1630-MSI,chunk_20260630-1630-MSI,False,within_chunk,1,M1-A-3
ses_20260630-164418-MSI,8,2026-06-30T16:47:22.173Z,2026-06-30T16:47:22.326Z,0.153,5,chunk_20260630-1630-MSI,chunk_20260630-1630-MSI,False,within_chunk,0,
ses_20260630-164418-MSI,9,2026-06-30T16:47:22.386Z,2026-06-30T16:48:16.048Z,53.662,170,chunk_20260630-1630-MSI,chunk_20260630-1630-MSI,False,within_chunk,1,M1-F-2
ses_20260630-164418-MSI,10,2026-06-30T16:48:32.463Z,2026-06-30T16:48:34.283Z,1.82,7,chunk_20260630-1630-MSI,chunk_20260630-1630-MSI,False,within_chunk,0,
ses_20260630-164418-MSI,11,2026-06-30T16:48:34.727Z,2026-06-30T16:49:11.033Z,36.306,90,chunk_20260630-1630-MSI,chunk_20260630-1630-MSI,False,within_chunk,1,M1-N-1
ses_20260630-164418-MSI,12,2026-06-30T16:49:11.535Z,2026-06-30T16:49:29.581Z,18.046,67,chunk_20260630-1630-MSI,chunk_20260630-1630-MSI,False,within_chunk,1,M1-B-2
ses_20260630-164418-MSI,13,2026-06-30T16:49:29.598Z,2026-06-30T16:50:10.882Z,41.284,84,chunk_20260630-1630-MSI,chunk_20260630-1630-MSI,False,within_chunk,2,M1-C-1
ses_20260630-164418-MSI,14,2026-06-30T16:50:27.573Z,2026-06-30T16:51:35.844Z,68.271,152,chunk_20260630-1630-MSI,chunk_20260630-1630-MSI,False,within_chunk,2,M1-D-2
ses_20260630-164418-MSI,15,2026-06-30T16:51:39.566Z,2026-06-30T16:52:16.123Z,36.557,55,chunk_20260630-1630-MSI,chunk_20260630-1630-MSI,False,within_chunk,2,M1-C-2
ses_20260630-164418-MSI,16,2026-06-30T16:52:16.155Z,2026-06-30T16:52:46.031Z,29.876,105,chunk_20260630-1630-MSI,chunk_20260630-1630-MSI,False,within_chunk,1,M1-F-3
ses_20260630-164418-MSI,17,2026-06-30T16:52:46.543Z,2026-06-30T16:53:07.573Z,21.03,83,chunk_20260630-1630-MSI,chunk_20260630-1630-MSI,False,within_chunk,1,M1-A-4
ses_20260630-164418-MSI,18,2026-06-30T16:53:11.289Z,2026-06-30T16:54:07.961Z,56.672,105,chunk_20260630-1630-MSI,chunk_20260630-1630-MSI,False,within_chunk,2,M1-D-3
ses_20260630-164418-MSI,19,2026-06-30T16:54:12.228Z,2026-06-30T16:54:48.216Z,35.988,70,chunk_20260630-1630-MSI,chunk_20260630-1630-MSI,False,within_chunk,1,M1-C-3
ses_20260630-164418-MSI,20,2026-06-30T16:54:48.692Z,2026-06-30T16:55:28.571Z,39.879,106,chunk_20260630-1630-MSI,chunk_20260630-1630-MSI,False,within_chunk,1,M1-M-1
ses_20260630-164418-MSI,21,2026-06-30T16:55:29.036Z,2026-06-30T16:55:53.567Z,24.531,100,chunk_20260630-1630-MSI,chunk_20260630-1630-MSI,False,within_chunk,1,M1-F-4
ses_20260630-164418-MSI,22,2026-06-30T16:55:54.084Z,2026-06-30T16:56:21.079Z,26.995,92,chunk_20260630-1630-MSI,chunk_20260630-1630-MSI,False,within_chunk,1,M1-B-4
ses_20260630-164418-MSI,23,2026-06-30T16:56:56.454Z,2026-06-30T16:56:57.739Z,1.285,6,chunk_20260630-1630-MSI,chunk_20260630-1630-MSI,False,within_chunk,1,M1-B-4
ses_20260630-164418-MSI,24,2026-06-30T16:57:16.354Z,2026-06-30T16:57:35.561Z,19.207,7,chunk_20260630-1630-MSI,chunk_20260630-1630-MSI,False,within_chunk,1,M1-B-4
ses_20260630-164418-MSI,25,2026-06-30T16:57:47.079Z,2026-06-30T16:58:36.317Z,49.238,100,chunk_20260630-1630-MSI,chunk_20260630-1630-MSI,False,within_chunk,2,M1-O-2
ses_20260630-164418-MSI,26,2026-06-30T16:58:36.414Z,2026-06-30T16:59:15.924Z,39.51,101,chunk_20260630-1630-MSI,chunk_20260630-1630-MSI,False,within_chunk,2,M1-C-4
ses_20260630-164418-MSI,27,2026-06-30T16:59:16.436Z,2026-06-30T16:59:40.298Z,23.862,88,chunk_20260630-1630-MSI,chunk_20260630-1630-MSI,False,within_chunk,1,M1-F-5
ses_20260630-164418-MSI,28,2026-06-30T16:59:43.172Z,2026-06-30T17:00:18.264Z,35.092,92,chunk_20260630-1630-MSI,chunk_20260630-1700-MSI,True,continuation_across_chunk,2,M1-N-2
ses_20260630-164418-MSI,29,2026-06-30T17:00:21.956Z,2026-06-30T17:00:54.721Z,32.765,71,chunk_20260630-1700-MSI,chunk_20260630-1700-MSI,False,within_chunk,1,M1-M-2
ses_20260630-164418-MSI,30,2026-06-30T17:00:58.920Z,2026-06-30T17:01:22.564Z,23.644,76,chunk_20260630-1700-MSI,chunk_20260630-1700-MSI,False,within_chunk,1,M1-O-3
ses_20260630-164418-MSI,31,2026-06-30T17:01:22.566Z,2026-06-30T17:02:06.533Z,43.967,64,chunk_20260630-1700-MSI,chunk_20260630-1700-MSI,False,within_chunk,2,M1-N-3
ses_20260630-164418-MSI,32,2026-06-30T17:02:10.780Z,2026-06-30T17:02:48.842Z,38.062,74,chunk_20260630-1700-MSI,chunk_20260630-1700-MSI,False,within_chunk,1,M1-M-3
ses_20260630-164418-MSI,33,2026-06-30T17:03:41.379Z,2026-06-30T17:03:43.021Z,1.642,6,chunk_20260630-1700-MSI,chunk_20260630-1700-MSI,False,within_chunk,1,M1-M-3
ses_20260630-164418-MSI,34,2026-06-30T17:03:54.666Z,2026-06-30T17:03:55.576Z,0.91,5,chunk_20260630-1700-MSI,chunk_20260630-1700-MSI,False,within_chunk,1,M1-M-3
ses_20260630-164418-MSI,35,2026-06-30T17:03:56.633Z,2026-06-30T17:04:27.143Z,30.51,113,chunk_20260630-1700-MSI,chunk_20260630-1700-MSI,False,within_chunk,2,M1-E-1
ses_20260630-164418-MSI,36,2026-06-30T17:04:27.680Z,2026-06-30T17:05:04.431Z,36.751,98,chunk_20260630-1700-MSI,chunk_20260630-1700-MSI,False,within_chunk,1,M1-M-4
ses_20260630-164418-MSI,37,2026-06-30T17:05:04.934Z,2026-06-30T17:05:31.384Z,26.45,103,chunk_20260630-1700-MSI,chunk_20260630-1700-MSI,False,within_chunk,0,
ses_20260630-164418-MSI,38,2026-06-30T17:05:31.385Z,2026-06-30T17:09:40.061Z,248.676,118,chunk_20260630-1700-MSI,chunk_20260630-1700-MSI,False,within_chunk,1,M1-E-3
ses_20260701-005920-yuvraj,1,2026-07-01T00:59:20.021Z,2026-07-01T01:00:40.751Z,80.73,58,chunk_20260701-0030-yuvraj,chunk_20260701-0100-yuvraj,True,continuation_across_chunk,1,M1-O-1
ses_20260701-005920-yuvraj,2,2026-07-01T01:00:41.194Z,2026-07-01T01:01:25.238Z,44.044,132,chunk_20260701-0100-yuvraj,chunk_20260701-0100-yuvraj,False,within_chunk,2,M1-F-1
ses_20260701-005920-yuvraj,3,2026-07-01T01:01:25.239Z,2026-07-01T01:01:53.494Z,28.255,56,chunk_20260701-0100-yuvraj,chunk_20260701-0100-yuvraj,False,within_chunk,2,M1-H-1
ses_20260701-005920-yuvraj,4,2026-07-01T01:01:53.496Z,2026-07-01T01:02:17.522Z,24.026,43,chunk_20260701-0100-yuvraj,chunk_20260701-0100-yuvraj,False,within_chunk,2,M1-G-2
ses_20260701-005920-yuvraj,5,2026-07-01T01:02:17.523Z,2026-07-01T01:02:46.379Z,28.856,89,chunk_20260701-0100-yuvraj,chunk_20260701-0100-yuvraj,False,within_chunk,2,M1-K-1
ses_20260701-005920-yuvraj,6,2026-07-01T01:02:50.413Z,2026-07-01T01:03:30.481Z,40.068,97,chunk_20260701-0100-yuvraj,chunk_20260701-0100-yuvraj,False,within_chunk,2,M1-O-2
ses_20260701-005920-yuvraj,7,2026-07-01T01:03:57.664Z,2026-07-01T01:04:36.228Z,38.564,64,chunk_20260701-0100-yuvraj,chunk_20260701-0100-yuvraj,False,within_chunk,3,M1-O-3
ses_20260701-005920-yuvraj,8,2026-07-01T01:04:36.241Z,2026-07-01T01:05:10.002Z,33.761,71,chunk_20260701-0100-yuvraj,chunk_20260701-0100-yuvraj,False,within_chunk,1,M1-C-1
ses_20260701-005920-yuvraj,9,2026-07-01T01:05:36.306Z,2026-07-01T01:05:56.866Z,20.56,52,chunk_20260701-0100-yuvraj,chunk_20260701-0100-yuvraj,False,within_chunk,1,M1-A-1
ses_20260701-005920-yuvraj,10,2026-07-01T01:06:00.575Z,2026-07-01T01:07:08.368Z,67.793,103,chunk_20260701-0100-yuvraj,chunk_20260701-0100-yuvraj,False,within_chunk,1,M1-C-3
ses_20260701-005920-yuvraj,11,2026-07-01T01:07:12.358Z,2026-07-01T01:07:12.422Z,0.064,5,chunk_20260701-0100-yuvraj,chunk_20260701-0100-yuvraj,False,within_chunk,1,M1-H-2
ses_20260701-005920-yuvraj,12,2026-07-01T01:07:12.460Z,2026-07-01T01:07:34.326Z,21.866,78,chunk_20260701-0100-yuvraj,chunk_20260701-0100-yuvraj,False,within_chunk,1,M1-H-2
ses_20260701-005920-yuvraj,13,2026-07-01T01:07:37.393Z,2026-07-01T01:09:48.718Z,131.325,161,chunk_20260701-0100-yuvraj,chunk_20260701-0100-yuvraj,False,within_chunk,2,M1-K-3
ses_20260701-005920-yuvraj,14,2026-07-01T01:09:49.252Z,2026-07-01T01:10:15.777Z,26.525,85,chunk_20260701-0100-yuvraj,chunk_20260701-0100-yuvraj,False,within_chunk,1,M1-H-3
ses_20260701-005920-yuvraj,15,2026-07-01T01:10:18.987Z,2026-07-01T01:10:42.197Z,23.21,77,chunk_20260701-0100-yuvraj,chunk_20260701-0100-yuvraj,False,within_chunk,2,M1-L-2
ses_20260701-005920-yuvraj,16,2026-07-01T01:11:20.527Z,2026-07-01T01:11:43.340Z,22.813,86,chunk_20260701-0100-yuvraj,chunk_20260701-0100-yuvraj,False,within_chunk,1,M1-F-2
ses_20260701-005920-yuvraj,17,2026-07-01T01:11:47.106Z,2026-07-01T01:12:13.686Z,26.58,84,chunk_20260701-0100-yuvraj,chunk_20260701-0100-yuvraj,False,within_chunk,1,M1-K-4
ses_20260701-005920-yuvraj,18,2026-07-01T01:12:14.192Z,2026-07-01T01:12:51.918Z,37.726,79,chunk_20260701-0100-yuvraj,chunk_20260701-0100-yuvraj,False,within_chunk,1,M1-C-4
ses_20260701-005920-yuvraj,19,2026-07-01T01:12:54.458Z,2026-07-01T01:13:14.955Z,20.497,77,chunk_20260701-0100-yuvraj,chunk_20260701-0100-yuvraj,False,within_chunk,2,M1-G-3
ses_20260701-005920-yuvraj,20,2026-07-01T01:13:17.816Z,2026-07-01T01:13:42.252Z,24.436,86,chunk_20260701-0100-yuvraj,chunk_20260701-0100-yuvraj,False,within_chunk,2,M1-A-2
ses_20260701-005920-yuvraj,21,2026-07-01T01:13:42.711Z,2026-07-01T01:14:10.482Z,27.771,100,chunk_20260701-0100-yuvraj,chunk_20260701-0100-yuvraj,False,within_chunk,1,M1-F-3
ses_20260701-005920-yuvraj,22,2026-07-01T01:14:10.981Z,2026-07-01T01:14:37.079Z,26.098,87,chunk_20260701-0100-yuvraj,chunk_20260701-0100-yuvraj,False,within_chunk,1,M1-A-3
ses_20260701-005920-yuvraj,23,2026-07-01T01:14:39.529Z,2026-07-01T01:14:56.947Z,17.418,69,chunk_20260701-0100-yuvraj,chunk_20260701-0100-yuvraj,False,within_chunk,2,M1-L-3
ses_20260701-005920-yuvraj,24,2026-07-01T01:15:31.794Z,2026-07-01T01:15:57.351Z,25.557,66,chunk_20260701-0100-yuvraj,chunk_20260701-0100-yuvraj,False,within_chunk,1,M1-K-5
ses_20260701-005920-yuvraj,25,2026-07-01T01:16:19.518Z,2026-07-01T01:17:07.407Z,47.889,143,chunk_20260701-0100-yuvraj,chunk_20260701-0100-yuvraj,False,within_chunk,2,M1-J-2
ses_20260701-005920-yuvraj,26,2026-07-01T01:17:07.943Z,2026-07-01T01:19:13.698Z,125.755,102,chunk_20260701-0100-yuvraj,chunk_20260701-0100-yuvraj,False,within_chunk,1,M1-L-4
ses_20260701-005920-yuvraj,27,2026-07-01T01:19:13.946Z,2026-07-01T01:19:16.438Z,2.492,8,chunk_20260701-0100-yuvraj,chunk_20260701-0100-yuvraj,False,within_chunk,2,M1-L-4
ses_20260701-005920-yuvraj,28,2026-07-01T01:19:16.480Z,2026-07-01T01:19:27.294Z,10.814,40,chunk_20260701-0100-yuvraj,chunk_20260701-0100-yuvraj,False,within_chunk,1,M1-I-1
ses_20260701-005920-yuvraj,29,2026-07-01T01:19:49.238Z,2026-07-01T01:20:41.919Z,52.681,102,chunk_20260701-0100-yuvraj,chunk_20260701-0100-yuvraj,False,within_chunk,2,M1-J-3
ses_20260701-005920-yuvraj,30,2026-07-01T01:20:41.920Z,2026-07-01T01:20:55.524Z,13.604,14,chunk_20260701-0100-yuvraj,chunk_20260701-0100-yuvraj,False,within_chunk,1,M1-J-3
ses_20260701-005920-yuvraj,31,2026-07-01T01:21:26.431Z,2026-07-01T01:22:06.196Z,39.765,44,chunk_20260701-0100-yuvraj,chunk_20260701-0100-yuvraj,False,within_chunk,1,M1-I-3
ses_20260701-005920-yuvraj,32,2026-07-01T01:22:31.433Z,2026-07-01T01:22:46.947Z,15.514,7,chunk_20260701-0100-yuvraj,chunk_20260701-0100-yuvraj,False,within_chunk,1,M1-I-3
ses_20260701-005920-yuvraj,33,2026-07-01T01:22:46.988Z,2026-07-01T01:23:03.359Z,16.371,38,chunk_20260701-0100-yuvraj,chunk_20260701-0100-yuvraj,False,within_chunk,1,M1-I-3
ses_20260701-005920-yuvraj,34,2026-07-01T01:25:39.543Z,2026-07-01T01:26:30.563Z,51.02,173,chunk_20260701-0100-yuvraj,chunk_20260701-0100-yuvraj,False,within_chunk,0,
ses_20260701-005920-yuvraj,35,2026-07-01T01:26:44.610Z,2026-07-01T01:28:07.978Z,83.368,65,chunk_20260701-0100-yuvraj,chunk_20260701-0100-yuvraj,False,within_chunk,0,
ses_20260701-014804-yuvraj,1,2026-07-01T01:48:04.380Z,2026-07-01T01:49:31.596Z,87.216,65,chunk_20260701-0130-yuvraj,chunk_20260701-0130-yuvraj,False,within_chunk,1,M1-J-1
ses_20260701-014804-yuvraj,2,2026-07-01T01:49:32.140Z,2026-07-01T01:49:32.782Z,0.642,13,chunk_20260701-0130-yuvraj,chunk_20260701-0130-yuvraj,False,within_chunk,0,
ses_20260701-014804-yuvraj,3,2026-07-01T01:49:33.664Z,2026-07-01T01:50:29.717Z,56.053,199,chunk_20260701-0130-yuvraj,chunk_20260701-0130-yuvraj,False,within_chunk,1,M1-L-2
ses_20260701-014804-yuvraj,4,2026-07-01T01:50:31.885Z,2026-07-01T01:51:07.613Z,35.728,77,chunk_20260701-0130-yuvraj,chunk_20260701-0130-yuvraj,False,within_chunk,2,M1-D-1
ses_20260701-014804-yuvraj,5,2026-07-01T01:51:08.044Z,2026-07-01T01:51:08.697Z,0.653,12,chunk_20260701-0130-yuvraj,chunk_20260701-0130-yuvraj,False,within_chunk,1,M1-K-1
ses_20260701-014804-yuvraj,6,2026-07-01T01:51:09.603Z,2026-07-01T01:51:30.699Z,21.096,64,chunk_20260701-0130-yuvraj,chunk_20260701-0130-yuvraj,False,within_chunk,1,M1-K-1
ses_20260701-014804-yuvraj,7,2026-07-01T01:51:30.700Z,2026-07-01T01:51:37.731Z,7.031,10,chunk_20260701-0130-yuvraj,chunk_20260701-0130-yuvraj,False,within_chunk,2,M1-K-1
ses_20260701-014804-yuvraj,8,2026-07-01T01:51:37.737Z,2026-07-01T01:52:04.374Z,26.637,90,chunk_20260701-0130-yuvraj,chunk_20260701-0130-yuvraj,False,within_chunk,1,M1-F-1
ses_20260701-014804-yuvraj,9,2026-07-01T01:52:41.748Z,2026-07-01T01:53:01.038Z,19.29,53,chunk_20260701-0130-yuvraj,chunk_20260701-0130-yuvraj,False,within_chunk,1,M1-J-2
ses_20260701-014804-yuvraj,10,2026-07-01T01:53:05.153Z,2026-07-01T01:53:20.370Z,15.217,39,chunk_20260701-0130-yuvraj,chunk_20260701-0130-yuvraj,False,within_chunk,1,M1-G-1
ses_20260701-014804-yuvraj,11,2026-07-01T01:53:23.169Z,2026-07-01T01:53:50.157Z,26.988,94,chunk_20260701-0130-yuvraj,chunk_20260701-0130-yuvraj,False,within_chunk,2,M1-K-2
ses_20260701-014804-yuvraj,12,2026-07-01T01:53:53.330Z,2026-07-01T01:54:15.515Z,22.185,80,chunk_20260701-0130-yuvraj,chunk_20260701-0130-yuvraj,False,within_chunk,2,M1-F-2
ses_20260701-014804-yuvraj,13,2026-07-01T01:54:51.706Z,2026-07-01T01:54:52.286Z,0.58,4,chunk_20260701-0130-yuvraj,chunk_20260701-0130-yuvraj,False,within_chunk,0,
ses_20260701-014804-yuvraj,14,2026-07-01T01:54:52.326Z,2026-07-01T01:57:41.766Z,169.44,275,chunk_20260701-0130-yuvraj,chunk_20260701-0130-yuvraj,False,within_chunk,2,M1-K-4
ses_20260701-014804-yuvraj,15,2026-07-01T01:57:44.469Z,2026-07-01T01:58:07.373Z,22.904,75,chunk_20260701-0130-yuvraj,chunk_20260701-0130-yuvraj,False,within_chunk,2,M1-L-3
ses_20260701-014804-yuvraj,16,2026-07-01T01:58:09.693Z,2026-07-01T01:58:32.566Z,22.873,82,chunk_20260701-0130-yuvraj,chunk_20260701-0130-yuvraj,False,within_chunk,2,M1-F-3
ses_20260701-014804-yuvraj,17,2026-07-01T01:58:57.456Z,2026-07-01T01:59:02.133Z,4.677,8,chunk_20260701-0130-yuvraj,chunk_20260701-0130-yuvraj,False,within_chunk,1,M1-I-1
ses_20260701-014804-yuvraj,18,2026-07-01T01:59:37.002Z,2026-07-01T02:00:10.314Z,33.312,42,chunk_20260701-0130-yuvraj,chunk_20260701-0200-yuvraj,True,continuation_across_chunk,2,M1-I-1
ses_20260701-014804-yuvraj,19,2026-07-01T02:00:10.337Z,2026-07-01T02:00:36.505Z,26.168,82,chunk_20260701-0200-yuvraj,chunk_20260701-0200-yuvraj,False,within_chunk,2,M1-K-5
ses_20260701-014804-yuvraj,20,2026-07-01T02:00:36.507Z,2026-07-01T02:01:08.454Z,31.947,68,chunk_20260701-0200-yuvraj,chunk_20260701-0200-yuvraj,False,within_chunk,1,M1-D-2
ses_20260701-014804-yuvraj,21,2026-07-01T02:01:08.974Z,2026-07-01T02:01:46.260Z,37.286,77,chunk_20260701-0200-yuvraj,chunk_20260701-0200-yuvraj,False,within_chunk,1,M1-M-1
ses_20260701-014804-yuvraj,22,2026-07-01T02:01:46.761Z,2026-07-01T02:02:58.305Z,71.544,150,chunk_20260701-0200-yuvraj,chunk_20260701-0200-yuvraj,False,within_chunk,2,M1-M-2
ses_20260701-014804-yuvraj,23,2026-07-01T02:02:58.806Z,2026-07-01T02:04:06.928Z,68.122,73,chunk_20260701-0200-yuvraj,chunk_20260701-0200-yuvraj,False,within_chunk,1,M1-I-2
ses_20260701-014804-yuvraj,24,2026-07-01T02:04:11.179Z,2026-07-01T02:04:32.853Z,21.674,61,chunk_20260701-0200-yuvraj,chunk_20260701-0200-yuvraj,False,within_chunk,1,M1-J-3
ses_20260701-014804-yuvraj,25,2026-07-01T02:04:56.773Z,2026-07-01T02:05:32.968Z,36.195,86,chunk_20260701-0200-yuvraj,chunk_20260701-0200-yuvraj,False,within_chunk,2,M1-M-3
ses_20260701-014804-yuvraj,26,2026-07-01T02:05:33.448Z,2026-07-01T02:06:02.171Z,28.723,90,chunk_20260701-0200-yuvraj,chunk_20260701-0200-yuvraj,False,within_chunk,1,M1-H-1
ses_20260701-014804-yuvraj,27,2026-07-01T02:06:02.670Z,2026-07-01T02:06:35.701Z,33.031,81,chunk_20260701-0200-yuvraj,chunk_20260701-0200-yuvraj,False,within_chunk,1,M1-M-4
ses_20260701-014804-yuvraj,28,2026-07-01T02:06:36.214Z,2026-07-01T02:07:29.396Z,53.182,148,chunk_20260701-0200-yuvraj,chunk_20260701-0200-yuvraj,False,within_chunk,0,
ses_20260701-014804-yuvraj,29,2026-07-01T02:07:49.168Z,2026-07-01T02:08:12.358Z,23.19,62,chunk_20260701-0200-yuvraj,chunk_20260701-0200-yuvraj,False,within_chunk,1,M1-H-4
ses_20260701-014804-yuvraj,30,2026-07-01T02:08:13.000Z,2026-07-01T02:08:13.090Z,0.09,5,chunk_20260701-0200-yuvraj,chunk_20260701-0200-yuvraj,False,within_chunk,0,
ses_20260701-014804-yuvraj,31,2026-07-01T02:08:13.100Z,2026-07-01T02:09:34.718Z,81.618,200,chunk_20260701-0200-yuvraj,chunk_20260701-0200-yuvraj,False,within_chunk,1,M1-O-3
ses_20260701-014804-yuvraj,32,2026-07-01T02:09:35.200Z,2026-07-01T02:10:34.631Z,59.431,70,chunk_20260701-0200-yuvraj,chunk_20260701-0200-yuvraj,False,within_chunk,1,M1-I-3
ses_20260701-014804-yuvraj,33,2026-07-01T02:10:34.633Z,2026-07-01T02:20:24.200Z,589.567,215,chunk_20260701-0200-yuvraj,chunk_20260701-0200-yuvraj,False,within_chunk,1,M1-I-3
ses_20260701-022828-yuvraj,1,2026-07-01T02:28:28.374Z,2026-07-01T02:29:45.488Z,77.114,57,chunk_20260701-0200-yuvraj,chunk_20260701-0200-yuvraj,False,within_chunk,1,M1-K-1
ses_20260701-022828-yuvraj,2,2026-07-01T02:30:31.133Z,2026-07-01T02:30:50.004Z,18.871,47,chunk_20260701-0200-yuvraj,chunk_20260701-0230-yuvraj,True,continuation_across_chunk,1,M1-L-1
ses_20260701-022828-yuvraj,3,2026-07-01T02:30:53.468Z,2026-07-01T02:30:53.528Z,0.06,4,chunk_20260701-0230-yuvraj,chunk_20260701-0230-yuvraj,False,within_chunk,0,
ses_20260701-022828-yuvraj,4,2026-07-01T02:30:53.561Z,2026-07-01T02:32:22.657Z,89.096,179,chunk_20260701-0230-yuvraj,chunk_20260701-0230-yuvraj,False,within_chunk,1,M1-I-2
ses_20260701-022828-yuvraj,5,2026-07-01T02:32:47.261Z,2026-07-01T02:32:48.328Z,1.067,4,chunk_20260701-0230-yuvraj,chunk_20260701-0230-yuvraj,False,within_chunk,1,M1-I-2
ses_20260701-022828-yuvraj,6,2026-07-01T02:33:01.628Z,2026-07-01T02:33:02.215Z,0.587,4,chunk_20260701-0230-yuvraj,chunk_20260701-0230-yuvraj,False,within_chunk,1,M1-I-2
ses_20260701-022828-yuvraj,7,2026-07-01T02:33:03.267Z,2026-07-01T02:33:10.691Z,7.424,32,chunk_20260701-0230-yuvraj,chunk_20260701-0230-yuvraj,False,within_chunk,1,M1-I-2
ses_20260701-022828-yuvraj,8,2026-07-01T02:33:13.999Z,2026-07-01T02:33:52.112Z,38.113,78,chunk_20260701-0230-yuvraj,chunk_20260701-0230-yuvraj,False,within_chunk,2,M1-C-1
ses_20260701-022828-yuvraj,9,2026-07-01T02:33:52.642Z,2026-07-01T02:33:52.750Z,0.108,4,chunk_20260701-0230-yuvraj,chunk_20260701-0230-yuvraj,False,within_chunk,1,M1-O-1
ses_20260701-022828-yuvraj,10,2026-07-01T02:33:52.811Z,2026-07-01T02:34:58.988Z,66.177,245,chunk_20260701-0230-yuvraj,chunk_20260701-0230-yuvraj,False,within_chunk,2,M1-O-1
ses_20260701-022828-yuvraj,11,2026-07-01T02:35:45.691Z,2026-07-01T02:36:52.791Z,67.1,77,chunk_20260701-0230-yuvraj,chunk_20260701-0230-yuvraj,False,within_chunk,1,M1-I-3
ses_20260701-022828-yuvraj,12,2026-07-01T02:36:53.250Z,2026-07-01T02:37:27.806Z,34.556,83,chunk_20260701-0230-yuvraj,chunk_20260701-0230-yuvraj,False,within_chunk,1,M1-C-2
ses_20260701-022828-yuvraj,13,2026-07-01T02:37:28.279Z,2026-07-01T02:37:51.220Z,22.941,86,chunk_20260701-0230-yuvraj,chunk_20260701-0230-yuvraj,False,within_chunk,0,
ses_20260701-022828-yuvraj,14,2026-07-01T02:38:44.264Z,2026-07-01T02:40:48.382Z,124.118,78,chunk_20260701-0230-yuvraj,chunk_20260701-0230-yuvraj,False,within_chunk,1,M1-K-4
ses_20260701-022828-yuvraj,15,2026-07-01T02:40:48.427Z,2026-07-01T02:41:13.117Z,24.69,87,chunk_20260701-0230-yuvraj,chunk_20260701-0230-yuvraj,False,within_chunk,2,M1-H-1
ses_20260701-022828-yuvraj,16,2026-07-01T02:41:15.928Z,2026-07-01T02:41:52.925Z,36.997,73,chunk_20260701-0230-yuvraj,chunk_20260701-0230-yuvraj,False,within_chunk,2,M1-D-1
ses_20260701-022828-yuvraj,17,2026-07-01T02:41:56.829Z,2026-07-01T02:42:34.133Z,37.304,49,chunk_20260701-0230-yuvraj,chunk_20260701-0230-yuvraj,False,within_chunk,2,M1-C-3
ses_20260701-022828-yuvraj,18,2026-07-01T02:42:34.159Z,2026-07-01T02:43:19.639Z,45.48,187,chunk_20260701-0230-yuvraj,chunk_20260701-0230-yuvraj,False,within_chunk,1,M1-H-2
ses_20260701-022828-yuvraj,19,2026-07-01T02:43:20.133Z,2026-07-01T02:43:48.712Z,28.579,66,chunk_20260701-0230-yuvraj,chunk_20260701-0230-yuvraj,False,within_chunk,1,M1-D-2
ses_20260701-022828-yuvraj,20,2026-07-01T02:43:51.973Z,2026-07-01T02:44:17.719Z,25.746,92,chunk_20260701-0230-yuvraj,chunk_20260701-0230-yuvraj,False,within_chunk,3,M1-O-2
ses_20260701-022828-yuvraj,21,2026-07-01T02:44:17.740Z,2026-07-01T02:44:45.877Z,28.137,84,chunk_20260701-0230-yuvraj,chunk_20260701-0230-yuvraj,False,within_chunk,1,M1-H-3
ses_20260701-022828-yuvraj,22,2026-07-01T02:44:46.368Z,2026-07-01T02:45:21.057Z,34.689,80,chunk_20260701-0230-yuvraj,chunk_20260701-0230-yuvraj,False,within_chunk,1,M1-C-4
ses_20260701-022828-yuvraj,23,2026-07-01T02:45:24.504Z,2026-07-01T02:45:53.246Z,28.742,60,chunk_20260701-0230-yuvraj,chunk_20260701-0230-yuvraj,False,within_chunk,2,M1-E-1
ses_20260701-022828-yuvraj,24,2026-07-01T02:46:13.426Z,2026-07-01T02:46:15.042Z,1.616,6,chunk_20260701-0230-yuvraj,chunk_20260701-0230-yuvraj,False,within_chunk,1,M1-D-3
ses_20260701-022828-yuvraj,25,2026-07-01T02:46:17.106Z,2026-07-01T02:46:25.260Z,8.154,31,chunk_20260701-0230-yuvraj,chunk_20260701-0230-yuvraj,False,within_chunk,1,M1-D-3
ses_20260701-022828-yuvraj,26,2026-07-01T02:46:25.727Z,2026-07-01T02:46:47.401Z,21.674,80,chunk_20260701-0230-yuvraj,chunk_20260701-0230-yuvraj,False,within_chunk,1,M1-H-4
ses_20260701-022828-yuvraj,27,2026-07-01T02:46:50.519Z,2026-07-01T02:47:12.385Z,21.866,76,chunk_20260701-0230-yuvraj,chunk_20260701-0230-yuvraj,False,within_chunk,2,M1-L-2
ses_20260701-022828-yuvraj,28,2026-07-01T02:47:15.867Z,2026-07-01T02:47:38.571Z,22.704,64,chunk_20260701-0230-yuvraj,chunk_20260701-0230-yuvraj,False,within_chunk,1,M1-O-3
ses_20260701-022828-yuvraj,29,2026-07-01T02:47:42.441Z,2026-07-01T02:48:08.359Z,25.918,84,chunk_20260701-0230-yuvraj,chunk_20260701-0230-yuvraj,False,within_chunk,2,M1-E-2
ses_20260701-022828-yuvraj,30,2026-07-01T02:48:08.879Z,2026-07-01T02:48:56.211Z,47.332,133,chunk_20260701-0230-yuvraj,chunk_20260701-0230-yuvraj,False,within_chunk,1,M1-L-4
ses_20260701-022828-yuvraj,31,2026-07-01T02:48:56.724Z,2026-07-01T02:49:44.103Z,47.379,105,chunk_20260701-0230-yuvraj,chunk_20260701-0230-yuvraj,False,within_chunk,1,M1-E-3
ses_20260701-030836-yuvraj,1,2026-07-01T03:08:36.377Z,2026-07-01T03:10:00.417Z,84.04,53,chunk_20260701-0300-yuvraj,chunk_20260701-0300-yuvraj,False,within_chunk,1,M1-N-1
ses_20260701-030836-yuvraj,2,2026-07-01T03:10:03.916Z,2026-07-01T03:10:23.770Z,19.854,53,chunk_20260701-0300-yuvraj,chunk_20260701-0300-yuvraj,False,within_chunk,1,M1-K-1
ses_20260701-030836-yuvraj,3,2026-07-01T03:11:04.645Z,2026-07-01T03:11:10.066Z,5.421,9,chunk_20260701-0300-yuvraj,chunk_20260701-0300-yuvraj,False,within_chunk,1,M1-N-2
ses_20260701-030836-yuvraj,4,2026-07-01T03:11:23.205Z,2026-07-01T03:11:31.636Z,8.431,36,chunk_20260701-0300-yuvraj,chunk_20260701-0300-yuvraj,False,within_chunk,1,M1-N-2
ses_20260701-030836-yuvraj,5,2026-07-01T03:11:34.583Z,2026-07-01T03:11:35.777Z,1.194,15,chunk_20260701-0300-yuvraj,chunk_20260701-0300-yuvraj,False,within_chunk,2,M1-D-1
ses_20260701-030836-yuvraj,6,2026-07-01T03:11:36.563Z,2026-07-01T03:12:11.176Z,34.613,63,chunk_20260701-0300-yuvraj,chunk_20260701-0300-yuvraj,False,within_chunk,2,M1-D-1
ses_20260701-030836-yuvraj,7,2026-07-01T03:12:11.209Z,2026-07-01T03:13:05.055Z,53.846,164,chunk_20260701-0300-yuvraj,chunk_20260701-0300-yuvraj,False,within_chunk,1,M1-N-3
ses_20260701-030836-yuvraj,8,2026-07-01T03:13:05.618Z,2026-07-01T03:13:08.106Z,2.488,5,chunk_20260701-0300-yuvraj,chunk_20260701-0300-yuvraj,False,within_chunk,1,M1-N-3
ses_20260701-030836-yuvraj,9,2026-07-01T03:13:08.148Z,2026-07-01T03:13:39.590Z,31.442,69,chunk_20260701-0300-yuvraj,chunk_20260701-0300-yuvraj,False,within_chunk,2,M1-G-1
ses_20260701-030836-yuvraj,10,2026-07-01T03:13:39.668Z,2026-07-01T03:14:06.649Z,26.981,57,chunk_20260701-0300-yuvraj,chunk_20260701-0300-yuvraj,False,within_chunk,3,M1-J-1
ses_20260701-030836-yuvraj,11,2026-07-01T03:14:06.709Z,2026-07-01T03:14:38.505Z,31.796,64,chunk_20260701-0300-yuvraj,chunk_20260701-0300-yuvraj,False,within_chunk,1,M1-D-2
ses_20260701-030836-yuvraj,12,2026-07-01T03:14:41.725Z,2026-07-01T03:15:06.626Z,24.901,78,chunk_20260701-0300-yuvraj,chunk_20260701-0300-yuvraj,False,within_chunk,2,M1-L-1
ses_20260701-030836-yuvraj,13,2026-07-01T03:15:07.063Z,2026-07-01T03:17:42.373Z,155.31,128,chunk_20260701-0300-yuvraj,chunk_20260701-0300-yuvraj,False,within_chunk,2,M1-D-3
ses_20260701-030836-yuvraj,14,2026-07-01T03:17:45.099Z,2026-07-01T03:18:05.993Z,20.894,74,chunk_20260701-0300-yuvraj,chunk_20260701-0300-yuvraj,False,within_chunk,2,M1-G-2
ses_20260701-030836-yuvraj,15,2026-07-01T03:18:05.994Z,2026-07-01T03:18:55.719Z,49.725,117,chunk_20260701-0300-yuvraj,chunk_20260701-0300-yuvraj,False,within_chunk,2,M1-J-3
ses_20260701-030836-yuvraj,16,2026-07-01T03:18:59.962Z,2026-07-01T03:19:26.453Z,26.491,61,chunk_20260701-0300-yuvraj,chunk_20260701-0300-yuvraj,False,within_chunk,1,M1-H-1
ses_20260701-030836-yuvraj,17,2026-07-01T03:19:26.971Z,2026-07-01T03:19:49.414Z,22.443,83,chunk_20260701-0300-yuvraj,chunk_20260701-0300-yuvraj,False,within_chunk,1,M1-K-2
ses_20260701-030836-yuvraj,18,2026-07-01T03:19:49.415Z,2026-07-01T03:20:28.781Z,39.366,11,chunk_20260701-0300-yuvraj,chunk_20260701-0300-yuvraj,False,within_chunk,2,M1-H-2
ses_20260701-030836-yuvraj,19,2026-07-01T03:20:28.829Z,2026-07-01T03:20:56.655Z,27.826,85,chunk_20260701-0300-yuvraj,chunk_20260701-0300-yuvraj,False,within_chunk,1,M1-H-2
ses_20260701-030836-yuvraj,20,2026-07-01T03:20:57.125Z,2026-07-01T03:21:42.893Z,45.768,124,chunk_20260701-0300-yuvraj,chunk_20260701-0300-yuvraj,False,within_chunk,1,M1-L-3
ses_20260701-030836-yuvraj,21,2026-07-01T03:21:58.744Z,2026-07-01T03:22:21.531Z,22.787,75,chunk_20260701-0300-yuvraj,chunk_20260701-0300-yuvraj,False,within_chunk,1,M1-G-3
ses_20260701-030836-yuvraj,22,2026-07-01T03:22:22.062Z,2026-07-01T03:23:01.824Z,39.762,83,chunk_20260701-0300-yuvraj,chunk_20260701-0300-yuvraj,False,within_chunk,1,M1-C-2
ses_20260701-030836-yuvraj,23,2026-07-01T03:23:02.270Z,2026-07-01T03:23:31.199Z,28.929,91,chunk_20260701-0300-yuvraj,chunk_20260701-0300-yuvraj,False,within_chunk,1,M1-G-4
ses_20260701-030836-yuvraj,24,2026-07-01T03:23:33.948Z,2026-07-01T03:23:58.461Z,24.513,82,chunk_20260701-0300-yuvraj,chunk_20260701-0300-yuvraj,False,within_chunk,2,M1-L-4
ses_20260701-030836-yuvraj,25,2026-07-01T03:23:58.981Z,2026-07-01T03:25:16.599Z,77.618,127,chunk_20260701-0300-yuvraj,chunk_20260701-0300-yuvraj,False,within_chunk,1,M1-C-4
ses_20260701-030836-yuvraj,26,2026-07-01T03:25:16.662Z,2026-07-01T03:26:30.453Z,73.791,284,chunk_20260701-0300-yuvraj,chunk_20260701-0300-yuvraj,False,within_chunk,3,M1-H-3
ses_20260701-030836-yuvraj,27,2026-07-01T03:26:30.454Z,2026-07-01T03:31:04.499Z,274.045,15,chunk_20260701-0300-yuvraj,chunk_20260701-0330-yuvraj,True,continuation_across_chunk,1,M1-K-3
ses_20260701-032825-CHAITANYA0BCF,1,2026-07-01T03:28:25.360Z,2026-07-01T03:28:35.179Z,9.819,40,chunk_20260701-0300-CHAITANYA0BCF,chunk_20260701-0300-CHAITANYA0BCF,False,within_chunk,0,
ses_20260701-032825-CHAITANYA0BCF,2,2026-07-01T03:29:20.264Z,2026-07-01T03:29:55.870Z,35.606,74,chunk_20260701-0300-CHAITANYA0BCF,chunk_20260701-0300-CHAITANYA0BCF,False,within_chunk,1,M1-C-1
ses_20260701-032825-CHAITANYA0BCF,3,2026-07-01T03:29:55.899Z,2026-07-01T03:30:35.909Z,40.01,95,chunk_20260701-0300-CHAITANYA0BCF,chunk_20260701-0330-CHAITANYA0BCF,True,continuation_across_chunk,2,M1-N-1
ses_20260701-032825-CHAITANYA0BCF,4,2026-07-01T03:30:38.587Z,2026-07-01T03:30:57.682Z,19.095,70,chunk_20260701-0330-CHAITANYA0BCF,chunk_20260701-0330-CHAITANYA0BCF,False,within_chunk,2,M1-B-1
ses_20260701-032825-CHAITANYA0BCF,5,2026-07-01T03:31:37.466Z,2026-07-01T03:31:42.147Z,4.681,9,chunk_20260701-0330-CHAITANYA0BCF,chunk_20260701-0330-CHAITANYA0BCF,False,within_chunk,1,M1-B-1
ses_20260701-032825-CHAITANYA0BCF,6,2026-07-01T03:31:44.389Z,2026-07-01T03:31:45.056Z,0.667,5,chunk_20260701-0330-CHAITANYA0BCF,chunk_20260701-0330-CHAITANYA0BCF,False,within_chunk,2,M1-H-1
ses_20260701-032825-CHAITANYA0BCF,7,2026-07-01T03:31:45.087Z,2026-07-01T03:32:10.877Z,25.79,102,chunk_20260701-0330-CHAITANYA0BCF,chunk_20260701-0330-CHAITANYA0BCF,False,within_chunk,1,M1-H-1
ses_20260701-032825-CHAITANYA0BCF,8,2026-07-01T03:32:11.396Z,2026-07-01T03:32:33.434Z,22.038,80,chunk_20260701-0330-CHAITANYA0BCF,chunk_20260701-0330-CHAITANYA0BCF,False,within_chunk,1,M1-B-2
ses_20260701-032825-CHAITANYA0BCF,9,2026-07-01T03:33:30.832Z,2026-07-01T03:34:38.615Z,67.783,113,chunk_20260701-0330-CHAITANYA0BCF,chunk_20260701-0330-CHAITANYA0BCF,False,within_chunk,1,M1-I-1
ses_20260701-032825-CHAITANYA0BCF,10,2026-07-01T03:34:41.825Z,2026-07-01T03:34:41.840Z,0.015,4,chunk_20260701-0330-CHAITANYA0BCF,chunk_20260701-0330-CHAITANYA0BCF,False,within_chunk,1,M1-D-1
ses_20260701-032825-CHAITANYA0BCF,11,2026-07-01T03:34:41.875Z,2026-07-01T03:35:15.493Z,33.618,84,chunk_20260701-0330-CHAITANYA0BCF,chunk_20260701-0330-CHAITANYA0BCF,False,within_chunk,1,M1-D-1
ses_20260701-032825-CHAITANYA0BCF,12,2026-07-01T03:35:15.965Z,2026-07-01T03:36:44.249Z,88.284,172,chunk_20260701-0330-CHAITANYA0BCF,chunk_20260701-0330-CHAITANYA0BCF,False,within_chunk,2,M1-H-2
ses_20260701-032825-CHAITANYA0BCF,13,2026-07-01T03:36:44.735Z,2026-07-01T03:37:27.359Z,42.624,85,chunk_20260701-0330-CHAITANYA0BCF,chunk_20260701-0330-CHAITANYA0BCF,False,within_chunk,1,M1-C-2
ses_20260701-032825-CHAITANYA0BCF,14,2026-07-01T03:37:47.503Z,2026-07-01T03:38:17.137Z,29.634,60,chunk_20260701-0330-CHAITANYA0BCF,chunk_20260701-0330-CHAITANYA0BCF,False,within_chunk,2,M1-I-3
ses_20260701-032825-CHAITANYA0BCF,15,2026-07-01T03:38:31.552Z,2026-07-01T03:38:32.831Z,1.279,8,chunk_20260701-0330-CHAITANYA0BCF,chunk_20260701-0330-CHAITANYA0BCF,False,within_chunk,1,M1-I-3
ses_20260701-032825-CHAITANYA0BCF,16,2026-07-01T03:38:54.912Z,2026-07-01T03:40:30.898Z,95.986,78,chunk_20260701-0330-CHAITANYA0BCF,chunk_20260701-0330-CHAITANYA0BCF,False,within_chunk,2,M1-I-3
ses_20260701-032825-CHAITANYA0BCF,17,2026-07-01T03:40:31.979Z,2026-07-01T03:41:25.119Z,53.14,136,chunk_20260701-0330-CHAITANYA0BCF,chunk_20260701-0330-CHAITANYA0BCF,False,within_chunk,2,M1-E-1
ses_20260701-032825-CHAITANYA0BCF,18,2026-07-01T03:41:28.916Z,2026-07-01T03:41:47.154Z,18.238,47,chunk_20260701-0330-CHAITANYA0BCF,chunk_20260701-0330-CHAITANYA0BCF,False,within_chunk,0,
ses_20260701-032825-CHAITANYA0BCF,19,2026-07-01T03:42:38.567Z,2026-07-01T03:43:16.438Z,37.871,82,chunk_20260701-0330-CHAITANYA0BCF,chunk_20260701-0330-CHAITANYA0BCF,False,within_chunk,1,M1-B-4
ses_20260701-032825-CHAITANYA0BCF,20,2026-07-01T03:44:04.352Z,2026-07-01T03:45:00.475Z,56.123,166,chunk_20260701-0330-CHAITANYA0BCF,chunk_20260701-0330-CHAITANYA0BCF,False,within_chunk,2,M1-H-4
ses_20260701-032825-CHAITANYA0BCF,21,2026-07-01T03:45:00.929Z,2026-07-01T03:46:14.178Z,73.249,144,chunk_20260701-0330-CHAITANYA0BCF,chunk_20260701-0330-CHAITANYA0BCF,False,within_chunk,1,M1-N-3
ses_20260701-032825-CHAITANYA0BCF,22,2026-07-01T03:46:14.682Z,2026-07-01T03:46:37.557Z,22.875,82,chunk_20260701-0330-CHAITANYA0BCF,chunk_20260701-0330-CHAITANYA0BCF,False,within_chunk,1,M1-A-2
ses_20260701-032825-CHAITANYA0BCF,23,2026-07-01T03:46:41.858Z,2026-07-01T03:48:25.647Z,103.789,168,chunk_20260701-0330-CHAITANYA0BCF,chunk_20260701-0330-CHAITANYA0BCF,False,within_chunk,2,M1-C-3
ses_20260701-032825-CHAITANYA0BCF,24,2026-07-01T03:48:26.089Z,2026-07-01T03:48:56.041Z,29.952,95,chunk_20260701-0330-CHAITANYA0BCF,chunk_20260701-0330-CHAITANYA0BCF,False,within_chunk,2,M1-J-1
ses_20260701-032825-CHAITANYA0BCF,25,2026-07-01T03:48:56.518Z,2026-07-01T03:49:26.438Z,29.92,111,chunk_20260701-0330-CHAITANYA0BCF,chunk_20260701-0330-CHAITANYA0BCF,False,within_chunk,1,M1-A-3
ses_20260701-032825-CHAITANYA0BCF,26,2026-07-01T03:49:26.920Z,2026-07-01T03:49:55.515Z,28.595,90,chunk_20260701-0330-CHAITANYA0BCF,chunk_20260701-0330-CHAITANYA0BCF,False,within_chunk,1,M1-J-2
ses_20260701-032825-CHAITANYA0BCF,27,2026-07-01T03:49:56.130Z,2026-07-01T03:50:23.771Z,27.641,103,chunk_20260701-0330-CHAITANYA0BCF,chunk_20260701-0330-CHAITANYA0BCF,False,within_chunk,1,M1-E-2
ses_20260701-032825-CHAITANYA0BCF,28,2026-07-01T03:50:27.689Z,2026-07-01T03:51:00.936Z,33.247,55,chunk_20260701-0330-CHAITANYA0BCF,chunk_20260701-0330-CHAITANYA0BCF,False,within_chunk,1,M1-C-4
ses_20260701-032825-CHAITANYA0BCF,29,2026-07-01T03:51:04.948Z,2026-07-01T03:51:26.692Z,21.744,71,chunk_20260701-0330-CHAITANYA0BCF,chunk_20260701-0330-CHAITANYA0BCF,False,within_chunk,1,M1-E-3
ses_20260701-032825-CHAITANYA0BCF,30,2026-07-01T03:51:30.165Z,2026-07-01T03:51:30.196Z,0.031,4,chunk_20260701-0330-CHAITANYA0BCF,chunk_20260701-0330-CHAITANYA0BCF,False,within_chunk,1,M1-J-3
ses_20260701-032825-CHAITANYA0BCF,31,2026-07-01T03:51:30.208Z,2026-07-01T03:52:26.068Z,55.86,127,chunk_20260701-0330-CHAITANYA0BCF,chunk_20260701-0330-CHAITANYA0BCF,False,within_chunk,1,M1-J-3
ses_20260701-035622-SIDDHIGUPTAB00B,1,2026-07-01T03:56:22.434Z,2026-07-01T03:57:01.898Z,39.464,55,chunk_20260701-0330-SIDDHIGUPTAB00B,chunk_20260701-0330-SIDDHIGUPTAB00B,False,within_chunk,0,
ses_20260701-035622-SIDDHIGUPTAB00B,2,2026-07-01T03:57:43.564Z,2026-07-01T03:58:13.936Z,30.372,70,chunk_20260701-0330-SIDDHIGUPTAB00B,chunk_20260701-0330-SIDDHIGUPTAB00B,False,within_chunk,2,M1-B-1
ses_20260701-035622-SIDDHIGUPTAB00B,3,2026-07-01T03:58:14.013Z,2026-07-01T03:58:31.441Z,17.428,55,chunk_20260701-0330-SIDDHIGUPTAB00B,chunk_20260701-0330-SIDDHIGUPTAB00B,False,within_chunk,1,M1-L-1
ses_20260701-035622-SIDDHIGUPTAB00B,4,2026-07-01T03:58:33.842Z,2026-07-01T03:58:59.508Z,25.666,70,chunk_20260701-0330-SIDDHIGUPTAB00B,chunk_20260701-0330-SIDDHIGUPTAB00B,False,within_chunk,2,M1-B-2
ses_20260701-035622-SIDDHIGUPTAB00B,5,2026-07-01T03:59:30.473Z,2026-07-01T04:00:46.866Z,76.393,76,chunk_20260701-0330-SIDDHIGUPTAB00B,chunk_20260701-0400-SIDDHIGUPTAB00B,True,continuation_across_chunk,1,M1-G-1
ses_20260701-035622-SIDDHIGUPTAB00B,6,2026-07-01T04:00:47.354Z,2026-07-01T04:00:48.102Z,0.748,5,chunk_20260701-0400-SIDDHIGUPTAB00B,chunk_20260701-0400-SIDDHIGUPTAB00B,False,within_chunk,1,M1-M-1
ses_20260701-035622-SIDDHIGUPTAB00B,7,2026-07-01T04:00:48.199Z,2026-07-01T04:01:27.555Z,39.356,86,chunk_20260701-0400-SIDDHIGUPTAB00B,chunk_20260701-0400-SIDDHIGUPTAB00B,False,within_chunk,1,M1-M-1
ses_20260701-035622-SIDDHIGUPTAB00B,8,2026-07-01T04:01:27.940Z,2026-07-01T04:01:55.059Z,27.119,58,chunk_20260701-0400-SIDDHIGUPTAB00B,chunk_20260701-0400-SIDDHIGUPTAB00B,False,within_chunk,1,M1-I-1
ses_20260701-035622-SIDDHIGUPTAB00B,9,2026-07-01T04:02:05.818Z,2026-07-01T04:02:30.295Z,24.477,54,chunk_20260701-0400-SIDDHIGUPTAB00B,chunk_20260701-0400-SIDDHIGUPTAB00B,False,within_chunk,1,M1-I-1
ses_20260701-035622-SIDDHIGUPTAB00B,10,2026-07-01T04:02:34.423Z,2026-07-01T04:03:00.581Z,26.158,64,chunk_20260701-0400-SIDDHIGUPTAB00B,chunk_20260701-0400-SIDDHIGUPTAB00B,False,within_chunk,1,M1-F-1
ses_20260701-035622-SIDDHIGUPTAB00B,11,2026-07-01T04:03:00.993Z,2026-07-01T04:03:31.960Z,30.967,107,chunk_20260701-0400-SIDDHIGUPTAB00B,chunk_20260701-0400-SIDDHIGUPTAB00B,False,within_chunk,1,M1-E-1
ses_20260701-035622-SIDDHIGUPTAB00B,12,2026-07-01T04:03:32.373Z,2026-07-01T04:05:15.583Z,103.21,110,chunk_20260701-0400-SIDDHIGUPTAB00B,chunk_20260701-0400-SIDDHIGUPTAB00B,False,within_chunk,1,M1-F-2
ses_20260701-035622-SIDDHIGUPTAB00B,13,2026-07-01T04:05:15.987Z,2026-07-01T04:06:33.747Z,77.76,94,chunk_20260701-0400-SIDDHIGUPTAB00B,chunk_20260701-0400-SIDDHIGUPTAB00B,False,within_chunk,1,M1-D-1
ses_20260701-035622-SIDDHIGUPTAB00B,14,2026-07-01T04:06:34.038Z,2026-07-01T04:07:06.774Z,32.736,50,chunk_20260701-0400-SIDDHIGUPTAB00B,chunk_20260701-0400-SIDDHIGUPTAB00B,False,within_chunk,2,M1-B-3
ses_20260701-035622-SIDDHIGUPTAB00B,15,2026-07-01T04:07:07.202Z,2026-07-01T04:07:50.831Z,43.629,81,chunk_20260701-0400-SIDDHIGUPTAB00B,chunk_20260701-0400-SIDDHIGUPTAB00B,False,within_chunk,2,M1-L-2
ses_20260701-035622-SIDDHIGUPTAB00B,16,2026-07-01T04:07:54.681Z,2026-07-01T04:08:45.732Z,51.051,147,chunk_20260701-0400-SIDDHIGUPTAB00B,chunk_20260701-0400-SIDDHIGUPTAB00B,False,within_chunk,1,M1-F-4
ses_20260701-035622-SIDDHIGUPTAB00B,17,2026-07-01T04:08:49.567Z,2026-07-01T04:09:09.058Z,19.491,47,chunk_20260701-0400-SIDDHIGUPTAB00B,chunk_20260701-0400-SIDDHIGUPTAB00B,False,within_chunk,1,M1-G-2
ses_20260701-035622-SIDDHIGUPTAB00B,18,2026-07-01T04:09:12.834Z,2026-07-01T04:09:29.867Z,17.033,28,chunk_20260701-0400-SIDDHIGUPTAB00B,chunk_20260701-0400-SIDDHIGUPTAB00B,False,within_chunk,1,M1-I-2
ses_20260701-035622-SIDDHIGUPTAB00B,19,2026-07-01T04:09:48.532Z,2026-07-01T04:10:10.936Z,22.404,53,chunk_20260701-0400-SIDDHIGUPTAB00B,chunk_20260701-0400-SIDDHIGUPTAB00B,False,within_chunk,1,M1-I-2
ses_20260701-035622-SIDDHIGUPTAB00B,20,2026-07-01T04:10:15.029Z,2026-07-01T04:10:50.843Z,35.814,104,chunk_20260701-0400-SIDDHIGUPTAB00B,chunk_20260701-0400-SIDDHIGUPTAB00B,False,within_chunk,2,M1-L-3
ses_20260701-035622-SIDDHIGUPTAB00B,21,2026-07-01T04:10:50.846Z,2026-07-01T04:11:25.487Z,34.641,86,chunk_20260701-0400-SIDDHIGUPTAB00B,chunk_20260701-0400-SIDDHIGUPTAB00B,False,within_chunk,2,M1-K-1
ses_20260701-035622-SIDDHIGUPTAB00B,22,2026-07-01T04:11:33.552Z,2026-07-01T04:12:27.642Z,54.09,64,chunk_20260701-0400-SIDDHIGUPTAB00B,chunk_20260701-0400-SIDDHIGUPTAB00B,False,within_chunk,1,M1-N-1
ses_20260701-035622-SIDDHIGUPTAB00B,23,2026-07-01T04:12:29.613Z,2026-07-01T04:12:56.906Z,27.293,80,chunk_20260701-0400-SIDDHIGUPTAB00B,chunk_20260701-0400-SIDDHIGUPTAB00B,False,within_chunk,2,M1-H-1
ses_20260701-035622-SIDDHIGUPTAB00B,24,2026-07-01T04:12:57.885Z,2026-07-01T04:13:32.253Z,34.368,93,chunk_20260701-0400-SIDDHIGUPTAB00B,chunk_20260701-0400-SIDDHIGUPTAB00B,False,within_chunk,1,M1-K-2
ses_20260701-035622-SIDDHIGUPTAB00B,25,2026-07-01T04:13:43.644Z,2026-07-01T04:14:12.003Z,28.359,89,chunk_20260701-0400-SIDDHIGUPTAB00B,chunk_20260701-0400-SIDDHIGUPTAB00B,False,within_chunk,1,M1-E-2
ses_20260701-035622-SIDDHIGUPTAB00B,26,2026-07-01T04:14:12.452Z,2026-07-01T04:14:48.125Z,35.673,91,chunk_20260701-0400-SIDDHIGUPTAB00B,chunk_20260701-0400-SIDDHIGUPTAB00B,False,within_chunk,1,M1-K-3
ses_20260701-035622-SIDDHIGUPTAB00B,27,2026-07-01T04:14:59.313Z,2026-07-01T04:14:59.930Z,0.617,9,chunk_20260701-0400-SIDDHIGUPTAB00B,chunk_20260701-0400-SIDDHIGUPTAB00B,False,within_chunk,1,M1-K-3
ses_20260701-035622-SIDDHIGUPTAB00B,28,2026-07-01T04:14:59.994Z,2026-07-01T04:16:19.512Z,79.518,136,chunk_20260701-0400-SIDDHIGUPTAB00B,chunk_20260701-0400-SIDDHIGUPTAB00B,False,within_chunk,2,M1-N-3
ses_20260701-035622-SIDDHIGUPTAB00B,29,2026-07-01T04:16:19.530Z,2026-07-01T04:16:50.719Z,31.189,87,chunk_20260701-0400-SIDDHIGUPTAB00B,chunk_20260701-0400-SIDDHIGUPTAB00B,False,within_chunk,2,M1-G-4
ses_20260701-035622-SIDDHIGUPTAB00B,30,2026-07-01T04:16:59.430Z,2026-07-01T04:18:27.520Z,88.09,245,chunk_20260701-0400-SIDDHIGUPTAB00B,chunk_20260701-0400-SIDDHIGUPTAB00B,False,within_chunk,3,M1-E-3
ses_20260701-035622-SIDDHIGUPTAB00B,31,2026-07-01T04:18:30.268Z,2026-07-01T04:18:55.411Z,25.143,91,chunk_20260701-0400-SIDDHIGUPTAB00B,chunk_20260701-0400-SIDDHIGUPTAB00B,False,within_chunk,2,M1-K-4
ses_20260701-035622-SIDDHIGUPTAB00B,32,2026-07-01T04:18:55.455Z,2026-07-01T04:19:54.507Z,59.052,58,chunk_20260701-0400-SIDDHIGUPTAB00B,chunk_20260701-0400-SIDDHIGUPTAB00B,False,within_chunk,2,M1-M-2
ses_20260701-035622-SIDDHIGUPTAB00B,33,2026-07-01T04:20:03.658Z,2026-07-01T04:20:04.582Z,0.924,4,chunk_20260701-0400-SIDDHIGUPTAB00B,chunk_20260701-0400-SIDDHIGUPTAB00B,False,within_chunk,1,M1-M-2
ses_20260701-035622-SIDDHIGUPTAB00B,34,2026-07-01T04:20:05.282Z,2026-07-01T04:20:22.159Z,16.877,34,chunk_20260701-0400-SIDDHIGUPTAB00B,chunk_20260701-0400-SIDDHIGUPTAB00B,False,within_chunk,1,M1-D-2
ses_20260701-035622-SIDDHIGUPTAB00B,35,2026-07-01T04:20:38.347Z,2026-07-01T04:22:08.248Z,89.901,184,chunk_20260701-0400-SIDDHIGUPTAB00B,chunk_20260701-0400-SIDDHIGUPTAB00B,False,within_chunk,3,M1-M-4
ses_20260701-035622-SIDDHIGUPTAB00B,36,2026-07-01T04:22:08.308Z,2026-07-01T04:23:52.482Z,104.174,162,chunk_20260701-0400-SIDDHIGUPTAB00B,chunk_20260701-0400-SIDDHIGUPTAB00B,False,within_chunk,2,M1-I-3
ses_20260701-035622-SIDDHIGUPTAB00B,37,2026-07-01T04:23:52.507Z,2026-07-01T04:24:24.794Z,32.287,37,chunk_20260701-0400-SIDDHIGUPTAB00B,chunk_20260701-0400-SIDDHIGUPTAB00B,False,within_chunk,1,M1-D-3
ses_20260701-043922-SIDDHIGUPTAB00B,1,2026-07-01T04:39:22.341Z,2026-07-01T04:40:39.739Z,77.398,70,chunk_20260701-0430-SIDDHIGUPTAB00B,chunk_20260701-0430-SIDDHIGUPTAB00B,False,within_chunk,1,M1-K-1
ses_20260701-043922-SIDDHIGUPTAB00B,2,2026-07-01T04:40:39.743Z,2026-07-01T04:41:08.215Z,28.472,53,chunk_20260701-0430-SIDDHIGUPTAB00B,chunk_20260701-0430-SIDDHIGUPTAB00B,False,within_chunk,2,M1-L-1
ses_20260701-043922-SIDDHIGUPTAB00B,3,2026-07-01T04:41:11.686Z,2026-07-01T04:41:12.493Z,0.807,7,chunk_20260701-0430-SIDDHIGUPTAB00B,chunk_20260701-0430-SIDDHIGUPTAB00B,False,within_chunk,2,M1-F-1
ses_20260701-043922-SIDDHIGUPTAB00B,4,2026-07-01T04:41:12.511Z,2026-07-01T04:41:37.566Z,25.055,99,chunk_20260701-0430-SIDDHIGUPTAB00B,chunk_20260701-0430-SIDDHIGUPTAB00B,False,within_chunk,1,M1-F-1
ses_20260701-043922-SIDDHIGUPTAB00B,5,2026-07-01T04:42:07.171Z,2026-07-01T04:42:08.027Z,0.856,7,chunk_20260701-0430-SIDDHIGUPTAB00B,chunk_20260701-0430-SIDDHIGUPTAB00B,False,within_chunk,1,M1-F-1
ses_20260701-043922-SIDDHIGUPTAB00B,6,2026-07-01T04:42:08.051Z,2026-07-01T04:43:02.198Z,54.147,155,chunk_20260701-0430-SIDDHIGUPTAB00B,chunk_20260701-0430-SIDDHIGUPTAB00B,False,within_chunk,1,M1-A-2
ses_20260701-043922-SIDDHIGUPTAB00B,7,2026-07-01T04:43:02.607Z,2026-07-01T04:43:25.225Z,22.618,77,chunk_20260701-0430-SIDDHIGUPTAB00B,chunk_20260701-0430-SIDDHIGUPTAB00B,False,within_chunk,1,M1-G-1
ses_20260701-043922-SIDDHIGUPTAB00B,8,2026-07-01T04:43:55.256Z,2026-07-01T04:44:21.694Z,26.438,12,chunk_20260701-0430-SIDDHIGUPTAB00B,chunk_20260701-0430-SIDDHIGUPTAB00B,False,within_chunk,1,M1-G-1
ses_20260701-043922-SIDDHIGUPTAB00B,9,2026-07-01T04:44:35.776Z,2026-07-01T04:44:36.741Z,0.965,5,chunk_20260701-0430-SIDDHIGUPTAB00B,chunk_20260701-0430-SIDDHIGUPTAB00B,False,within_chunk,1,M1-G-1
ses_20260701-043922-SIDDHIGUPTAB00B,10,2026-07-01T04:44:50.434Z,2026-07-01T04:45:04.865Z,14.431,6,chunk_20260701-0430-SIDDHIGUPTAB00B,chunk_20260701-0430-SIDDHIGUPTAB00B,False,within_chunk,1,M1-G-1
ses_20260701-043922-SIDDHIGUPTAB00B,11,2026-07-01T04:45:05.722Z,2026-07-01T04:45:34.400Z,28.678,97,chunk_20260701-0430-SIDDHIGUPTAB00B,chunk_20260701-0430-SIDDHIGUPTAB00B,False,within_chunk,2,M1-J-1
ses_20260701-043922-SIDDHIGUPTAB00B,12,2026-07-01T04:45:50.569Z,2026-07-01T04:46:18.665Z,28.096,64,chunk_20260701-0430-SIDDHIGUPTAB00B,chunk_20260701-0430-SIDDHIGUPTAB00B,False,within_chunk,2,M1-I-1
ses_20260701-043922-SIDDHIGUPTAB00B,13,2026-07-01T04:46:36.672Z,2026-07-01T04:46:38.146Z,1.474,9,chunk_20260701-0430-SIDDHIGUPTAB00B,chunk_20260701-0430-SIDDHIGUPTAB00B,False,within_chunk,1,M1-I-1
ses_20260701-043922-SIDDHIGUPTAB00B,14,2026-07-01T04:46:53.905Z,2026-07-01T04:47:01.630Z,7.725,41,chunk_20260701-0430-SIDDHIGUPTAB00B,chunk_20260701-0430-SIDDHIGUPTAB00B,False,within_chunk,1,M1-I-1
ses_20260701-043922-SIDDHIGUPTAB00B,15,2026-07-01T04:47:04.414Z,2026-07-01T04:47:25.988Z,21.574,72,chunk_20260701-0430-SIDDHIGUPTAB00B,chunk_20260701-0430-SIDDHIGUPTAB00B,False,within_chunk,2,M1-B-1
ses_20260701-043922-SIDDHIGUPTAB00B,16,2026-07-01T04:47:27.573Z,2026-07-01T04:47:38.311Z,10.738,13,chunk_20260701-0430-SIDDHIGUPTAB00B,chunk_20260701-0430-SIDDHIGUPTAB00B,False,within_chunk,2,M1-B-1
ses_20260701-043922-SIDDHIGUPTAB00B,17,2026-07-01T04:47:38.326Z,2026-07-01T04:50:28.930Z,170.604,264,chunk_20260701-0430-SIDDHIGUPTAB00B,chunk_20260701-0430-SIDDHIGUPTAB00B,False,within_chunk,4,M1-F-2
ses_20260701-043922-SIDDHIGUPTAB00B,18,2026-07-01T04:51:11.856Z,2026-07-01T04:51:52.218Z,40.362,27,chunk_20260701-0430-SIDDHIGUPTAB00B,chunk_20260701-0430-SIDDHIGUPTAB00B,False,within_chunk,1,M1-I-2
ses_20260701-043922-SIDDHIGUPTAB00B,19,2026-07-01T04:52:09.922Z,2026-07-01T04:52:34.330Z,24.408,26,chunk_20260701-0430-SIDDHIGUPTAB00B,chunk_20260701-0430-SIDDHIGUPTAB00B,False,within_chunk,1,M1-I-2
ses_20260701-043922-SIDDHIGUPTAB00B,20,2026-07-01T04:52:44.207Z,2026-07-01T04:52:45.691Z,1.484,9,chunk_20260701-0430-SIDDHIGUPTAB00B,chunk_20260701-0430-SIDDHIGUPTAB00B,False,within_chunk,2,M1-H-1
ses_20260701-043922-SIDDHIGUPTAB00B,21,2026-07-01T04:52:45.772Z,2026-07-01T04:53:26.360Z,40.588,83,chunk_20260701-0430-SIDDHIGUPTAB00B,chunk_20260701-0430-SIDDHIGUPTAB00B,False,within_chunk,1,M1-H-1
ses_20260701-043922-SIDDHIGUPTAB00B,22,2026-07-01T04:53:35.930Z,2026-07-01T04:53:36.657Z,0.727,5,chunk_20260701-0430-SIDDHIGUPTAB00B,chunk_20260701-0430-SIDDHIGUPTAB00B,False,within_chunk,1,M1-H-1
ses_20260701-043922-SIDDHIGUPTAB00B,23,2026-07-01T04:53:38.640Z,2026-07-01T04:54:09.866Z,31.226,78,chunk_20260701-0430-SIDDHIGUPTAB00B,chunk_20260701-0430-SIDDHIGUPTAB00B,False,within_chunk,1,M1-K-2
ses_20260701-043922-SIDDHIGUPTAB00B,24,2026-07-01T04:54:21.216Z,2026-07-01T04:54:21.315Z,0.099,4,chunk_20260701-0430-SIDDHIGUPTAB00B,chunk_20260701-0430-SIDDHIGUPTAB00B,False,within_chunk,1,M1-L-2
ses_20260701-043922-SIDDHIGUPTAB00B,25,2026-07-01T04:54:21.333Z,2026-07-01T04:54:53.081Z,31.748,68,chunk_20260701-0430-SIDDHIGUPTAB00B,chunk_20260701-0430-SIDDHIGUPTAB00B,False,within_chunk,1,M1-L-2
ses_20260701-043922-SIDDHIGUPTAB00B,26,2026-07-01T04:55:02.616Z,2026-07-01T04:55:04.043Z,1.427,9,chunk_20260701-0430-SIDDHIGUPTAB00B,chunk_20260701-0430-SIDDHIGUPTAB00B,False,within_chunk,2,M1-J-2
ses_20260701-043922-SIDDHIGUPTAB00B,27,2026-07-01T04:55:04.089Z,2026-07-01T04:56:04.079Z,59.99,86,chunk_20260701-0430-SIDDHIGUPTAB00B,chunk_20260701-0430-SIDDHIGUPTAB00B,False,within_chunk,1,M1-J-2
ses_20260701-043922-SIDDHIGUPTAB00B,28,2026-07-01T04:56:04.591Z,2026-07-01T04:56:41.016Z,36.425,99,chunk_20260701-0430-SIDDHIGUPTAB00B,chunk_20260701-0430-SIDDHIGUPTAB00B,False,within_chunk,2,M1-K-3
ses_20260701-043922-SIDDHIGUPTAB00B,29,2026-07-01T04:56:50.834Z,2026-07-01T04:57:32.206Z,41.372,68,chunk_20260701-0430-SIDDHIGUPTAB00B,chunk_20260701-0430-SIDDHIGUPTAB00B,False,within_chunk,2,M1-N-1
ses_20260701-043922-SIDDHIGUPTAB00B,30,2026-07-01T04:57:42.272Z,2026-07-01T04:58:24.416Z,42.144,65,chunk_20260701-0430-SIDDHIGUPTAB00B,chunk_20260701-0430-SIDDHIGUPTAB00B,False,within_chunk,2,M1-D-1
ses_20260701-043922-SIDDHIGUPTAB00B,31,2026-07-01T04:58:34.405Z,2026-07-01T04:58:35.870Z,1.465,9,chunk_20260701-0430-SIDDHIGUPTAB00B,chunk_20260701-0430-SIDDHIGUPTAB00B,False,within_chunk,2,M1-F-3
ses_20260701-043922-SIDDHIGUPTAB00B,32,2026-07-01T04:58:35.902Z,2026-07-01T04:59:14.635Z,38.733,85,chunk_20260701-0430-SIDDHIGUPTAB00B,chunk_20260701-0430-SIDDHIGUPTAB00B,False,within_chunk,1,M1-F-3
ses_20260701-043922-SIDDHIGUPTAB00B,33,2026-07-01T05:00:00.766Z,2026-07-01T05:00:01.781Z,1.015,4,chunk_20260701-0500-SIDDHIGUPTAB00B,chunk_20260701-0500-SIDDHIGUPTAB00B,False,within_chunk,1,M1-F-3
ses_20260701-043922-SIDDHIGUPTAB00B,34,2026-07-01T05:00:02.218Z,2026-07-01T05:00:46.379Z,44.161,70,chunk_20260701-0500-SIDDHIGUPTAB00B,chunk_20260701-0500-SIDDHIGUPTAB00B,False,within_chunk,1,M1-I-3
ses_20260701-043922-SIDDHIGUPTAB00B,35,2026-07-01T05:01:03.837Z,2026-07-01T05:01:22.414Z,18.577,25,chunk_20260701-0500-SIDDHIGUPTAB00B,chunk_20260701-0500-SIDDHIGUPTAB00B,False,within_chunk,1,M1-I-3
ses_20260701-043922-SIDDHIGUPTAB00B,36,2026-07-01T05:01:31.847Z,2026-07-01T05:01:33.701Z,1.854,6,chunk_20260701-0500-SIDDHIGUPTAB00B,chunk_20260701-0500-SIDDHIGUPTAB00B,False,within_chunk,2,M1-B-3
ses_20260701-043922-SIDDHIGUPTAB00B,37,2026-07-01T05:01:33.789Z,2026-07-01T05:02:05.584Z,31.795,69,chunk_20260701-0500-SIDDHIGUPTAB00B,chunk_20260701-0500-SIDDHIGUPTAB00B,False,within_chunk,1,M1-B-3
ses_20260701-043922-SIDDHIGUPTAB00B,38,2026-07-01T05:02:17.071Z,2026-07-01T05:02:56.231Z,39.16,64,chunk_20260701-0500-SIDDHIGUPTAB00B,chunk_20260701-0500-SIDDHIGUPTAB00B,False,within_chunk,2,M1-F-4
ses_20260701-043922-SIDDHIGUPTAB00B,39,2026-07-01T05:03:32.025Z,2026-07-01T05:04:09.729Z,37.704,95,chunk_20260701-0500-SIDDHIGUPTAB00B,chunk_20260701-0500-SIDDHIGUPTAB00B,False,within_chunk,2,M1-K-4
ses_20260701-043922-SIDDHIGUPTAB00B,40,2026-07-01T05:04:21.094Z,2026-07-01T05:04:49.214Z,28.12,67,chunk_20260701-0500-SIDDHIGUPTAB00B,chunk_20260701-0500-SIDDHIGUPTAB00B,False,within_chunk,1,M1-L-3
ses_20260701-043922-SIDDHIGUPTAB00B,41,2026-07-01T05:04:59.466Z,2026-07-01T05:05:00.897Z,1.431,8,chunk_20260701-0500-SIDDHIGUPTAB00B,chunk_20260701-0500-SIDDHIGUPTAB00B,False,within_chunk,2,M1-L-3
ses_20260701-043922-SIDDHIGUPTAB00B,42,2026-07-01T05:05:01.000Z,2026-07-01T05:05:45.372Z,44.372,60,chunk_20260701-0500-SIDDHIGUPTAB00B,chunk_20260701-0500-SIDDHIGUPTAB00B,False,within_chunk,1,M1-N-2
ses_20260701-043922-SIDDHIGUPTAB00B,43,2026-07-01T05:05:55.767Z,2026-07-01T05:05:56.773Z,1.006,4,chunk_20260701-0500-SIDDHIGUPTAB00B,chunk_20260701-0500-SIDDHIGUPTAB00B,False,within_chunk,1,M1-N-2
ses_20260701-043922-SIDDHIGUPTAB00B,44,2026-07-01T05:05:57.101Z,2026-07-01T05:07:19.387Z,82.286,142,chunk_20260701-0500-SIDDHIGUPTAB00B,chunk_20260701-0500-SIDDHIGUPTAB00B,False,within_chunk,2,M1-K-5
ses_20260701-043922-SIDDHIGUPTAB00B,45,2026-07-01T05:07:20.808Z,2026-07-01T05:07:32.169Z,11.361,12,chunk_20260701-0500-SIDDHIGUPTAB00B,chunk_20260701-0500-SIDDHIGUPTAB00B,False,within_chunk,2,M1-G-3
ses_20260701-043922-SIDDHIGUPTAB00B,46,2026-07-01T05:07:32.245Z,2026-07-01T05:11:36.683Z,244.438,278,chunk_20260701-0500-SIDDHIGUPTAB00B,chunk_20260701-0500-SIDDHIGUPTAB00B,False,within_chunk,5,M1-H-2
ses_20260701-043922-SIDDHIGUPTAB00B,47,2026-07-01T05:11:47.915Z,2026-07-01T05:14:01.685Z,133.77,138,chunk_20260701-0500-SIDDHIGUPTAB00B,chunk_20260701-0500-SIDDHIGUPTAB00B,False,within_chunk,3,M1-N-3
ses_20260701-043922-SIDDHIGUPTAB00B,48,2026-07-01T05:14:04.184Z,2026-07-01T05:14:47.693Z,43.509,48,chunk_20260701-0500-SIDDHIGUPTAB00B,chunk_20260701-0500-SIDDHIGUPTAB00B,False,within_chunk,1,M1-D-3
ses_20260701-043922-SIDDHIGUPTAB00B,49,2026-07-01T05:14:59.241Z,2026-07-01T05:15:47.731Z,48.49,90,chunk_20260701-0500-SIDDHIGUPTAB00B,chunk_20260701-0500-SIDDHIGUPTAB00B,False,within_chunk,0,
ses_20260701-043922-SIDDHIGUPTAB00B,50,2026-07-01T05:15:57.315Z,2026-07-01T05:17:39.318Z,102.003,163,chunk_20260701-0500-SIDDHIGUPTAB00B,chunk_20260701-0500-SIDDHIGUPTAB00B,False,within_chunk,1,M1-C-4
ses_20260701-051820-CHAITANYA0BCF,1,2026-07-01T05:18:20.677Z,2026-07-01T05:20:12.315Z,111.638,118,chunk_20260701-0500-CHAITANYA0BCF,chunk_20260701-0500-CHAITANYA0BCF,False,within_chunk,1,M1-I-1
ses_20260701-051820-CHAITANYA0BCF,2,2026-07-01T05:20:15.592Z,2026-07-01T05:20:57.836Z,42.244,107,chunk_20260701-0500-CHAITANYA0BCF,chunk_20260701-0500-CHAITANYA0BCF,False,within_chunk,2,M1-C-1
ses_20260701-051820-CHAITANYA0BCF,3,2026-07-01T05:20:58.255Z,2026-07-01T05:21:32.267Z,34.012,105,chunk_20260701-0500-CHAITANYA0BCF,chunk_20260701-0500-CHAITANYA0BCF,False,within_chunk,1,M1-M-1
ses_20260701-051820-CHAITANYA0BCF,4,2026-07-01T05:21:36.158Z,2026-07-01T05:21:55.690Z,19.532,47,chunk_20260701-0500-CHAITANYA0BCF,chunk_20260701-0500-CHAITANYA0BCF,False,within_chunk,1,M1-L-1
ses_20260701-051820-CHAITANYA0BCF,5,2026-07-01T05:21:58.138Z,2026-07-01T05:24:09.085Z,130.947,295,chunk_20260701-0500-CHAITANYA0BCF,chunk_20260701-0500-CHAITANYA0BCF,False,within_chunk,3,M1-E-1
ses_20260701-051820-CHAITANYA0BCF,6,2026-07-01T05:24:09.556Z,2026-07-01T05:24:32.131Z,22.575,79,chunk_20260701-0500-CHAITANYA0BCF,chunk_20260701-0500-CHAITANYA0BCF,False,within_chunk,1,M1-L-2
ses_20260701-051820-CHAITANYA0BCF,7,2026-07-01T05:24:33.763Z,2026-07-01T05:24:33.871Z,0.108,5,chunk_20260701-0500-CHAITANYA0BCF,chunk_20260701-0500-CHAITANYA0BCF,False,within_chunk,1,M1-L-2
ses_20260701-051820-CHAITANYA0BCF,8,2026-07-01T05:24:35.700Z,2026-07-01T05:25:09.235Z,33.535,48,chunk_20260701-0500-CHAITANYA0BCF,chunk_20260701-0500-CHAITANYA0BCF,False,within_chunk,1,M1-M-2
ses_20260701-051820-CHAITANYA0BCF,9,2026-07-01T05:25:12.223Z,2026-07-01T05:25:48.586Z,36.363,101,chunk_20260701-0500-CHAITANYA0BCF,chunk_20260701-0500-CHAITANYA0BCF,False,within_chunk,2,M1-C-2
ses_20260701-051820-CHAITANYA0BCF,10,2026-07-01T05:25:49.107Z,2026-07-01T05:26:30.414Z,41.307,98,chunk_20260701-0500-CHAITANYA0BCF,chunk_20260701-0500-CHAITANYA0BCF,False,within_chunk,1,M1-M-3
ses_20260701-051820-CHAITANYA0BCF,11,2026-07-01T05:26:31.043Z,2026-07-01T05:27:12.257Z,41.214,74,chunk_20260701-0500-CHAITANYA0BCF,chunk_20260701-0500-CHAITANYA0BCF,False,within_chunk,1,M1-C-3
ses_20260701-051820-CHAITANYA0BCF,12,2026-07-01T05:27:12.738Z,2026-07-01T05:27:12.831Z,0.093,5,chunk_20260701-0500-CHAITANYA0BCF,chunk_20260701-0500-CHAITANYA0BCF,False,within_chunk,1,M1-L-3
ses_20260701-051820-CHAITANYA0BCF,13,2026-07-01T05:27:12.874Z,2026-07-01T05:27:33.578Z,20.704,72,chunk_20260701-0500-CHAITANYA0BCF,chunk_20260701-0500-CHAITANYA0BCF,False,within_chunk,1,M1-L-3
ses_20260701-051820-CHAITANYA0BCF,14,2026-07-01T05:27:37.637Z,2026-07-01T05:28:31.518Z,53.881,102,chunk_20260701-0500-CHAITANYA0BCF,chunk_20260701-0500-CHAITANYA0BCF,False,within_chunk,2,M1-M-4
ses_20260701-051820-CHAITANYA0BCF,15,2026-07-01T05:28:49.184Z,2026-07-01T05:29:15.807Z,26.623,56,chunk_20260701-0500-CHAITANYA0BCF,chunk_20260701-0500-CHAITANYA0BCF,False,within_chunk,1,M1-I-2
ses_20260701-051820-CHAITANYA0BCF,16,2026-07-01T05:29:16.305Z,2026-07-01T05:29:46.421Z,30.116,97,chunk_20260701-0500-CHAITANYA0BCF,chunk_20260701-0500-CHAITANYA0BCF,False,within_chunk,2,M1-L-4
ses_20260701-051820-CHAITANYA0BCF,17,2026-07-01T05:29:46.434Z,2026-07-01T05:31:01.454Z,75.02,149,chunk_20260701-0500-CHAITANYA0BCF,chunk_20260701-0530-CHAITANYA0BCF,True,continuation_across_chunk,2,M1-C-4
ses_20260701-051820-CHAITANYA0BCF,18,2026-07-01T05:31:05.413Z,2026-07-01T05:31:24.624Z,19.211,46,chunk_20260701-0530-CHAITANYA0BCF,chunk_20260701-0530-CHAITANYA0BCF,False,within_chunk,1,M1-B-1
ses_20260701-051820-CHAITANYA0BCF,19,2026-07-01T05:31:24.695Z,2026-07-01T05:32:12.045Z,47.35,111,chunk_20260701-0530-CHAITANYA0BCF,chunk_20260701-0530-CHAITANYA0BCF,False,within_chunk,3,M1-J-1
ses_20260701-051820-CHAITANYA0BCF,20,2026-07-01T05:32:28.166Z,2026-07-01T05:32:29.412Z,1.246,9,chunk_20260701-0530-CHAITANYA0BCF,chunk_20260701-0530-CHAITANYA0BCF,False,within_chunk,1,M1-I-3
ses_20260701-051820-CHAITANYA0BCF,21,2026-07-01T05:32:50.523Z,2026-07-01T05:32:57.813Z,7.29,42,chunk_20260701-0530-CHAITANYA0BCF,chunk_20260701-0530-CHAITANYA0BCF,False,within_chunk,1,M1-I-3
ses_20260701-051820-CHAITANYA0BCF,22,2026-07-01T05:33:01.966Z,2026-07-01T05:33:27.770Z,25.804,65,chunk_20260701-0530-CHAITANYA0BCF,chunk_20260701-0530-CHAITANYA0BCF,False,within_chunk,2,M1-J-2
ses_20260701-051820-CHAITANYA0BCF,23,2026-07-01T05:33:27.833Z,2026-07-01T05:33:45.306Z,17.473,62,chunk_20260701-0530-CHAITANYA0BCF,chunk_20260701-0530-CHAITANYA0BCF,False,within_chunk,1,M1-B-2
ses_20260701-051820-CHAITANYA0BCF,24,2026-07-01T05:33:45.309Z,2026-07-01T05:34:45.071Z,59.762,140,chunk_20260701-0530-CHAITANYA0BCF,chunk_20260701-0530-CHAITANYA0BCF,False,within_chunk,2,M1-E-3
ses_20260701-051820-CHAITANYA0BCF,25,2026-07-01T05:34:45.475Z,2026-07-01T05:36:19.877Z,94.402,125,chunk_20260701-0530-CHAITANYA0BCF,chunk_20260701-0530-CHAITANYA0BCF,False,within_chunk,1,M1-J-3
ses_20260701-051820-CHAITANYA0BCF,26,2026-07-01T05:36:31.162Z,2026-07-01T05:37:09.923Z,38.761,37,chunk_20260701-0530-CHAITANYA0BCF,chunk_20260701-0530-CHAITANYA0BCF,False,within_chunk,1,M1-J-3
ses_20260701-051850-LAPTOP-R36BQBTE,1,2026-07-01T05:18:50.953Z,2026-07-01T05:19:09.841Z,18.888,27,chunk_20260701-0500-LAPTOP-R36BQBTE,chunk_20260701-0500-LAPTOP-R36BQBTE,False,within_chunk,0,
ses_20260701-051850-LAPTOP-R36BQBTE,2,2026-07-01T05:20:05.828Z,2026-07-01T05:20:44.988Z,39.16,100,chunk_20260701-0500-LAPTOP-R36BQBTE,chunk_20260701-0500-LAPTOP-R36BQBTE,False,within_chunk,2,M1-C-1
ses_20260701-051850-LAPTOP-R36BQBTE,3,2026-07-01T05:20:45.050Z,2026-07-01T05:21:12.628Z,27.578,56,chunk_20260701-0500-LAPTOP-R36BQBTE,chunk_20260701-0500-LAPTOP-R36BQBTE,False,within_chunk,1,M1-I-1
ses_20260701-051850-LAPTOP-R36BQBTE,4,2026-07-01T05:21:27.988Z,2026-07-01T05:22:27.427Z,59.439,109,chunk_20260701-0500-LAPTOP-R36BQBTE,chunk_20260701-0500-LAPTOP-R36BQBTE,False,within_chunk,3,M1-N-1
ses_20260701-051850-LAPTOP-R36BQBTE,5,2026-07-01T05:22:27.454Z,2026-07-01T05:22:46.901Z,19.447,43,chunk_20260701-0500-LAPTOP-R36BQBTE,chunk_20260701-0500-LAPTOP-R36BQBTE,False,within_chunk,1,M1-I-2
ses_20260701-051850-LAPTOP-R36BQBTE,6,2026-07-01T05:23:03.367Z,2026-07-01T05:24:20.061Z,76.694,172,chunk_20260701-0500-LAPTOP-R36BQBTE,chunk_20260701-0500-LAPTOP-R36BQBTE,False,within_chunk,3,M1-K-1
ses_20260701-051850-LAPTOP-R36BQBTE,7,2026-07-01T05:24:23.423Z,2026-07-01T05:24:23.493Z,0.07,4,chunk_20260701-0500-LAPTOP-R36BQBTE,chunk_20260701-0500-LAPTOP-R36BQBTE,False,within_chunk,1,M1-C-2
ses_20260701-051850-LAPTOP-R36BQBTE,8,2026-07-01T05:24:23.495Z,2026-07-01T05:24:23.909Z,0.414,8,chunk_20260701-0500-LAPTOP-R36BQBTE,chunk_20260701-0500-LAPTOP-R36BQBTE,False,within_chunk,1,M1-C-2
ses_20260701-051850-LAPTOP-R36BQBTE,9,2026-07-01T05:24:26.696Z,2026-07-01T05:24:57.915Z,31.219,54,chunk_20260701-0500-LAPTOP-R36BQBTE,chunk_20260701-0500-LAPTOP-R36BQBTE,False,within_chunk,1,M1-C-2
ses_20260701-051850-LAPTOP-R36BQBTE,10,2026-07-01T05:24:58.419Z,2026-07-01T05:26:01.690Z,63.271,135,chunk_20260701-0500-LAPTOP-R36BQBTE,chunk_20260701-0500-LAPTOP-R36BQBTE,False,within_chunk,3,M1-H-2
ses_20260701-051850-LAPTOP-R36BQBTE,11,2026-07-01T05:26:01.710Z,2026-07-01T05:27:28.444Z,86.734,211,chunk_20260701-0500-LAPTOP-R36BQBTE,chunk_20260701-0500-LAPTOP-R36BQBTE,False,within_chunk,3,M1-C-3
ses_20260701-051850-LAPTOP-R36BQBTE,12,2026-07-01T05:27:49.974Z,2026-07-01T05:27:50.623Z,0.649,6,chunk_20260701-0500-LAPTOP-R36BQBTE,chunk_20260701-0500-LAPTOP-R36BQBTE,False,within_chunk,1,M1-D-1
ses_20260701-051850-LAPTOP-R36BQBTE,13,2026-07-01T05:27:50.767Z,2026-07-01T05:28:51.169Z,60.402,176,chunk_20260701-0500-LAPTOP-R36BQBTE,chunk_20260701-0500-LAPTOP-R36BQBTE,False,within_chunk,3,M1-H-3
ses_20260701-051850-LAPTOP-R36BQBTE,14,2026-07-01T05:28:51.563Z,2026-07-01T05:28:51.714Z,0.151,4,chunk_20260701-0500-LAPTOP-R36BQBTE,chunk_20260701-0500-LAPTOP-R36BQBTE,False,within_chunk,1,M1-L-1
ses_20260701-051850-LAPTOP-R36BQBTE,15,2026-07-01T05:28:51.725Z,2026-07-01T05:29:12.116Z,20.391,61,chunk_20260701-0500-LAPTOP-R36BQBTE,chunk_20260701-0500-LAPTOP-R36BQBTE,False,within_chunk,1,M1-L-1
ses_20260701-051850-LAPTOP-R36BQBTE,16,2026-07-01T05:29:15.516Z,2026-07-01T05:29:16.192Z,0.676,6,chunk_20260701-0500-LAPTOP-R36BQBTE,chunk_20260701-0500-LAPTOP-R36BQBTE,False,within_chunk,2,M1-I-3
ses_20260701-051850-LAPTOP-R36BQBTE,17,2026-07-01T05:29:16.226Z,2026-07-01T05:29:45.759Z,29.533,47,chunk_20260701-0500-LAPTOP-R36BQBTE,chunk_20260701-0500-LAPTOP-R36BQBTE,False,within_chunk,1,M1-I-3
ses_20260701-051850-LAPTOP-R36BQBTE,18,2026-07-01T05:29:59.677Z,2026-07-01T05:30:18.714Z,19.037,53,chunk_20260701-0500-LAPTOP-R36BQBTE,chunk_20260701-0530-LAPTOP-R36BQBTE,True,continuation_across_chunk,2,M1-I-3
ses_20260701-051850-LAPTOP-R36BQBTE,19,2026-07-01T05:30:21.578Z,2026-07-01T05:30:24.184Z,2.606,8,chunk_20260701-0530-LAPTOP-R36BQBTE,chunk_20260701-0530-LAPTOP-R36BQBTE,False,within_chunk,1,M1-G-1
ses_20260701-051850-LAPTOP-R36BQBTE,20,2026-07-01T05:30:24.306Z,2026-07-01T05:30:30.008Z,5.702,14,chunk_20260701-0530-LAPTOP-R36BQBTE,chunk_20260701-0530-LAPTOP-R36BQBTE,False,within_chunk,2,M1-K-3
ses_20260701-051850-LAPTOP-R36BQBTE,21,2026-07-01T05:30:32.906Z,2026-07-01T05:30:58.721Z,25.815,66,chunk_20260701-0530-LAPTOP-R36BQBTE,chunk_20260701-0530-LAPTOP-R36BQBTE,False,within_chunk,1,M1-K-3
ses_20260701-051850-LAPTOP-R36BQBTE,22,2026-07-01T05:30:58.726Z,2026-07-01T05:31:29.324Z,30.598,77,chunk_20260701-0530-LAPTOP-R36BQBTE,chunk_20260701-0530-LAPTOP-R36BQBTE,False,within_chunk,1,M1-G-3
ses_20260701-051850-LAPTOP-R36BQBTE,23,2026-07-01T05:31:32.866Z,2026-07-01T05:31:41.384Z,8.518,17,chunk_20260701-0530-LAPTOP-R36BQBTE,chunk_20260701-0530-LAPTOP-R36BQBTE,False,within_chunk,1,M1-G-3
ses_20260701-051850-LAPTOP-R36BQBTE,24,2026-07-01T05:31:47.446Z,2026-07-01T05:32:13.013Z,25.567,53,chunk_20260701-0530-LAPTOP-R36BQBTE,chunk_20260701-0530-LAPTOP-R36BQBTE,False,within_chunk,1,M1-H-4
ses_20260701-051850-LAPTOP-R36BQBTE,25,2026-07-01T05:32:13.473Z,2026-07-01T05:32:38.753Z,25.28,73,chunk_20260701-0530-LAPTOP-R36BQBTE,chunk_20260701-0530-LAPTOP-R36BQBTE,False,within_chunk,2,M1-A-2
ses_20260701-051850-LAPTOP-R36BQBTE,26,2026-07-01T05:32:38.791Z,2026-07-01T05:33:03.552Z,24.761,90,chunk_20260701-0530-LAPTOP-R36BQBTE,chunk_20260701-0530-LAPTOP-R36BQBTE,False,within_chunk,2,M1-K-4
ses_20260701-051850-LAPTOP-R36BQBTE,27,2026-07-01T05:33:03.585Z,2026-07-01T05:33:31.882Z,28.297,78,chunk_20260701-0530-LAPTOP-R36BQBTE,chunk_20260701-0530-LAPTOP-R36BQBTE,False,within_chunk,1,M1-G-4
ses_20260701-051850-LAPTOP-R36BQBTE,28,2026-07-01T05:33:31.923Z,2026-07-01T05:33:56.458Z,24.535,48,chunk_20260701-0530-LAPTOP-R36BQBTE,chunk_20260701-0530-LAPTOP-R36BQBTE,False,within_chunk,2,M1-D-2
ses_20260701-051850-LAPTOP-R36BQBTE,29,2026-07-01T05:33:59.964Z,2026-07-01T05:34:04.397Z,4.433,8,chunk_20260701-0530-LAPTOP-R36BQBTE,chunk_20260701-0530-LAPTOP-R36BQBTE,False,within_chunk,1,M1-D-2
ses_20260701-051850-LAPTOP-R36BQBTE,30,2026-07-01T05:34:04.850Z,2026-07-01T05:35:07.421Z,62.571,161,chunk_20260701-0530-LAPTOP-R36BQBTE,chunk_20260701-0530-LAPTOP-R36BQBTE,False,within_chunk,3,M1-K-5
ses_20260701-051850-LAPTOP-R36BQBTE,31,2026-07-01T05:35:07.456Z,2026-07-01T05:36:57.442Z,109.986,79,chunk_20260701-0530-LAPTOP-R36BQBTE,chunk_20260701-0530-LAPTOP-R36BQBTE,False,within_chunk,1,M1-N-3
ses_20260701-051850-LAPTOP-R36BQBTE,32,2026-07-01T05:36:58.042Z,2026-07-01T05:37:43.302Z,45.26,85,chunk_20260701-0530-LAPTOP-R36BQBTE,chunk_20260701-0530-LAPTOP-R36BQBTE,False,within_chunk,2,M1-A-3
ses_20260701-051850-LAPTOP-R36BQBTE,33,2026-07-01T05:37:43.310Z,2026-07-01T05:38:12.895Z,29.585,68,chunk_20260701-0530-LAPTOP-R36BQBTE,chunk_20260701-0530-LAPTOP-R36BQBTE,False,within_chunk,0,
ses_20260701-051850-LAPTOP-R36BQBTE,34,2026-07-01T05:38:19.715Z,2026-07-01T05:38:23.535Z,3.82,16,chunk_20260701-0530-LAPTOP-R36BQBTE,chunk_20260701-0530-LAPTOP-R36BQBTE,False,within_chunk,0,
ses_20260701-051850-LAPTOP-R36BQBTE,35,2026-07-01T05:38:27.858Z,2026-07-01T05:38:36.979Z,9.121,18,chunk_20260701-0530-LAPTOP-R36BQBTE,chunk_20260701-0530-LAPTOP-R36BQBTE,False,within_chunk,0,
ses_20260701-051850-LAPTOP-R36BQBTE,36,2026-07-01T05:38:43.395Z,2026-07-01T05:39:07.643Z,24.248,68,chunk_20260701-0530-LAPTOP-R36BQBTE,chunk_20260701-0530-LAPTOP-R36BQBTE,False,within_chunk,1,M1-L-4
ses_20260701-051850-LAPTOP-R36BQBTE,37,2026-07-01T05:39:07.655Z,2026-07-01T05:40:45.855Z,98.2,184,chunk_20260701-0530-LAPTOP-R36BQBTE,chunk_20260701-0530-LAPTOP-R36BQBTE,False,within_chunk,2,M1-C-4
ses_20260701-051850-LAPTOP-R36BQBTE,38,2026-07-01T05:46:55.560Z,2026-07-01T05:46:58.661Z,3.101,17,chunk_20260701-0530-LAPTOP-R36BQBTE,chunk_20260701-0530-LAPTOP-R36BQBTE,False,within_chunk,0,
ses_20260701-053005-MSI,1,2026-07-01T05:30:05.181Z,2026-07-01T05:31:24.475Z,79.294,75,chunk_20260701-0530-MSI,chunk_20260701-0530-MSI,False,within_chunk,1,M1-F-1
ses_20260701-053005-MSI,2,2026-07-01T05:31:25.562Z,2026-07-01T05:31:48.898Z,23.336,75,chunk_20260701-0530-MSI,chunk_20260701-0530-MSI,False,within_chunk,1,M1-F-1
ses_20260701-053005-MSI,3,2026-07-01T05:31:51.314Z,2026-07-01T05:32:28.857Z,37.543,110,chunk_20260701-0530-MSI,chunk_20260701-0530-MSI,False,within_chunk,2,M1-C-1
ses_20260701-053005-MSI,4,2026-07-01T05:32:33.203Z,2026-07-01T05:35:30.932Z,177.729,238,chunk_20260701-0530-MSI,chunk_20260701-0530-MSI,False,within_chunk,3,M1-D-1
ses_20260701-053005-MSI,5,2026-07-01T05:35:31.026Z,2026-07-01T05:36:09.241Z,38.215,82,chunk_20260701-0530-MSI,chunk_20260701-0530-MSI,False,within_chunk,1,M1-N-1
ses_20260701-053005-MSI,6,2026-07-01T05:36:11.624Z,2026-07-01T05:36:37.683Z,26.059,92,chunk_20260701-0530-MSI,chunk_20260701-0530-MSI,False,within_chunk,2,M1-A-2
ses_20260701-053005-MSI,7,2026-07-01T05:36:41.522Z,2026-07-01T05:37:06.498Z,24.976,78,chunk_20260701-0530-MSI,chunk_20260701-0530-MSI,False,within_chunk,1,M1-E-1
ses_20260701-053005-MSI,8,2026-07-01T05:37:09.922Z,2026-07-01T05:38:13.449Z,63.527,122,chunk_20260701-0530-MSI,chunk_20260701-0530-MSI,False,within_chunk,2,M1-D-2
ses_20260701-053005-MSI,9,2026-07-01T05:38:13.919Z,2026-07-01T05:38:34.211Z,20.292,81,chunk_20260701-0530-MSI,chunk_20260701-0530-MSI,False,within_chunk,1,M1-F-2
ses_20260701-053005-MSI,10,2026-07-01T05:38:36.495Z,2026-07-01T05:39:04.454Z,27.959,111,chunk_20260701-0530-MSI,chunk_20260701-0530-MSI,False,within_chunk,1,M1-A-4
ses_20260701-053005-MSI,11,2026-07-01T05:39:08.523Z,2026-07-01T05:39:33.665Z,25.142,62,chunk_20260701-0530-MSI,chunk_20260701-0530-MSI,False,within_chunk,1,M1-E-2
ses_20260701-053005-MSI,12,2026-07-01T05:39:37.227Z,2026-07-01T05:40:09.752Z,32.525,67,chunk_20260701-0530-MSI,chunk_20260701-0530-MSI,False,within_chunk,1,M1-C-2
ses_20260701-053005-MSI,13,2026-07-01T05:40:14.450Z,2026-07-01T05:40:29.850Z,15.4,39,chunk_20260701-0530-MSI,chunk_20260701-0530-MSI,False,within_chunk,1,M1-B-3
ses_20260701-053005-MSI,14,2026-07-01T05:40:31.985Z,2026-07-01T05:41:19.678Z,47.693,66,chunk_20260701-0530-MSI,chunk_20260701-0530-MSI,False,within_chunk,2,M1-D-3
ses_20260701-053005-MSI,15,2026-07-01T05:41:24.003Z,2026-07-01T05:41:47.080Z,23.077,53,chunk_20260701-0530-MSI,chunk_20260701-0530-MSI,False,within_chunk,1,M1-B-4
ses_20260701-053005-MSI,16,2026-07-01T05:41:47.564Z,2026-07-01T05:43:11.152Z,83.588,180,chunk_20260701-0530-MSI,chunk_20260701-0530-MSI,False,within_chunk,2,M1-M-1
ses_20260701-053005-MSI,17,2026-07-01T05:43:32.854Z,2026-07-01T05:43:40.549Z,7.695,28,chunk_20260701-0530-MSI,chunk_20260701-0530-MSI,False,within_chunk,1,M1-N-3
ses_20260701-053005-MSI,18,2026-07-01T05:43:44.480Z,2026-07-01T05:44:48.994Z,64.514,116,chunk_20260701-0530-MSI,chunk_20260701-0530-MSI,False,within_chunk,1,M1-M-3
ses_20260701-053005-MSI,19,2026-07-01T05:44:52.879Z,2026-07-01T05:45:17.544Z,24.665,79,chunk_20260701-0530-MSI,chunk_20260701-0530-MSI,False,within_chunk,1,M1-O-1
ses_20260701-053005-MSI,20,2026-07-01T05:45:18.046Z,2026-07-01T05:46:36.215Z,78.169,221,chunk_20260701-0530-MSI,chunk_20260701-0530-MSI,False,within_chunk,1,M1-F-5
ses_20260701-053005-MSI,21,2026-07-01T05:46:36.728Z,2026-07-01T05:47:31.516Z,54.788,191,chunk_20260701-0530-MSI,chunk_20260701-0530-MSI,False,within_chunk,1,M1-M-4
ses_20260701-053005-MSI,22,2026-07-01T05:47:38.760Z,2026-07-01T05:48:43.178Z,64.418,161,chunk_20260701-0530-MSI,chunk_20260701-0530-MSI,False,within_chunk,3,M1-C-3
ses_20260701-053005-MSI,23,2026-07-01T05:48:47.070Z,2026-07-01T05:51:48.234Z,181.164,355,chunk_20260701-0530-MSI,chunk_20260701-0530-MSI,False,within_chunk,2,M1-O-3
ses_20260701-053720-SIDDHIGUPTAB00B,1,2026-07-01T05:37:20.510Z,2026-07-01T05:38:34.764Z,74.254,90,chunk_20260701-0530-SIDDHIGUPTAB00B,chunk_20260701-0530-SIDDHIGUPTAB00B,False,within_chunk,1,M1-F-1
ses_20260701-053720-SIDDHIGUPTAB00B,2,2026-07-01T05:39:09.990Z,2026-07-01T05:39:30.766Z,20.776,53,chunk_20260701-0530-SIDDHIGUPTAB00B,chunk_20260701-0530-SIDDHIGUPTAB00B,False,within_chunk,1,M1-L-1
ses_20260701-053720-SIDDHIGUPTAB00B,3,2026-07-01T05:39:47.495Z,2026-07-01T05:40:10.877Z,23.382,82,chunk_20260701-0530-SIDDHIGUPTAB00B,chunk_20260701-0530-SIDDHIGUPTAB00B,False,within_chunk,2,M1-F-2
ses_20260701-053720-SIDDHIGUPTAB00B,4,2026-07-01T05:40:42.475Z,2026-07-01T05:41:43.656Z,61.181,84,chunk_20260701-0530-SIDDHIGUPTAB00B,chunk_20260701-0530-SIDDHIGUPTAB00B,False,within_chunk,1,M1-I-1
ses_20260701-053720-SIDDHIGUPTAB00B,5,2026-07-01T05:41:46.630Z,2026-07-01T05:42:27.590Z,40.96,91,chunk_20260701-0530-SIDDHIGUPTAB00B,chunk_20260701-0530-SIDDHIGUPTAB00B,False,within_chunk,2,M1-D-1
ses_20260701-053720-SIDDHIGUPTAB00B,6,2026-07-01T05:42:28.035Z,2026-07-01T05:42:53.887Z,25.852,83,chunk_20260701-0530-SIDDHIGUPTAB00B,chunk_20260701-0530-SIDDHIGUPTAB00B,False,within_chunk,1,M1-J-1
ses_20260701-053720-SIDDHIGUPTAB00B,7,2026-07-01T05:42:54.315Z,2026-07-01T05:42:54.415Z,0.1,4,chunk_20260701-0530-SIDDHIGUPTAB00B,chunk_20260701-0530-SIDDHIGUPTAB00B,False,within_chunk,1,M1-L-2
ses_20260701-053720-SIDDHIGUPTAB00B,8,2026-07-01T05:42:54.463Z,2026-07-01T05:43:14.885Z,20.422,69,chunk_20260701-0530-SIDDHIGUPTAB00B,chunk_20260701-0530-SIDDHIGUPTAB00B,False,within_chunk,1,M1-L-2
ses_20260701-053720-SIDDHIGUPTAB00B,9,2026-07-01T05:43:18.532Z,2026-07-01T05:43:18.604Z,0.072,4,chunk_20260701-0530-SIDDHIGUPTAB00B,chunk_20260701-0530-SIDDHIGUPTAB00B,False,within_chunk,0,
ses_20260701-053720-SIDDHIGUPTAB00B,10,2026-07-01T05:43:18.806Z,2026-07-01T05:43:40.697Z,21.891,91,chunk_20260701-0530-SIDDHIGUPTAB00B,chunk_20260701-0530-SIDDHIGUPTAB00B,False,within_chunk,0,
ses_20260701-053720-SIDDHIGUPTAB00B,11,2026-07-01T05:44:20.132Z,2026-07-01T05:44:41.538Z,21.406,56,chunk_20260701-0530-SIDDHIGUPTAB00B,chunk_20260701-0530-SIDDHIGUPTAB00B,False,within_chunk,1,M1-F-4
ses_20260701-053720-SIDDHIGUPTAB00B,12,2026-07-01T05:44:41.541Z,2026-07-01T05:46:31.633Z,110.092,89,chunk_20260701-0530-SIDDHIGUPTAB00B,chunk_20260701-0530-SIDDHIGUPTAB00B,False,within_chunk,2,M1-I-2
ses_20260701-053720-SIDDHIGUPTAB00B,13,2026-07-01T05:46:35.542Z,2026-07-01T05:46:56.725Z,21.183,55,chunk_20260701-0530-SIDDHIGUPTAB00B,chunk_20260701-0530-SIDDHIGUPTAB00B,False,within_chunk,1,M1-H-1
ses_20260701-053720-SIDDHIGUPTAB00B,14,2026-07-01T05:46:57.202Z,2026-07-01T05:47:24.555Z,27.353,72,chunk_20260701-0530-SIDDHIGUPTAB00B,chunk_20260701-0530-SIDDHIGUPTAB00B,False,within_chunk,1,M1-L-3
ses_20260701-053720-SIDDHIGUPTAB00B,15,2026-07-01T05:47:25.092Z,2026-07-01T05:47:25.213Z,0.121,4,chunk_20260701-0530-SIDDHIGUPTAB00B,chunk_20260701-0530-SIDDHIGUPTAB00B,False,within_chunk,1,M1-C-1
ses_20260701-053720-SIDDHIGUPTAB00B,16,2026-07-01T05:47:25.244Z,2026-07-01T05:48:05.211Z,39.967,88,chunk_20260701-0530-SIDDHIGUPTAB00B,chunk_20260701-0530-SIDDHIGUPTAB00B,False,within_chunk,1,M1-C-1
ses_20260701-053720-SIDDHIGUPTAB00B,17,2026-07-01T05:48:08.609Z,2026-07-01T05:48:09.245Z,0.636,7,chunk_20260701-0530-SIDDHIGUPTAB00B,chunk_20260701-0530-SIDDHIGUPTAB00B,False,within_chunk,2,M1-G-1
ses_20260701-053720-SIDDHIGUPTAB00B,18,2026-07-01T05:48:09.251Z,2026-07-01T05:48:42.333Z,33.082,162,chunk_20260701-0530-SIDDHIGUPTAB00B,chunk_20260701-0530-SIDDHIGUPTAB00B,False,within_chunk,1,M1-G-1
ses_20260701-053720-SIDDHIGUPTAB00B,19,2026-07-01T05:48:42.470Z,2026-07-01T05:49:10.059Z,27.589,64,chunk_20260701-0530-SIDDHIGUPTAB00B,chunk_20260701-0530-SIDDHIGUPTAB00B,False,within_chunk,2,M1-H-2
ses_20260701-053720-SIDDHIGUPTAB00B,20,2026-07-01T05:49:14.243Z,2026-07-01T05:50:08.719Z,54.476,76,chunk_20260701-0530-SIDDHIGUPTAB00B,chunk_20260701-0530-SIDDHIGUPTAB00B,False,within_chunk,1,M1-I-3
ses_20260701-053720-SIDDHIGUPTAB00B,21,2026-07-01T05:50:11.568Z,2026-07-01T05:50:48.307Z,36.739,87,chunk_20260701-0530-SIDDHIGUPTAB00B,chunk_20260701-0530-SIDDHIGUPTAB00B,False,within_chunk,2,M1-N-1
ses_20260701-053720-SIDDHIGUPTAB00B,22,2026-07-01T05:50:51.672Z,2026-07-01T05:50:51.760Z,0.088,4,chunk_20260701-0530-SIDDHIGUPTAB00B,chunk_20260701-0530-SIDDHIGUPTAB00B,False,within_chunk,1,M1-G-2
ses_20260701-053720-SIDDHIGUPTAB00B,23,2026-07-01T05:50:51.777Z,2026-07-01T05:51:07.307Z,15.53,53,chunk_20260701-0530-SIDDHIGUPTAB00B,chunk_20260701-0530-SIDDHIGUPTAB00B,False,within_chunk,1,M1-G-2
ses_20260701-053720-SIDDHIGUPTAB00B,24,2026-07-01T05:51:07.363Z,2026-07-01T05:51:09.241Z,1.878,5,chunk_20260701-0530-SIDDHIGUPTAB00B,chunk_20260701-0530-SIDDHIGUPTAB00B,False,within_chunk,1,M1-G-2
ses_20260701-053720-SIDDHIGUPTAB00B,25,2026-07-01T05:51:09.245Z,2026-07-01T05:51:55.498Z,46.253,158,chunk_20260701-0530-SIDDHIGUPTAB00B,chunk_20260701-0530-SIDDHIGUPTAB00B,False,within_chunk,2,M1-H-3
ses_20260701-053720-SIDDHIGUPTAB00B,26,2026-07-01T05:51:55.578Z,2026-07-01T05:52:44.776Z,49.198,101,chunk_20260701-0530-SIDDHIGUPTAB00B,chunk_20260701-0530-SIDDHIGUPTAB00B,False,within_chunk,2,M1-D-3
ses_20260701-053720-SIDDHIGUPTAB00B,27,2026-07-01T05:53:01.717Z,2026-07-01T05:53:11.902Z,10.185,33,chunk_20260701-0530-SIDDHIGUPTAB00B,chunk_20260701-0530-SIDDHIGUPTAB00B,False,within_chunk,2,M1-D-3
ses_20260701-053720-SIDDHIGUPTAB00B,28,2026-07-01T05:53:11.924Z,2026-07-01T05:53:33.590Z,21.666,92,chunk_20260701-0530-SIDDHIGUPTAB00B,chunk_20260701-0530-SIDDHIGUPTAB00B,False,within_chunk,1,M1-L-4
ses_20260701-053720-SIDDHIGUPTAB00B,29,2026-07-01T05:53:33.599Z,2026-07-01T05:54:10.096Z,36.497,94,chunk_20260701-0530-SIDDHIGUPTAB00B,chunk_20260701-0530-SIDDHIGUPTAB00B,False,within_chunk,2,M1-H-4
ses_20260701-053720-SIDDHIGUPTAB00B,30,2026-07-01T05:54:12.870Z,2026-07-01T05:54:43.451Z,30.581,85,chunk_20260701-0530-SIDDHIGUPTAB00B,chunk_20260701-0530-SIDDHIGUPTAB00B,False,within_chunk,2,M1-N-2
ses_20260701-053720-SIDDHIGUPTAB00B,31,2026-07-01T05:54:46.621Z,2026-07-01T05:55:10.153Z,23.532,77,chunk_20260701-0530-SIDDHIGUPTAB00B,chunk_20260701-0530-SIDDHIGUPTAB00B,False,within_chunk,2,M1-G-3
ses_20260701-053720-SIDDHIGUPTAB00B,32,2026-07-01T05:55:10.156Z,2026-07-01T05:55:34.079Z,23.923,54,chunk_20260701-0530-SIDDHIGUPTAB00B,chunk_20260701-0530-SIDDHIGUPTAB00B,False,within_chunk,2,M1-J-2
ses_20260701-053720-SIDDHIGUPTAB00B,33,2026-07-01T05:55:36.930Z,2026-07-01T05:56:16.985Z,40.055,82,chunk_20260701-0530-SIDDHIGUPTAB00B,chunk_20260701-0530-SIDDHIGUPTAB00B,False,within_chunk,3,M1-C-2
ses_20260701-053720-SIDDHIGUPTAB00B,34,2026-07-01T05:56:16.989Z,2026-07-01T05:56:53.775Z,36.786,82,chunk_20260701-0530-SIDDHIGUPTAB00B,chunk_20260701-0530-SIDDHIGUPTAB00B,False,within_chunk,1,M1-N-3
ses_20260701-053720-SIDDHIGUPTAB00B,35,2026-07-01T05:56:54.423Z,2026-07-01T05:56:54.516Z,0.093,6,chunk_20260701-0530-SIDDHIGUPTAB00B,chunk_20260701-0530-SIDDHIGUPTAB00B,False,within_chunk,1,M1-C-3
ses_20260701-053720-SIDDHIGUPTAB00B,36,2026-07-01T05:56:54.686Z,2026-07-01T05:57:43.332Z,48.646,166,chunk_20260701-0530-SIDDHIGUPTAB00B,chunk_20260701-0530-SIDDHIGUPTAB00B,False,within_chunk,1,M1-C-3
ses_20260701-053720-SIDDHIGUPTAB00B,37,2026-07-01T05:57:43.564Z,2026-07-01T05:58:14.496Z,30.932,95,chunk_20260701-0530-SIDDHIGUPTAB00B,chunk_20260701-0530-SIDDHIGUPTAB00B,False,within_chunk,2,M1-G-4
ses_20260701-053720-SIDDHIGUPTAB00B,38,2026-07-01T05:58:14.503Z,2026-07-01T05:58:43.110Z,28.607,63,chunk_20260701-0530-SIDDHIGUPTAB00B,chunk_20260701-0530-SIDDHIGUPTAB00B,False,within_chunk,2,M1-J-3
ses_20260701-053720-SIDDHIGUPTAB00B,39,2026-07-01T05:58:59.882Z,2026-07-01T05:59:37.692Z,37.81,92,chunk_20260701-0530-SIDDHIGUPTAB00B,chunk_20260701-0530-SIDDHIGUPTAB00B,False,within_chunk,2,M1-C-4
ses_20260701-053720-SIDDHIGUPTAB00B,40,2026-07-01T06:00:13.778Z,2026-07-01T06:00:33.054Z,19.276,11,chunk_20260701-0600-SIDDHIGUPTAB00B,chunk_20260701-0600-SIDDHIGUPTAB00B,False,within_chunk,1,M1-C-4
ses_20260701-053720-SIDDHIGUPTAB00B,41,2026-07-01T06:00:47.433Z,2026-07-01T06:00:48.907Z,1.474,6,chunk_20260701-0600-SIDDHIGUPTAB00B,chunk_20260701-0600-SIDDHIGUPTAB00B,False,within_chunk,1,M1-C-4
ses_20260701-053720-SIDDHIGUPTAB00B,42,2026-07-01T06:01:07.852Z,2026-07-01T06:01:24.055Z,16.203,6,chunk_20260701-0600-SIDDHIGUPTAB00B,chunk_20260701-0600-SIDDHIGUPTAB00B,False,within_chunk,1,M1-C-4
ses_20260701-053720-SIDDHIGUPTAB00B,43,2026-07-01T06:01:24.565Z,2026-07-01T06:03:06.632Z,102.067,233,chunk_20260701-0600-SIDDHIGUPTAB00B,chunk_20260701-0600-SIDDHIGUPTAB00B,False,within_chunk,1,M1-E-3
ses_20260701-054901-LAPTOP-R36BQBTE,1,2026-07-01T05:49:01.927Z,2026-07-01T05:49:21.273Z,19.346,36,chunk_20260701-0530-LAPTOP-R36BQBTE,chunk_20260701-0530-LAPTOP-R36BQBTE,False,within_chunk,0,
ses_20260701-054901-LAPTOP-R36BQBTE,2,2026-07-01T05:50:14.846Z,2026-07-01T05:50:33.052Z,18.206,59,chunk_20260701-0530-LAPTOP-R36BQBTE,chunk_20260701-0530-LAPTOP-R36BQBTE,False,within_chunk,1,M1-F-1
ses_20260701-054901-LAPTOP-R36BQBTE,3,2026-07-01T05:50:39.205Z,2026-07-01T05:50:43.778Z,4.573,16,chunk_20260701-0530-LAPTOP-R36BQBTE,chunk_20260701-0530-LAPTOP-R36BQBTE,False,within_chunk,1,M1-F-1
ses_20260701-054901-LAPTOP-R36BQBTE,4,2026-07-01T05:50:47.613Z,2026-07-01T05:50:53.424Z,5.811,17,chunk_20260701-0530-LAPTOP-R36BQBTE,chunk_20260701-0530-LAPTOP-R36BQBTE,False,within_chunk,1,M1-F-1
ses_20260701-054901-LAPTOP-R36BQBTE,5,2026-07-01T05:50:55.024Z,2026-07-01T05:51:24.500Z,29.476,69,chunk_20260701-0530-LAPTOP-R36BQBTE,chunk_20260701-0530-LAPTOP-R36BQBTE,False,within_chunk,2,M1-A-1
ses_20260701-054901-LAPTOP-R36BQBTE,6,2026-07-01T05:51:24.982Z,2026-07-01T05:51:42.780Z,17.798,62,chunk_20260701-0530-LAPTOP-R36BQBTE,chunk_20260701-0530-LAPTOP-R36BQBTE,False,within_chunk,1,M1-F-2
ses_20260701-054901-LAPTOP-R36BQBTE,7,2026-07-01T05:51:42.915Z,2026-07-01T05:52:21.001Z,38.086,82,chunk_20260701-0530-LAPTOP-R36BQBTE,chunk_20260701-0530-LAPTOP-R36BQBTE,False,within_chunk,2,M1-L-1
ses_20260701-054901-LAPTOP-R36BQBTE,8,2026-07-01T05:52:21.010Z,2026-07-01T05:52:29.288Z,8.278,43,chunk_20260701-0530-LAPTOP-R36BQBTE,chunk_20260701-0530-LAPTOP-R36BQBTE,False,within_chunk,1,M1-L-1
ses_20260701-054901-LAPTOP-R36BQBTE,9,2026-07-01T05:52:33.870Z,2026-07-01T05:52:45.362Z,11.492,21,chunk_20260701-0530-LAPTOP-R36BQBTE,chunk_20260701-0530-LAPTOP-R36BQBTE,False,within_chunk,1,M1-L-1
ses_20260701-054901-LAPTOP-R36BQBTE,10,2026-07-01T05:52:45.832Z,2026-07-01T05:53:22.831Z,36.999,97,chunk_20260701-0530-LAPTOP-R36BQBTE,chunk_20260701-0530-LAPTOP-R36BQBTE,False,within_chunk,3,M1-H-1
ses_20260701-054901-LAPTOP-R36BQBTE,11,2026-07-01T05:53:22.870Z,2026-07-01T05:53:52.575Z,29.705,92,chunk_20260701-0530-LAPTOP-R36BQBTE,chunk_20260701-0530-LAPTOP-R36BQBTE,False,within_chunk,2,M1-A-2
ses_20260701-054901-LAPTOP-R36BQBTE,12,2026-07-01T05:54:08.809Z,2026-07-01T05:54:09.472Z,0.663,5,chunk_20260701-0530-LAPTOP-R36BQBTE,chunk_20260701-0530-LAPTOP-R36BQBTE,False,within_chunk,1,M1-I-1
ses_20260701-054901-LAPTOP-R36BQBTE,13,2026-07-01T05:54:09.481Z,2026-07-01T05:54:35.366Z,25.885,73,chunk_20260701-0530-LAPTOP-R36BQBTE,chunk_20260701-0530-LAPTOP-R36BQBTE,False,within_chunk,1,M1-I-1
ses_20260701-054901-LAPTOP-R36BQBTE,14,2026-07-01T05:54:42.499Z,2026-07-01T05:55:25.011Z,42.512,73,chunk_20260701-0530-LAPTOP-R36BQBTE,chunk_20260701-0530-LAPTOP-R36BQBTE,False,within_chunk,2,M1-L-2
ses_20260701-054901-LAPTOP-R36BQBTE,15,2026-07-01T05:55:40.017Z,2026-07-01T05:56:33.820Z,53.803,99,chunk_20260701-0530-LAPTOP-R36BQBTE,chunk_20260701-0530-LAPTOP-R36BQBTE,False,within_chunk,2,M1-A-3
ses_20260701-054901-LAPTOP-R36BQBTE,16,2026-07-01T05:56:36.871Z,2026-07-01T05:56:52.785Z,15.914,50,chunk_20260701-0530-LAPTOP-R36BQBTE,chunk_20260701-0530-LAPTOP-R36BQBTE,False,within_chunk,1,M1-A-3
ses_20260701-054901-LAPTOP-R36BQBTE,17,2026-07-01T05:56:52.787Z,2026-07-01T05:57:58.074Z,65.287,105,chunk_20260701-0530-LAPTOP-R36BQBTE,chunk_20260701-0530-LAPTOP-R36BQBTE,False,within_chunk,3,M1-F-3
ses_20260701-054901-LAPTOP-R36BQBTE,18,2026-07-01T05:57:58.095Z,2026-07-01T05:59:06.939Z,68.844,167,chunk_20260701-0530-LAPTOP-R36BQBTE,chunk_20260701-0530-LAPTOP-R36BQBTE,False,within_chunk,3,M1-H-3
ses_20260701-054901-LAPTOP-R36BQBTE,19,2026-07-01T05:59:06.956Z,2026-07-01T05:59:24.080Z,17.124,41,chunk_20260701-0530-LAPTOP-R36BQBTE,chunk_20260701-0530-LAPTOP-R36BQBTE,False,within_chunk,1,M1-J-1
ses_20260701-054901-LAPTOP-R36BQBTE,20,2026-07-01T05:59:39.679Z,2026-07-01T06:00:11.126Z,31.447,54,chunk_20260701-0530-LAPTOP-R36BQBTE,chunk_20260701-0600-LAPTOP-R36BQBTE,True,continuation_across_chunk,2,M1-I-2
ses_20260701-054901-LAPTOP-R36BQBTE,21,2026-07-01T06:00:11.152Z,2026-07-01T06:00:11.469Z,0.317,6,chunk_20260701-0600-LAPTOP-R36BQBTE,chunk_20260701-0600-LAPTOP-R36BQBTE,False,within_chunk,1,M1-I-2
ses_20260701-054901-LAPTOP-R36BQBTE,22,2026-07-01T06:00:14.336Z,2026-07-01T06:00:42.062Z,27.726,66,chunk_20260701-0600-LAPTOP-R36BQBTE,chunk_20260701-0600-LAPTOP-R36BQBTE,False,within_chunk,1,M1-I-2
ses_20260701-054901-LAPTOP-R36BQBTE,23,2026-07-01T06:00:42.067Z,2026-07-01T06:01:25.020Z,42.953,77,chunk_20260701-0600-LAPTOP-R36BQBTE,chunk_20260701-0600-LAPTOP-R36BQBTE,False,within_chunk,1,M1-I-2
ses_20260701-054901-LAPTOP-R36BQBTE,24,2026-07-01T06:01:25.037Z,2026-07-01T06:02:34.928Z,69.891,180,chunk_20260701-0600-LAPTOP-R36BQBTE,chunk_20260701-0600-LAPTOP-R36BQBTE,False,within_chunk,2,M1-L-3
ses_20260701-054901-LAPTOP-R36BQBTE,25,2026-07-01T06:02:34.936Z,2026-07-01T06:04:29.305Z,114.369,219,chunk_20260701-0600-LAPTOP-R36BQBTE,chunk_20260701-0600-LAPTOP-R36BQBTE,False,within_chunk,1,M1-L-3
ses_20260701-054901-LAPTOP-R36BQBTE,26,2026-07-01T06:04:29.365Z,2026-07-01T06:06:12.802Z,103.437,266,chunk_20260701-0600-LAPTOP-R36BQBTE,chunk_20260701-0600-LAPTOP-R36BQBTE,False,within_chunk,5,M1-J-2
ses_20260701-054901-LAPTOP-R36BQBTE,27,2026-07-01T06:06:12.853Z,2026-07-01T06:07:20.155Z,67.302,101,chunk_20260701-0600-LAPTOP-R36BQBTE,chunk_20260701-0600-LAPTOP-R36BQBTE,False,within_chunk,2,M1-L-4
ses_20260701-054901-LAPTOP-R36BQBTE,28,2026-07-01T06:07:20.201Z,2026-07-01T06:07:45.313Z,25.112,70,chunk_20260701-0600-LAPTOP-R36BQBTE,chunk_20260701-0600-LAPTOP-R36BQBTE,False,within_chunk,1,M1-J-3
ses_20260701-054901-LAPTOP-R36BQBTE,29,2026-07-01T06:07:52.150Z,2026-07-01T06:08:21.946Z,29.796,72,chunk_20260701-0600-LAPTOP-R36BQBTE,chunk_20260701-0600-LAPTOP-R36BQBTE,False,within_chunk,1,M1-N-2
ses_20260701-054901-LAPTOP-R36BQBTE,30,2026-07-01T06:09:34.610Z,2026-07-01T06:10:05.527Z,30.917,52,chunk_20260701-0600-LAPTOP-R36BQBTE,chunk_20260701-0600-LAPTOP-R36BQBTE,False,within_chunk,2,M1-N-3
ses_20260701-054901-LAPTOP-R36BQBTE,31,2026-07-01T06:18:37.413Z,2026-07-01T06:18:43.973Z,6.56,47,chunk_20260701-0600-LAPTOP-R36BQBTE,chunk_20260701-0600-LAPTOP-R36BQBTE,False,within_chunk,0,
ses_20260701-054930-CHAITANYA0BCF,1,2026-07-01T05:49:30.898Z,2026-07-01T05:50:25.657Z,54.759,21,chunk_20260701-0530-CHAITANYA0BCF,chunk_20260701-0530-CHAITANYA0BCF,False,within_chunk,1,M1-F-1
ses_20260701-054930-CHAITANYA0BCF,2,2026-07-01T05:50:25.672Z,2026-07-01T05:50:54.283Z,28.611,76,chunk_20260701-0530-CHAITANYA0BCF,chunk_20260701-0530-CHAITANYA0BCF,False,within_chunk,1,M1-F-1
ses_20260701-054930-CHAITANYA0BCF,3,2026-07-01T05:50:54.817Z,2026-07-01T05:51:20.836Z,26.019,104,chunk_20260701-0530-CHAITANYA0BCF,chunk_20260701-0530-CHAITANYA0BCF,False,within_chunk,1,M1-A-1
ses_20260701-054930-CHAITANYA0BCF,4,2026-07-01T05:51:21.335Z,2026-07-01T05:51:45.119Z,23.784,80,chunk_20260701-0530-CHAITANYA0BCF,chunk_20260701-0530-CHAITANYA0BCF,False,within_chunk,1,M1-F-2
ses_20260701-054930-CHAITANYA0BCF,5,2026-07-01T05:51:45.666Z,2026-07-01T05:52:04.453Z,18.787,67,chunk_20260701-0530-CHAITANYA0BCF,chunk_20260701-0530-CHAITANYA0BCF,False,within_chunk,1,M1-L-1
ses_20260701-054930-CHAITANYA0BCF,6,2026-07-01T05:52:48.715Z,2026-07-01T05:53:14.005Z,25.29,86,chunk_20260701-0530-CHAITANYA0BCF,chunk_20260701-0530-CHAITANYA0BCF,False,within_chunk,3,M1-H-1
ses_20260701-054930-CHAITANYA0BCF,7,2026-07-01T05:53:14.017Z,2026-07-01T05:53:41.695Z,27.678,83,chunk_20260701-0530-CHAITANYA0BCF,chunk_20260701-0530-CHAITANYA0BCF,False,within_chunk,1,M1-A-2
ses_20260701-054930-CHAITANYA0BCF,8,2026-07-01T05:53:42.086Z,2026-07-01T05:53:42.189Z,0.103,4,chunk_20260701-0530-CHAITANYA0BCF,chunk_20260701-0530-CHAITANYA0BCF,False,within_chunk,1,M1-I-1
ses_20260701-054930-CHAITANYA0BCF,9,2026-07-01T05:53:42.256Z,2026-07-01T05:54:53.145Z,70.889,110,chunk_20260701-0530-CHAITANYA0BCF,chunk_20260701-0530-CHAITANYA0BCF,False,within_chunk,1,M1-I-1
ses_20260701-054930-CHAITANYA0BCF,10,2026-07-01T05:54:53.542Z,2026-07-01T05:54:53.639Z,0.097,4,chunk_20260701-0530-CHAITANYA0BCF,chunk_20260701-0530-CHAITANYA0BCF,False,within_chunk,1,M1-L-2
ses_20260701-054930-CHAITANYA0BCF,11,2026-07-01T05:54:53.720Z,2026-07-01T05:55:12.091Z,18.371,63,chunk_20260701-0530-CHAITANYA0BCF,chunk_20260701-0530-CHAITANYA0BCF,False,within_chunk,1,M1-L-2
ses_20260701-054930-CHAITANYA0BCF,12,2026-07-01T05:55:45.515Z,2026-07-01T05:56:10.496Z,24.981,86,chunk_20260701-0530-CHAITANYA0BCF,chunk_20260701-0530-CHAITANYA0BCF,False,within_chunk,1,M1-H-2
ses_20260701-054930-CHAITANYA0BCF,13,2026-07-01T05:56:10.928Z,2026-07-01T05:56:42.076Z,31.148,108,chunk_20260701-0530-CHAITANYA0BCF,chunk_20260701-0530-CHAITANYA0BCF,False,within_chunk,1,M1-A-3
ses_20260701-054930-CHAITANYA0BCF,14,2026-07-01T05:56:42.512Z,2026-07-01T05:57:21.859Z,39.347,111,chunk_20260701-0530-CHAITANYA0BCF,chunk_20260701-0530-CHAITANYA0BCF,False,within_chunk,1,M1-G-2
ses_20260701-054930-CHAITANYA0BCF,15,2026-07-01T05:57:21.861Z,2026-07-01T05:57:48.843Z,26.982,64,chunk_20260701-0530-CHAITANYA0BCF,chunk_20260701-0530-CHAITANYA0BCF,False,within_chunk,2,M1-F-3
ses_20260701-054930-CHAITANYA0BCF,16,2026-07-01T05:57:52.853Z,2026-07-01T05:58:16.445Z,23.592,76,chunk_20260701-0530-CHAITANYA0BCF,chunk_20260701-0530-CHAITANYA0BCF,False,within_chunk,1,M1-H-3
ses_20260701-054930-CHAITANYA0BCF,17,2026-07-01T05:58:20.157Z,2026-07-01T05:58:38.399Z,18.242,47,chunk_20260701-0530-CHAITANYA0BCF,chunk_20260701-0530-CHAITANYA0BCF,False,within_chunk,1,M1-G-3
ses_20260701-054930-CHAITANYA0BCF,18,2026-07-01T05:58:41.861Z,2026-07-01T05:59:23.438Z,41.577,169,chunk_20260701-0530-CHAITANYA0BCF,chunk_20260701-0530-CHAITANYA0BCF,False,within_chunk,1,M1-J-1
ses_20260701-054930-CHAITANYA0BCF,19,2026-07-01T05:59:25.345Z,2026-07-01T05:59:50.064Z,24.719,105,chunk_20260701-0530-CHAITANYA0BCF,chunk_20260701-0530-CHAITANYA0BCF,False,within_chunk,2,M1-A-4
ses_20260701-054930-CHAITANYA0BCF,20,2026-07-01T05:59:52.724Z,2026-07-01T06:03:53.727Z,241.003,209,chunk_20260701-0530-CHAITANYA0BCF,chunk_20260701-0600-CHAITANYA0BCF,True,continuation_across_chunk,3,M1-I-2
ses_20260701-054930-CHAITANYA0BCF,21,2026-07-01T06:04:07.752Z,2026-07-01T06:04:08.888Z,1.136,5,chunk_20260701-0600-CHAITANYA0BCF,chunk_20260701-0600-CHAITANYA0BCF,False,within_chunk,1,M1-L-3
ses_20260701-054930-CHAITANYA0BCF,22,2026-07-01T06:04:42.922Z,2026-07-01T06:05:06.019Z,23.097,85,chunk_20260701-0600-CHAITANYA0BCF,chunk_20260701-0600-CHAITANYA0BCF,False,within_chunk,2,M1-J-2
ses_20260701-054930-CHAITANYA0BCF,23,2026-07-01T06:05:10.165Z,2026-07-01T06:05:32.466Z,22.301,60,chunk_20260701-0600-CHAITANYA0BCF,chunk_20260701-0600-CHAITANYA0BCF,False,within_chunk,1,M1-H-4
ses_20260701-054930-CHAITANYA0BCF,24,2026-07-01T06:05:36.488Z,2026-07-01T06:06:03.853Z,27.365,79,chunk_20260701-0600-CHAITANYA0BCF,chunk_20260701-0600-CHAITANYA0BCF,False,within_chunk,1,M1-G-4
ses_20260701-054930-CHAITANYA0BCF,25,2026-07-01T06:06:04.328Z,2026-07-01T06:06:30.680Z,26.352,89,chunk_20260701-0600-CHAITANYA0BCF,chunk_20260701-0600-CHAITANYA0BCF,False,within_chunk,1,M1-L-4
ses_20260701-054930-CHAITANYA0BCF,26,2026-07-01T06:07:09.039Z,2026-07-01T06:07:30.717Z,21.678,102,chunk_20260701-0600-CHAITANYA0BCF,chunk_20260701-0600-CHAITANYA0BCF,False,within_chunk,2,M1-J-3
ses_20260701-054930-CHAITANYA0BCF,27,2026-07-01T06:07:34.347Z,2026-07-01T06:08:41.057Z,66.71,146,chunk_20260701-0600-CHAITANYA0BCF,chunk_20260701-0600-CHAITANYA0BCF,False,within_chunk,2,M1-N-2
ses_20260701-054930-CHAITANYA0BCF,28,2026-07-01T06:08:43.521Z,2026-07-01T06:08:44.745Z,1.224,15,chunk_20260701-0600-CHAITANYA0BCF,chunk_20260701-0600-CHAITANYA0BCF,False,within_chunk,2,M1-I-3
ses_20260701-054930-CHAITANYA0BCF,29,2026-07-01T06:08:45.569Z,2026-07-01T06:09:04.686Z,19.117,38,chunk_20260701-0600-CHAITANYA0BCF,chunk_20260701-0600-CHAITANYA0BCF,False,within_chunk,1,M1-I-3
ses_20260701-054930-CHAITANYA0BCF,30,2026-07-01T06:09:16.654Z,2026-07-01T06:09:42.549Z,25.895,60,chunk_20260701-0600-CHAITANYA0BCF,chunk_20260701-0600-CHAITANYA0BCF,False,within_chunk,2,M1-I-3
ses_20260701-054930-CHAITANYA0BCF,31,2026-07-01T06:09:42.593Z,2026-07-01T06:10:30.994Z,48.401,274,chunk_20260701-0600-CHAITANYA0BCF,chunk_20260701-0600-CHAITANYA0BCF,False,within_chunk,1,M1-N-3
ses_20260701-055037-Marcos,1,2026-07-01T05:50:37.051Z,2026-07-01T05:51:50.381Z,73.33,94,chunk_20260701-0530-Marcos,chunk_20260701-0530-Marcos,False,within_chunk,1,M1-F-1
ses_20260701-055037-Marcos,2,2026-07-01T05:52:27.180Z,2026-07-01T05:52:49.633Z,22.453,74,chunk_20260701-0530-Marcos,chunk_20260701-0530-Marcos,False,within_chunk,2,M1-L-1
ses_20260701-055037-Marcos,3,2026-07-01T05:52:51.723Z,2026-07-01T05:53:27.702Z,35.979,99,chunk_20260701-0530-Marcos,chunk_20260701-0530-Marcos,False,within_chunk,2,M1-E-1
ses_20260701-055037-Marcos,4,2026-07-01T05:53:30.855Z,2026-07-01T05:53:32.035Z,1.18,15,chunk_20260701-0530-Marcos,chunk_20260701-0530-Marcos,False,within_chunk,2,M1-K-1
ses_20260701-055037-Marcos,5,2026-07-01T05:53:33.101Z,2026-07-01T05:54:00.469Z,27.368,74,chunk_20260701-0530-Marcos,chunk_20260701-0530-Marcos,False,within_chunk,1,M1-K-1
ses_20260701-055037-Marcos,6,2026-07-01T05:54:00.955Z,2026-07-01T05:54:28.584Z,27.629,100,chunk_20260701-0530-Marcos,chunk_20260701-0530-Marcos,False,within_chunk,1,M1-F-2
ses_20260701-055037-Marcos,7,2026-07-01T05:54:58.665Z,2026-07-01T05:54:59.837Z,1.172,14,chunk_20260701-0530-Marcos,chunk_20260701-0530-Marcos,False,within_chunk,1,M1-D-1
ses_20260701-055037-Marcos,8,2026-07-01T05:55:00.683Z,2026-07-01T05:55:35.559Z,34.876,67,chunk_20260701-0530-Marcos,chunk_20260701-0530-Marcos,False,within_chunk,1,M1-D-1
ses_20260701-055037-Marcos,9,2026-07-01T05:55:37.880Z,2026-07-01T05:55:59.968Z,22.088,72,chunk_20260701-0530-Marcos,chunk_20260701-0530-Marcos,False,within_chunk,2,M1-L-2
ses_20260701-055037-Marcos,10,2026-07-01T05:56:02.371Z,2026-07-01T05:56:28.543Z,26.172,86,chunk_20260701-0530-Marcos,chunk_20260701-0530-Marcos,False,within_chunk,2,M1-A-1
ses_20260701-055037-Marcos,11,2026-07-01T05:56:28.570Z,2026-07-01T05:56:53.879Z,25.309,94,chunk_20260701-0530-Marcos,chunk_20260701-0530-Marcos,False,within_chunk,1,M1-F-3
ses_20260701-055037-Marcos,12,2026-07-01T05:57:25.624Z,2026-07-01T05:59:04.362Z,98.738,103,chunk_20260701-0530-Marcos,chunk_20260701-0530-Marcos,False,within_chunk,2,M1-K-2
ses_20260701-055037-Marcos,13,2026-07-01T05:59:15.804Z,2026-07-01T05:59:45.452Z,29.648,95,chunk_20260701-0530-Marcos,chunk_20260701-0530-Marcos,False,within_chunk,2,M1-E-2
ses_20260701-055037-Marcos,14,2026-07-01T05:59:50.277Z,2026-07-01T06:00:14.838Z,24.561,69,chunk_20260701-0530-Marcos,chunk_20260701-0600-Marcos,True,continuation_across_chunk,1,M1-A-2
ses_20260701-055037-Marcos,15,2026-07-01T06:00:15.278Z,2026-07-01T06:01:09.940Z,54.662,163,chunk_20260701-0600-Marcos,chunk_20260701-0600-Marcos,False,within_chunk,2,M1-O-1
ses_20260701-055037-Marcos,16,2026-07-01T06:01:13.940Z,2026-07-01T06:02:01.202Z,47.262,133,chunk_20260701-0600-Marcos,chunk_20260701-0600-Marcos,False,within_chunk,2,M1-F-4
ses_20260701-055037-Marcos,17,2026-07-01T06:02:32.701Z,2026-07-01T06:03:35.792Z,63.091,152,chunk_20260701-0600-Marcos,chunk_20260701-0600-Marcos,False,within_chunk,3,M1-A-3
ses_20260701-055037-Marcos,18,2026-07-01T06:03:36.291Z,2026-07-01T06:04:03.570Z,27.279,89,chunk_20260701-0600-Marcos,chunk_20260701-0600-Marcos,False,within_chunk,2,M1-K-4
ses_20260701-055037-Marcos,19,2026-07-01T06:04:03.621Z,2026-07-01T06:04:41.058Z,37.437,82,chunk_20260701-0600-Marcos,chunk_20260701-0600-Marcos,False,within_chunk,1,M1-D-3
ses_20260701-055037-Marcos,20,2026-07-01T06:04:41.059Z,2026-07-01T06:05:55.771Z,74.712,200,chunk_20260701-0600-Marcos,chunk_20260701-0600-Marcos,False,within_chunk,3,M1-O-3
ses_20260701-055037-Marcos,21,2026-07-01T06:05:55.781Z,2026-07-01T06:06:20.417Z,24.636,100,chunk_20260701-0600-Marcos,chunk_20260701-0600-Marcos,False,within_chunk,1,M1-F-5
ses_20260701-055037-Marcos,22,2026-07-01T06:06:46.104Z,2026-07-01T06:06:47.107Z,1.003,4,chunk_20260701-0600-Marcos,chunk_20260701-0600-Marcos,False,within_chunk,1,M1-F-5
ses_20260701-055037-Marcos,23,2026-07-01T06:07:03.983Z,2026-07-01T06:07:13.207Z,9.224,9,chunk_20260701-0600-Marcos,chunk_20260701-0600-Marcos,False,within_chunk,2,M1-I-1
ses_20260701-055037-Marcos,24,2026-07-01T06:07:15.038Z,2026-07-01T06:08:17.363Z,62.325,79,chunk_20260701-0600-Marcos,chunk_20260701-0600-Marcos,False,within_chunk,1,M1-I-1
ses_20260701-055037-Marcos,25,2026-07-01T06:08:17.842Z,2026-07-01T06:08:47.112Z,29.27,91,chunk_20260701-0600-Marcos,chunk_20260701-0600-Marcos,False,within_chunk,1,M1-A-4
ses_20260701-055037-Marcos,26,2026-07-01T06:09:06.036Z,2026-07-01T06:09:29.075Z,23.039,70,chunk_20260701-0600-Marcos,chunk_20260701-0600-Marcos,False,within_chunk,2,M1-E-3
ses_20260701-055037-Marcos,27,2026-07-01T06:09:32.287Z,2026-07-01T06:09:54.167Z,21.88,53,chunk_20260701-0600-Marcos,chunk_20260701-0600-Marcos,False,within_chunk,1,M1-A-5
ses_20260701-055037-Marcos,28,2026-07-01T06:09:54.693Z,2026-07-01T06:12:21.867Z,147.174,112,chunk_20260701-0600-Marcos,chunk_20260701-0600-Marcos,False,within_chunk,0,
ses_20260701-055037-Marcos,29,2026-07-01T06:12:44.450Z,2026-07-01T06:13:04.785Z,20.335,24,chunk_20260701-0600-Marcos,chunk_20260701-0600-Marcos,False,within_chunk,1,M1-I-3
ses_20260701-055037-Marcos,30,2026-07-01T06:13:24.125Z,2026-07-01T06:14:16.905Z,52.78,70,chunk_20260701-0600-Marcos,chunk_20260701-0600-Marcos,False,within_chunk,1,M1-I-3
ses_20260701-055918-MSI,1,2026-07-01T05:59:18.567Z,2026-07-01T05:59:32.753Z,14.186,47,chunk_20260701-0530-MSI,chunk_20260701-0530-MSI,False,within_chunk,0,
ses_20260701-055918-MSI,2,2026-07-01T06:00:29.125Z,2026-07-01T06:01:07.204Z,38.079,92,chunk_20260701-0600-MSI,chunk_20260701-0600-MSI,False,within_chunk,1,M1-N-1
ses_20260701-055918-MSI,3,2026-07-01T06:01:09.895Z,2026-07-01T06:01:32.778Z,22.883,86,chunk_20260701-0600-MSI,chunk_20260701-0600-MSI,False,within_chunk,2,M1-F-1
ses_20260701-055918-MSI,4,2026-07-01T06:01:33.285Z,2026-07-01T06:01:53.787Z,20.502,76,chunk_20260701-0600-MSI,chunk_20260701-0600-MSI,False,within_chunk,1,M1-B-1
ses_20260701-055918-MSI,5,2026-07-01T06:01:57.897Z,2026-07-01T06:02:19.913Z,22.016,72,chunk_20260701-0600-MSI,chunk_20260701-0600-MSI,False,within_chunk,1,M1-E-1
ses_20260701-055918-MSI,6,2026-07-01T06:02:39.703Z,2026-07-01T06:03:07.378Z,27.675,90,chunk_20260701-0600-MSI,chunk_20260701-0600-MSI,False,within_chunk,2,M1-F-2
ses_20260701-055918-MSI,7,2026-07-01T06:03:10.062Z,2026-07-01T06:03:38.856Z,28.794,110,chunk_20260701-0600-MSI,chunk_20260701-0600-MSI,False,within_chunk,1,M1-O-1
ses_20260701-055918-MSI,8,2026-07-01T06:03:39.323Z,2026-07-01T06:04:01.265Z,21.942,77,chunk_20260701-0600-MSI,chunk_20260701-0600-MSI,False,within_chunk,1,M1-B-2
ses_20260701-055918-MSI,9,2026-07-01T06:04:03.818Z,2026-07-01T06:04:42.395Z,38.577,84,chunk_20260701-0600-MSI,chunk_20260701-0600-MSI,False,within_chunk,1,M1-M-1
ses_20260701-055918-MSI,10,2026-07-01T06:04:42.851Z,2026-07-01T06:05:18.721Z,35.87,97,chunk_20260701-0600-MSI,chunk_20260701-0600-MSI,False,within_chunk,1,M1-C-1
ses_20260701-055918-MSI,11,2026-07-01T06:05:22.700Z,2026-07-01T06:06:12.993Z,50.293,130,chunk_20260701-0600-MSI,chunk_20260701-0600-MSI,False,within_chunk,1,M1-A-2
ses_20260701-055918-MSI,12,2026-07-01T06:06:13.458Z,2026-07-01T06:06:34.094Z,20.636,80,chunk_20260701-0600-MSI,chunk_20260701-0600-MSI,False,within_chunk,1,M1-F-3
ses_20260701-055918-MSI,13,2026-07-01T06:06:36.767Z,2026-07-01T06:07:06.923Z,30.156,112,chunk_20260701-0600-MSI,chunk_20260701-0600-MSI,False,within_chunk,2,M1-O-2
ses_20260701-055918-MSI,14,2026-07-01T06:07:07.387Z,2026-07-01T06:07:33.032Z,25.645,87,chunk_20260701-0600-MSI,chunk_20260701-0600-MSI,False,within_chunk,1,M1-A-3
ses_20260701-055918-MSI,15,2026-07-01T06:07:33.033Z,2026-07-01T06:08:20.621Z,47.588,68,chunk_20260701-0600-MSI,chunk_20260701-0600-MSI,False,within_chunk,2,M1-D-1
ses_20260701-055918-MSI,16,2026-07-01T06:08:21.300Z,2026-07-01T06:09:44.654Z,83.354,238,chunk_20260701-0600-MSI,chunk_20260701-0600-MSI,False,within_chunk,2,M1-N-2
ses_20260701-055918-MSI,17,2026-07-01T06:09:45.169Z,2026-07-01T06:12:05.550Z,140.381,154,chunk_20260701-0600-MSI,chunk_20260701-0600-MSI,False,within_chunk,2,M1-D-2
ses_20260701-055918-MSI,18,2026-07-01T06:12:15.218Z,2026-07-01T06:12:46.580Z,31.362,83,chunk_20260701-0600-MSI,chunk_20260701-0600-MSI,False,within_chunk,2,M1-E-2
ses_20260701-055918-MSI,19,2026-07-01T06:12:47.067Z,2026-07-01T06:13:12.547Z,25.48,87,chunk_20260701-0600-MSI,chunk_20260701-0600-MSI,False,within_chunk,1,M1-F-4
ses_20260701-055918-MSI,20,2026-07-01T06:13:14.923Z,2026-07-01T06:14:46.507Z,91.584,154,chunk_20260701-0600-MSI,chunk_20260701-0600-MSI,False,within_chunk,2,M1-C-3
ses_20260701-055918-MSI,21,2026-07-01T06:14:46.972Z,2026-07-01T06:15:16.575Z,29.603,109,chunk_20260701-0600-MSI,chunk_20260701-0600-MSI,False,within_chunk,1,M1-F-5
ses_20260701-055918-MSI,22,2026-07-01T06:15:17.072Z,2026-07-01T06:15:55.976Z,38.904,81,chunk_20260701-0600-MSI,chunk_20260701-0600-MSI,False,within_chunk,1,M1-M-3
ses_20260701-055918-MSI,23,2026-07-01T06:16:31.109Z,2026-07-01T06:16:56.933Z,25.824,14,chunk_20260701-0600-MSI,chunk_20260701-0600-MSI,False,within_chunk,1,M1-M-3
ses_20260701-055918-MSI,24,2026-07-01T06:17:17.416Z,2026-07-01T06:17:57.113Z,39.697,88,chunk_20260701-0600-MSI,chunk_20260701-0600-MSI,False,within_chunk,2,M1-C-4
ses_20260701-055918-MSI,25,2026-07-01T06:17:57.609Z,2026-07-01T06:18:53.809Z,56.2,160,chunk_20260701-0600-MSI,chunk_20260701-0600-MSI,False,within_chunk,2,M1-O-3
ses_20260701-055918-MSI,26,2026-07-01T06:18:56.607Z,2026-07-01T06:18:56.661Z,0.054,4,chunk_20260701-0600-MSI,chunk_20260701-0600-MSI,False,within_chunk,1,M1-E-3
ses_20260701-055918-MSI,27,2026-07-01T06:18:56.665Z,2026-07-01T06:19:23.454Z,26.789,87,chunk_20260701-0600-MSI,chunk_20260701-0600-MSI,False,within_chunk,1,M1-E-3
ses_20260701-055918-MSI,28,2026-07-01T06:19:26.178Z,2026-07-01T06:20:00.727Z,34.549,99,chunk_20260701-0600-MSI,chunk_20260701-0600-MSI,False,within_chunk,2,M1-M-4
ses_20260701-055918-MSI,29,2026-07-01T06:20:03.305Z,2026-07-01T06:22:20.938Z,137.633,217,chunk_20260701-0600-MSI,chunk_20260701-0600-MSI,False,within_chunk,3,M1-D-3
ses_20260701-062250-Marcos,1,2026-07-01T06:22:50.558Z,2026-07-01T06:24:01.418Z,70.86,88,chunk_20260701-0600-Marcos,chunk_20260701-0600-Marcos,False,within_chunk,1,M1-J-1
ses_20260701-062250-Marcos,2,2026-07-01T06:24:04.246Z,2026-07-01T06:24:40.142Z,35.896,111,chunk_20260701-0600-Marcos,chunk_20260701-0600-Marcos,False,within_chunk,2,M1-M-1
ses_20260701-062250-Marcos,3,2026-07-01T06:24:40.657Z,2026-07-01T06:25:50.187Z,69.53,149,chunk_20260701-0600-Marcos,chunk_20260701-0600-Marcos,False,within_chunk,3,M1-D-1
ses_20260701-062250-Marcos,4,2026-07-01T06:25:50.206Z,2026-07-01T06:26:12.305Z,22.099,72,chunk_20260701-0600-Marcos,chunk_20260701-0600-Marcos,False,within_chunk,1,M1-G-1
ses_20260701-062250-Marcos,5,2026-07-01T06:26:16.293Z,2026-07-01T06:27:02.502Z,46.209,127,chunk_20260701-0600-Marcos,chunk_20260701-0600-Marcos,False,within_chunk,1,M1-J-3
ses_20260701-062250-Marcos,6,2026-07-01T06:27:05.870Z,2026-07-01T06:27:28.045Z,22.175,72,chunk_20260701-0600-Marcos,chunk_20260701-0600-Marcos,False,within_chunk,2,M1-B-1
ses_20260701-062250-Marcos,7,2026-07-01T06:27:28.047Z,2026-07-01T06:27:59.827Z,31.78,79,chunk_20260701-0600-Marcos,chunk_20260701-0600-Marcos,False,within_chunk,3,M1-E-1
ses_20260701-062250-Marcos,8,2026-07-01T06:27:59.859Z,2026-07-01T06:28:36.565Z,36.706,71,chunk_20260701-0600-Marcos,chunk_20260701-0600-Marcos,False,within_chunk,1,M1-M-2
ses_20260701-062250-Marcos,9,2026-07-01T06:28:39.714Z,2026-07-01T06:29:36.996Z,57.282,108,chunk_20260701-0600-Marcos,chunk_20260701-0600-Marcos,False,within_chunk,2,M1-I-1
ses_20260701-062250-Marcos,10,2026-07-01T06:29:40.249Z,2026-07-01T06:30:06.865Z,26.616,90,chunk_20260701-0600-Marcos,chunk_20260701-0630-Marcos,True,continuation_across_chunk,2,M1-A-2
ses_20260701-062250-Marcos,11,2026-07-01T06:30:06.866Z,2026-07-01T06:30:30.639Z,23.773,71,chunk_20260701-0630-Marcos,chunk_20260701-0630-Marcos,False,within_chunk,2,M1-E-2
ses_20260701-062250-Marcos,12,2026-07-01T06:30:33.298Z,2026-07-01T06:30:51.083Z,17.785,65,chunk_20260701-0630-Marcos,chunk_20260701-0630-Marcos,False,within_chunk,2,M1-G-2
ses_20260701-062250-Marcos,13,2026-07-01T06:30:51.084Z,2026-07-01T06:31:15.821Z,24.737,53,chunk_20260701-0630-Marcos,chunk_20260701-0630-Marcos,False,within_chunk,2,M1-H-1
ses_20260701-062250-Marcos,14,2026-07-01T06:31:15.927Z,2026-07-01T06:31:37.662Z,21.735,76,chunk_20260701-0630-Marcos,chunk_20260701-0630-Marcos,False,within_chunk,2,M1-B-2
ses_20260701-062250-Marcos,15,2026-07-01T06:31:40.085Z,2026-07-01T06:32:26.795Z,46.71,141,chunk_20260701-0630-Marcos,chunk_20260701-0630-Marcos,False,within_chunk,1,M1-G-4
ses_20260701-062250-Marcos,16,2026-07-01T06:32:30.073Z,2026-07-01T06:32:30.120Z,0.047,4,chunk_20260701-0630-Marcos,chunk_20260701-0630-Marcos,False,within_chunk,1,M1-A-3
ses_20260701-062250-Marcos,17,2026-07-01T06:32:30.150Z,2026-07-01T06:32:55.342Z,25.192,74,chunk_20260701-0630-Marcos,chunk_20260701-0630-Marcos,False,within_chunk,1,M1-A-3
ses_20260701-062250-Marcos,18,2026-07-01T06:32:55.852Z,2026-07-01T06:33:56.979Z,61.127,105,chunk_20260701-0630-Marcos,chunk_20260701-0630-Marcos,False,within_chunk,1,M1-I-2
ses_20260701-062250-Marcos,19,2026-07-01T06:34:00.633Z,2026-07-01T06:35:07.214Z,66.581,132,chunk_20260701-0630-Marcos,chunk_20260701-0630-Marcos,False,within_chunk,1,M1-H-3
ses_20260701-062250-Marcos,20,2026-07-01T06:35:07.700Z,2026-07-01T06:35:40.852Z,33.152,80,chunk_20260701-0630-Marcos,chunk_20260701-0630-Marcos,False,within_chunk,1,M1-D-2
ses_20260701-062250-Marcos,21,2026-07-01T06:35:44.521Z,2026-07-01T06:35:59.582Z,15.061,36,chunk_20260701-0630-Marcos,chunk_20260701-0630-Marcos,False,within_chunk,1,M1-B-3
ses_20260701-062250-Marcos,22,2026-07-01T06:35:59.583Z,2026-07-01T06:36:39.736Z,40.153,77,chunk_20260701-0630-Marcos,chunk_20260701-0630-Marcos,False,within_chunk,2,M1-C-1
ses_20260701-062250-Marcos,23,2026-07-01T06:36:43.362Z,2026-07-01T06:37:08.871Z,25.509,74,chunk_20260701-0630-Marcos,chunk_20260701-0630-Marcos,False,within_chunk,1,M1-B-4
ses_20260701-062250-Marcos,24,2026-07-01T06:37:09.375Z,2026-07-01T06:37:46.528Z,37.153,77,chunk_20260701-0630-Marcos,chunk_20260701-0630-Marcos,False,within_chunk,1,M1-M-3
ses_20260701-062250-Marcos,25,2026-07-01T06:37:47.022Z,2026-07-01T06:38:28.071Z,41.049,86,chunk_20260701-0630-Marcos,chunk_20260701-0630-Marcos,False,within_chunk,1,M1-D-3
ses_20260701-062250-Marcos,26,2026-07-01T06:38:28.569Z,2026-07-01T06:39:57.095Z,88.526,160,chunk_20260701-0630-Marcos,chunk_20260701-0630-Marcos,False,within_chunk,2,M1-I-3
ses_20260701-062250-Marcos,27,2026-07-01T06:39:57.141Z,2026-07-01T06:41:55.173Z,118.032,108,chunk_20260701-0630-Marcos,chunk_20260701-0630-Marcos,False,within_chunk,0,
ses_20260701-062250-Marcos,28,2026-07-01T06:42:17.722Z,2026-07-01T06:42:48.234Z,30.512,65,chunk_20260701-0630-Marcos,chunk_20260701-0630-Marcos,False,within_chunk,2,M1-C-3
ses_20260701-062250-Marcos,29,2026-07-01T06:42:48.258Z,2026-07-01T06:43:28.154Z,39.896,94,chunk_20260701-0630-Marcos,chunk_20260701-0630-Marcos,False,within_chunk,1,M1-M-4
ses_20260701-062250-Marcos,30,2026-07-01T06:43:28.649Z,2026-07-01T06:44:10.651Z,42.002,98,chunk_20260701-0630-Marcos,chunk_20260701-0630-Marcos,False,within_chunk,1,M1-E-3
ses_20260701-062732-MSI,1,2026-07-01T06:27:32.080Z,2026-07-01T06:27:59.927Z,27.847,87,chunk_20260701-0600-MSI,chunk_20260701-0600-MSI,False,within_chunk,0,
ses_20260701-062732-MSI,2,2026-07-01T06:28:55.001Z,2026-07-01T06:29:20.300Z,25.299,83,chunk_20260701-0600-MSI,chunk_20260701-0600-MSI,False,within_chunk,1,M1-F-1
ses_20260701-062732-MSI,3,2026-07-01T06:29:20.826Z,2026-07-01T06:30:09.038Z,48.212,154,chunk_20260701-0600-MSI,chunk_20260701-0630-MSI,True,continuation_across_chunk,2,M1-A-1
ses_20260701-062732-MSI,4,2026-07-01T06:30:26.907Z,2026-07-01T06:30:56.891Z,29.984,99,chunk_20260701-0630-MSI,chunk_20260701-0630-MSI,False,within_chunk,2,M1-F-2
ses_20260701-062732-MSI,5,2026-07-01T06:30:57.356Z,2026-07-01T06:31:14.472Z,17.116,65,chunk_20260701-0630-MSI,chunk_20260701-0630-MSI,False,within_chunk,1,M1-B-2
ses_20260701-062732-MSI,6,2026-07-01T06:31:14.473Z,2026-07-01T06:31:46.853Z,32.38,61,chunk_20260701-0630-MSI,chunk_20260701-0630-MSI,False,within_chunk,2,M1-D-1
ses_20260701-062732-MSI,7,2026-07-01T06:31:51.069Z,2026-07-01T06:32:15.088Z,24.019,60,chunk_20260701-0630-MSI,chunk_20260701-0630-MSI,False,within_chunk,1,M1-A-2
ses_20260701-062732-MSI,8,2026-07-01T06:32:18.879Z,2026-07-01T06:32:52.661Z,33.782,67,chunk_20260701-0630-MSI,chunk_20260701-0630-MSI,False,within_chunk,1,M1-C-1
ses_20260701-062732-MSI,9,2026-07-01T06:32:56.837Z,2026-07-01T06:33:23.647Z,26.81,64,chunk_20260701-0630-MSI,chunk_20260701-0630-MSI,False,within_chunk,1,M1-A-3
ses_20260701-062732-MSI,10,2026-07-01T06:33:24.164Z,2026-07-01T06:34:16.094Z,51.93,155,chunk_20260701-0630-MSI,chunk_20260701-0630-MSI,False,within_chunk,1,M1-F-4
ses_20260701-062732-MSI,11,2026-07-01T06:34:16.190Z,2026-07-01T06:34:50.188Z,33.998,82,chunk_20260701-0630-MSI,chunk_20260701-0630-MSI,False,within_chunk,2,M1-D-2
ses_20260701-062732-MSI,12,2026-07-01T06:34:53.682Z,2026-07-01T06:35:17.915Z,24.233,61,chunk_20260701-0630-MSI,chunk_20260701-0630-MSI,False,within_chunk,1,M1-A-4
ses_20260701-062732-MSI,13,2026-07-01T06:35:22.253Z,2026-07-01T06:37:25.491Z,123.238,138,chunk_20260701-0630-MSI,chunk_20260701-0630-MSI,False,within_chunk,2,M1-E-1
ses_20260701-062732-MSI,14,2026-07-01T06:37:25.984Z,2026-07-01T06:37:49.909Z,23.925,87,chunk_20260701-0630-MSI,chunk_20260701-0630-MSI,False,within_chunk,1,M1-F-5
ses_20260701-062732-MSI,15,2026-07-01T06:37:52.473Z,2026-07-01T06:39:04.864Z,72.391,126,chunk_20260701-0630-MSI,chunk_20260701-0630-MSI,False,within_chunk,2,M1-N-2
ses_20260701-062732-MSI,16,2026-07-01T06:39:07.441Z,2026-07-01T06:40:59.398Z,111.957,195,chunk_20260701-0630-MSI,chunk_20260701-0630-MSI,False,within_chunk,2,M1-C-4
ses_20260701-062732-MSI,17,2026-07-01T06:41:03.374Z,2026-07-01T06:41:30.007Z,26.633,80,chunk_20260701-0630-MSI,chunk_20260701-0630-MSI,False,within_chunk,1,M1-B-4
ses_20260701-062732-MSI,18,2026-07-01T06:41:30.496Z,2026-07-01T06:41:56.525Z,26.029,90,chunk_20260701-0630-MSI,chunk_20260701-0630-MSI,False,within_chunk,1,M1-O-1
ses_20260701-062732-MSI,19,2026-07-01T06:42:00.127Z,2026-07-01T06:42:31.438Z,31.311,91,chunk_20260701-0630-MSI,chunk_20260701-0630-MSI,False,within_chunk,2,M1-D-3
ses_20260701-062732-MSI,20,2026-07-01T06:42:35.152Z,2026-07-01T06:42:54.337Z,19.185,53,chunk_20260701-0630-MSI,chunk_20260701-0630-MSI,False,within_chunk,1,M1-E-2
ses_20260701-062732-MSI,21,2026-07-01T06:42:57.621Z,2026-07-01T06:43:38.247Z,40.626,100,chunk_20260701-0630-MSI,chunk_20260701-0630-MSI,False,within_chunk,1,M1-E-2
ses_20260701-062732-MSI,22,2026-07-01T06:44:00.417Z,2026-07-01T06:44:01.772Z,1.355,6,chunk_20260701-0630-MSI,chunk_20260701-0630-MSI,False,within_chunk,0,
ses_20260701-062732-MSI,23,2026-07-01T06:44:17.314Z,2026-07-01T06:44:36.614Z,19.3,7,chunk_20260701-0630-MSI,chunk_20260701-0630-MSI,False,within_chunk,0,
ses_20260701-062732-MSI,24,2026-07-01T06:44:50.456Z,2026-07-01T06:46:12.811Z,82.355,266,chunk_20260701-0630-MSI,chunk_20260701-0630-MSI,False,within_chunk,2,M1-M-2
ses_20260701-062732-MSI,25,2026-07-01T06:46:16.398Z,2026-07-01T06:47:53.582Z,97.184,176,chunk_20260701-0630-MSI,chunk_20260701-0630-MSI,False,within_chunk,2,M1-N-3
ses_20260701-062732-MSI,26,2026-07-01T06:47:56.897Z,2026-07-01T06:48:21.352Z,24.455,62,chunk_20260701-0630-MSI,chunk_20260701-0630-MSI,False,within_chunk,1,M1-O-3
ses_20260701-062732-MSI,27,2026-07-01T06:48:21.889Z,2026-07-01T06:48:21.992Z,0.103,4,chunk_20260701-0630-MSI,chunk_20260701-0630-MSI,False,within_chunk,1,M1-E-3
ses_20260701-062732-MSI,28,2026-07-01T06:48:22.051Z,2026-07-01T06:49:52.856Z,90.805,121,chunk_20260701-0630-MSI,chunk_20260701-0630-MSI,False,within_chunk,1,M1-E-3
ses_20260701-063106-LAPTOP-R36BQBTE,1,2026-07-01T06:31:06.557Z,2026-07-01T06:31:24.376Z,17.819,37,chunk_20260701-0630-LAPTOP-R36BQBTE,chunk_20260701-0630-LAPTOP-R36BQBTE,False,within_chunk,0,
ses_20260701-063106-LAPTOP-R36BQBTE,2,2026-07-01T06:32:18.900Z,2026-07-01T06:32:41.735Z,22.835,66,chunk_20260701-0630-LAPTOP-R36BQBTE,chunk_20260701-0630-LAPTOP-R36BQBTE,False,within_chunk,2,M1-G-1
ses_20260701-063106-LAPTOP-R36BQBTE,3,2026-07-01T06:32:41.889Z,2026-07-01T06:32:49.159Z,7.27,9,chunk_20260701-0630-LAPTOP-R36BQBTE,chunk_20260701-0630-LAPTOP-R36BQBTE,False,within_chunk,1,M1-D-1
ses_20260701-063106-LAPTOP-R36BQBTE,4,2026-07-01T06:33:08.244Z,2026-07-01T06:33:20.492Z,12.248,41,chunk_20260701-0630-LAPTOP-R36BQBTE,chunk_20260701-0630-LAPTOP-R36BQBTE,False,within_chunk,2,M1-D-1
ses_20260701-063106-LAPTOP-R36BQBTE,5,2026-07-01T06:33:20.523Z,2026-07-01T06:33:40.207Z,19.684,61,chunk_20260701-0630-LAPTOP-R36BQBTE,chunk_20260701-0630-LAPTOP-R36BQBTE,False,within_chunk,1,M1-G-2
ses_20260701-063106-LAPTOP-R36BQBTE,6,2026-07-01T06:33:46.277Z,2026-07-01T06:35:01.314Z,75.037,156,chunk_20260701-0630-LAPTOP-R36BQBTE,chunk_20260701-0630-LAPTOP-R36BQBTE,False,within_chunk,1,M1-F-1
ses_20260701-063106-LAPTOP-R36BQBTE,7,2026-07-01T06:35:18.684Z,2026-07-01T06:35:36.176Z,17.492,61,chunk_20260701-0630-LAPTOP-R36BQBTE,chunk_20260701-0630-LAPTOP-R36BQBTE,False,within_chunk,1,M1-B-1
ses_20260701-063106-LAPTOP-R36BQBTE,8,2026-07-01T06:35:41.975Z,2026-07-01T06:35:46.052Z,4.077,7,chunk_20260701-0630-LAPTOP-R36BQBTE,chunk_20260701-0630-LAPTOP-R36BQBTE,False,within_chunk,1,M1-D-2
ses_20260701-063106-LAPTOP-R36BQBTE,9,2026-07-01T06:36:04.293Z,2026-07-01T06:36:13.537Z,9.244,22,chunk_20260701-0630-LAPTOP-R36BQBTE,chunk_20260701-0630-LAPTOP-R36BQBTE,False,within_chunk,2,M1-D-2
ses_20260701-063106-LAPTOP-R36BQBTE,10,2026-07-01T06:36:13.538Z,2026-07-01T06:36:36.355Z,22.817,73,chunk_20260701-0630-LAPTOP-R36BQBTE,chunk_20260701-0630-LAPTOP-R36BQBTE,False,within_chunk,1,M1-F-2
ses_20260701-063106-LAPTOP-R36BQBTE,11,2026-07-01T06:37:18.299Z,2026-07-01T06:37:50.459Z,32.16,28,chunk_20260701-0630-LAPTOP-R36BQBTE,chunk_20260701-0630-LAPTOP-R36BQBTE,False,within_chunk,0,
ses_20260701-063106-LAPTOP-R36BQBTE,12,2026-07-01T06:38:04.721Z,2026-07-01T06:38:31.796Z,27.075,49,chunk_20260701-0630-LAPTOP-R36BQBTE,chunk_20260701-0630-LAPTOP-R36BQBTE,False,within_chunk,0,
ses_20260701-063106-LAPTOP-R36BQBTE,13,2026-07-01T06:38:36.261Z,2026-07-01T06:38:38.296Z,2.035,7,chunk_20260701-0630-LAPTOP-R36BQBTE,chunk_20260701-0630-LAPTOP-R36BQBTE,False,within_chunk,0,
ses_20260701-063106-LAPTOP-R36BQBTE,14,2026-07-01T06:38:58.321Z,2026-07-01T06:39:38.563Z,40.242,56,chunk_20260701-0630-LAPTOP-R36BQBTE,chunk_20260701-0630-LAPTOP-R36BQBTE,False,within_chunk,1,M1-I-3
ses_20260701-063106-LAPTOP-R36BQBTE,15,2026-07-01T06:39:42.506Z,2026-07-01T06:39:46.310Z,3.804,10,chunk_20260701-0630-LAPTOP-R36BQBTE,chunk_20260701-0630-LAPTOP-R36BQBTE,False,within_chunk,1,M1-I-3
ses_20260701-063106-LAPTOP-R36BQBTE,16,2026-07-01T06:39:59.535Z,2026-07-01T06:40:27.023Z,27.488,48,chunk_20260701-0630-LAPTOP-R36BQBTE,chunk_20260701-0630-LAPTOP-R36BQBTE,False,within_chunk,2,M1-I-3
ses_20260701-063106-LAPTOP-R36BQBTE,17,2026-07-01T06:40:27.048Z,2026-07-01T06:40:48.703Z,21.655,63,chunk_20260701-0630-LAPTOP-R36BQBTE,chunk_20260701-0630-LAPTOP-R36BQBTE,False,within_chunk,1,M1-B-2
ses_20260701-063106-LAPTOP-R36BQBTE,18,2026-07-01T06:40:51.830Z,2026-07-01T06:41:15.120Z,23.29,81,chunk_20260701-0630-LAPTOP-R36BQBTE,chunk_20260701-0630-LAPTOP-R36BQBTE,False,within_chunk,1,M1-F-3
ses_20260701-063106-LAPTOP-R36BQBTE,19,2026-07-01T06:41:48.080Z,2026-07-01T06:41:48.733Z,0.653,5,chunk_20260701-0630-LAPTOP-R36BQBTE,chunk_20260701-0630-LAPTOP-R36BQBTE,False,within_chunk,2,M1-D-3
ses_20260701-063106-LAPTOP-R36BQBTE,20,2026-07-01T06:41:48.749Z,2026-07-01T06:42:49.964Z,61.215,157,chunk_20260701-0630-LAPTOP-R36BQBTE,chunk_20260701-0630-LAPTOP-R36BQBTE,False,within_chunk,2,M1-F-4
ses_20260701-063106-LAPTOP-R36BQBTE,21,2026-07-01T06:43:25.009Z,2026-07-01T06:43:52.646Z,27.637,75,chunk_20260701-0630-LAPTOP-R36BQBTE,chunk_20260701-0630-LAPTOP-R36BQBTE,False,within_chunk,2,M1-B-3
ses_20260701-063106-LAPTOP-R36BQBTE,22,2026-07-01T06:43:55.089Z,2026-07-01T06:43:55.729Z,0.64,7,chunk_20260701-0630-LAPTOP-R36BQBTE,chunk_20260701-0630-LAPTOP-R36BQBTE,False,within_chunk,2,M1-F-5
ses_20260701-063106-LAPTOP-R36BQBTE,23,2026-07-01T06:43:55.776Z,2026-07-01T06:45:08.804Z,73.028,171,chunk_20260701-0630-LAPTOP-R36BQBTE,chunk_20260701-0630-LAPTOP-R36BQBTE,False,within_chunk,1,M1-F-5
ses_20260701-063106-LAPTOP-R36BQBTE,24,2026-07-01T06:45:09.338Z,2026-07-01T06:45:09.440Z,0.102,4,chunk_20260701-0630-LAPTOP-R36BQBTE,chunk_20260701-0630-LAPTOP-R36BQBTE,False,within_chunk,1,M1-E-1
ses_20260701-063106-LAPTOP-R36BQBTE,25,2026-07-01T06:45:09.495Z,2026-07-01T06:45:34.745Z,25.25,75,chunk_20260701-0630-LAPTOP-R36BQBTE,chunk_20260701-0630-LAPTOP-R36BQBTE,False,within_chunk,1,M1-E-1
ses_20260701-063106-LAPTOP-R36BQBTE,26,2026-07-01T06:45:44.622Z,2026-07-01T06:45:45.457Z,0.835,7,chunk_20260701-0630-LAPTOP-R36BQBTE,chunk_20260701-0630-LAPTOP-R36BQBTE,False,within_chunk,2,M1-N-1
ses_20260701-063106-LAPTOP-R36BQBTE,27,2026-07-01T06:45:45.512Z,2026-07-01T06:45:45.784Z,0.272,6,chunk_20260701-0630-LAPTOP-R36BQBTE,chunk_20260701-0630-LAPTOP-R36BQBTE,False,within_chunk,1,M1-N-1
ses_20260701-063106-LAPTOP-R36BQBTE,28,2026-07-01T06:45:48.588Z,2026-07-01T06:46:25.615Z,37.027,62,chunk_20260701-0630-LAPTOP-R36BQBTE,chunk_20260701-0630-LAPTOP-R36BQBTE,False,within_chunk,2,M1-N-1
ses_20260701-063106-LAPTOP-R36BQBTE,29,2026-07-01T06:46:25.638Z,2026-07-01T06:46:37.051Z,11.413,49,chunk_20260701-0630-LAPTOP-R36BQBTE,chunk_20260701-0630-LAPTOP-R36BQBTE,False,within_chunk,1,M1-G-3
ses_20260701-063106-LAPTOP-R36BQBTE,30,2026-07-01T06:46:38.876Z,2026-07-01T06:46:39.402Z,0.526,5,chunk_20260701-0630-LAPTOP-R36BQBTE,chunk_20260701-0630-LAPTOP-R36BQBTE,False,within_chunk,1,M1-G-3
ses_20260701-063106-LAPTOP-R36BQBTE,31,2026-07-01T06:46:41.105Z,2026-07-01T06:46:45.361Z,4.256,17,chunk_20260701-0630-LAPTOP-R36BQBTE,chunk_20260701-0630-LAPTOP-R36BQBTE,False,within_chunk,2,M1-B-4
ses_20260701-063106-LAPTOP-R36BQBTE,32,2026-07-01T06:46:47.642Z,2026-07-01T06:47:10.077Z,22.435,61,chunk_20260701-0630-LAPTOP-R36BQBTE,chunk_20260701-0630-LAPTOP-R36BQBTE,False,within_chunk,1,M1-B-4
ses_20260701-063106-LAPTOP-R36BQBTE,33,2026-07-01T06:47:13.390Z,2026-07-01T06:48:06.806Z,53.416,128,chunk_20260701-0630-LAPTOP-R36BQBTE,chunk_20260701-0630-LAPTOP-R36BQBTE,False,within_chunk,3,M1-H-2
ses_20260701-063106-LAPTOP-R36BQBTE,34,2026-07-01T06:48:06.837Z,2026-07-01T06:48:07.470Z,0.633,11,chunk_20260701-0630-LAPTOP-R36BQBTE,chunk_20260701-0630-LAPTOP-R36BQBTE,False,within_chunk,1,M1-N-2
ses_20260701-063106-LAPTOP-R36BQBTE,35,2026-07-01T06:48:10.532Z,2026-07-01T06:48:38.409Z,27.877,34,chunk_20260701-0630-LAPTOP-R36BQBTE,chunk_20260701-0630-LAPTOP-R36BQBTE,False,within_chunk,1,M1-N-2
ses_20260701-063106-LAPTOP-R36BQBTE,36,2026-07-01T06:48:40.219Z,2026-07-01T06:48:48.536Z,8.317,28,chunk_20260701-0630-LAPTOP-R36BQBTE,chunk_20260701-0630-LAPTOP-R36BQBTE,False,within_chunk,1,M1-N-2
ses_20260701-063106-LAPTOP-R36BQBTE,37,2026-07-01T06:48:48.591Z,2026-07-01T06:50:00.544Z,71.953,188,chunk_20260701-0630-LAPTOP-R36BQBTE,chunk_20260701-0630-LAPTOP-R36BQBTE,False,within_chunk,1,M1-H-4
ses_20260701-063106-LAPTOP-R36BQBTE,38,2026-07-01T06:50:07.663Z,2026-07-01T06:50:26.990Z,19.327,46,chunk_20260701-0630-LAPTOP-R36BQBTE,chunk_20260701-0630-LAPTOP-R36BQBTE,False,within_chunk,1,M1-E-3
ses_20260701-063106-LAPTOP-R36BQBTE,39,2026-07-01T06:50:28.961Z,2026-07-01T06:51:10.415Z,41.454,87,chunk_20260701-0630-LAPTOP-R36BQBTE,chunk_20260701-0630-LAPTOP-R36BQBTE,False,within_chunk,2,M1-N-3
ses_20260701-063106-LAPTOP-R36BQBTE,40,2026-07-01T06:52:21.062Z,2026-07-01T06:52:34.654Z,13.592,8,chunk_20260701-0630-LAPTOP-R36BQBTE,chunk_20260701-0630-LAPTOP-R36BQBTE,False,within_chunk,1,M1-N-3
ses_20260701-065151-CHAITANYA0BCF,1,2026-07-01T06:51:51.427Z,2026-07-01T06:52:46.291Z,54.864,27,chunk_20260701-0630-CHAITANYA0BCF,chunk_20260701-0630-CHAITANYA0BCF,False,within_chunk,1,M1-G-1
ses_20260701-065151-CHAITANYA0BCF,2,2026-07-01T06:52:47.348Z,2026-07-01T06:53:07.187Z,19.839,61,chunk_20260701-0630-CHAITANYA0BCF,chunk_20260701-0630-CHAITANYA0BCF,False,within_chunk,1,M1-G-1
ses_20260701-065151-CHAITANYA0BCF,3,2026-07-01T06:53:07.316Z,2026-07-01T06:54:30.271Z,82.955,117,chunk_20260701-0630-CHAITANYA0BCF,chunk_20260701-0630-CHAITANYA0BCF,False,within_chunk,2,M1-C-1
ses_20260701-065151-CHAITANYA0BCF,4,2026-07-01T06:54:43.420Z,2026-07-01T06:55:46.843Z,63.423,103,chunk_20260701-0630-CHAITANYA0BCF,chunk_20260701-0630-CHAITANYA0BCF,False,within_chunk,2,M1-H-1
ses_20260701-065151-CHAITANYA0BCF,5,2026-07-01T06:55:47.345Z,2026-07-01T06:57:07.147Z,79.802,251,chunk_20260701-0630-CHAITANYA0BCF,chunk_20260701-0630-CHAITANYA0BCF,False,within_chunk,2,M1-B-1
ses_20260701-065151-CHAITANYA0BCF,6,2026-07-01T06:57:11.075Z,2026-07-01T06:57:49.864Z,38.789,62,chunk_20260701-0630-CHAITANYA0BCF,chunk_20260701-0630-CHAITANYA0BCF,False,within_chunk,1,M1-N-1
ses_20260701-065151-CHAITANYA0BCF,7,2026-07-01T06:57:50.359Z,2026-07-01T06:58:11.320Z,20.961,77,chunk_20260701-0630-CHAITANYA0BCF,chunk_20260701-0630-CHAITANYA0BCF,False,within_chunk,1,M1-G-2
ses_20260701-065151-CHAITANYA0BCF,8,2026-07-01T06:58:14.816Z,2026-07-01T06:58:37.855Z,23.039,57,chunk_20260701-0630-CHAITANYA0BCF,chunk_20260701-0630-CHAITANYA0BCF,False,within_chunk,1,M1-H-2
ses_20260701-065151-CHAITANYA0BCF,9,2026-07-01T06:58:37.855Z,2026-07-01T06:59:19.319Z,41.464,107,chunk_20260701-0630-CHAITANYA0BCF,chunk_20260701-0630-CHAITANYA0BCF,False,within_chunk,1,M1-B-3
ses_20260701-065151-CHAITANYA0BCF,10,2026-07-01T06:59:19.320Z,2026-07-01T06:59:23.325Z,4.005,6,chunk_20260701-0630-CHAITANYA0BCF,chunk_20260701-0630-CHAITANYA0BCF,False,within_chunk,2,M1-G-3
ses_20260701-065151-CHAITANYA0BCF,11,2026-07-01T06:59:23.357Z,2026-07-01T06:59:42.786Z,19.429,73,chunk_20260701-0630-CHAITANYA0BCF,chunk_20260701-0630-CHAITANYA0BCF,False,within_chunk,1,M1-G-3
ses_20260701-065151-CHAITANYA0BCF,12,2026-07-01T06:59:45.742Z,2026-07-01T07:00:12.083Z,26.341,105,chunk_20260701-0630-CHAITANYA0BCF,chunk_20260701-0700-CHAITANYA0BCF,True,continuation_across_chunk,2,M1-K-1
ses_20260701-065151-CHAITANYA0BCF,13,2026-07-01T07:00:12.604Z,2026-07-01T07:00:44.731Z,32.127,89,chunk_20260701-0700-CHAITANYA0BCF,chunk_20260701-0700-CHAITANYA0BCF,False,within_chunk,2,M1-H-3
ses_20260701-065151-CHAITANYA0BCF,14,2026-07-01T07:00:45.583Z,2026-07-01T07:01:37.725Z,52.142,76,chunk_20260701-0700-CHAITANYA0BCF,chunk_20260701-0700-CHAITANYA0BCF,False,within_chunk,1,M1-I-1
ses_20260701-065151-CHAITANYA0BCF,15,2026-07-01T07:01:38.231Z,2026-07-01T07:02:11.708Z,33.477,82,chunk_20260701-0700-CHAITANYA0BCF,chunk_20260701-0700-CHAITANYA0BCF,False,within_chunk,1,M1-C-2
ses_20260701-065151-CHAITANYA0BCF,16,2026-07-01T07:02:12.208Z,2026-07-01T07:02:40.916Z,28.708,109,chunk_20260701-0700-CHAITANYA0BCF,chunk_20260701-0700-CHAITANYA0BCF,False,within_chunk,1,M1-K-2
ses_20260701-065151-CHAITANYA0BCF,17,2026-07-01T07:02:41.450Z,2026-07-01T07:03:10.222Z,28.772,93,chunk_20260701-0700-CHAITANYA0BCF,chunk_20260701-0700-CHAITANYA0BCF,False,within_chunk,1,M1-H-4
ses_20260701-065151-CHAITANYA0BCF,18,2026-07-01T07:03:10.616Z,2026-07-01T07:03:10.725Z,0.109,4,chunk_20260701-0700-CHAITANYA0BCF,chunk_20260701-0700-CHAITANYA0BCF,False,within_chunk,1,M1-N-2
ses_20260701-065151-CHAITANYA0BCF,19,2026-07-01T07:03:10.788Z,2026-07-01T07:03:43.775Z,32.987,84,chunk_20260701-0700-CHAITANYA0BCF,chunk_20260701-0700-CHAITANYA0BCF,False,within_chunk,1,M1-N-2
ses_20260701-065151-CHAITANYA0BCF,20,2026-07-01T07:03:46.245Z,2026-07-01T07:04:11.424Z,25.179,87,chunk_20260701-0700-CHAITANYA0BCF,chunk_20260701-0700-CHAITANYA0BCF,False,within_chunk,2,M1-B-4
ses_20260701-065151-CHAITANYA0BCF,21,2026-07-01T07:04:11.907Z,2026-07-01T07:04:37.190Z,25.283,77,chunk_20260701-0700-CHAITANYA0BCF,chunk_20260701-0700-CHAITANYA0BCF,False,within_chunk,1,M1-L-2
ses_20260701-065151-CHAITANYA0BCF,22,2026-07-01T07:04:37.262Z,2026-07-01T07:05:32.514Z,55.252,138,chunk_20260701-0700-CHAITANYA0BCF,chunk_20260701-0700-CHAITANYA0BCF,False,within_chunk,1,M1-G-4
ses_20260701-065151-CHAITANYA0BCF,23,2026-07-01T07:05:52.939Z,2026-07-01T07:07:12.152Z,79.213,136,chunk_20260701-0700-CHAITANYA0BCF,chunk_20260701-0700-CHAITANYA0BCF,False,within_chunk,1,M1-I-3
ses_20260701-065151-CHAITANYA0BCF,24,2026-07-01T07:07:15.295Z,2026-07-01T07:08:46.097Z,90.802,314,chunk_20260701-0700-CHAITANYA0BCF,chunk_20260701-0700-CHAITANYA0BCF,False,within_chunk,3,M1-O-1
ses_20260701-065151-CHAITANYA0BCF,25,2026-07-01T07:08:49.552Z,2026-07-01T07:10:09.798Z,80.246,197,chunk_20260701-0700-CHAITANYA0BCF,chunk_20260701-0700-CHAITANYA0BCF,False,within_chunk,1,M1-K-5
ses_20260701-065151-CHAITANYA0BCF,26,2026-07-01T07:10:12.399Z,2026-07-01T07:10:13.051Z,0.652,6,chunk_20260701-0700-CHAITANYA0BCF,chunk_20260701-0700-CHAITANYA0BCF,False,within_chunk,2,M1-J-1
ses_20260701-065151-CHAITANYA0BCF,27,2026-07-01T07:10:13.100Z,2026-07-01T07:10:38.881Z,25.781,100,chunk_20260701-0700-CHAITANYA0BCF,chunk_20260701-0700-CHAITANYA0BCF,False,within_chunk,1,M1-J-1
ses_20260701-065151-CHAITANYA0BCF,28,2026-07-01T07:10:39.321Z,2026-07-01T07:11:20.417Z,41.096,100,chunk_20260701-0700-CHAITANYA0BCF,chunk_20260701-0700-CHAITANYA0BCF,False,within_chunk,1,M1-C-3
ses_20260701-065151-CHAITANYA0BCF,29,2026-07-01T07:11:20.855Z,2026-07-01T07:12:00.547Z,39.692,90,chunk_20260701-0700-CHAITANYA0BCF,chunk_20260701-0700-CHAITANYA0BCF,False,within_chunk,1,M1-N-3
ses_20260701-065151-CHAITANYA0BCF,30,2026-07-01T07:12:01.061Z,2026-07-01T07:12:35.484Z,34.423,99,chunk_20260701-0700-CHAITANYA0BCF,chunk_20260701-0700-CHAITANYA0BCF,False,within_chunk,1,M1-C-4
ses_20260701-065151-CHAITANYA0BCF,31,2026-07-01T07:12:35.936Z,2026-07-01T07:13:00.975Z,25.039,107,chunk_20260701-0700-CHAITANYA0BCF,chunk_20260701-0700-CHAITANYA0BCF,False,within_chunk,1,M1-O-2
ses_20260701-065151-CHAITANYA0BCF,32,2026-07-01T07:13:01.393Z,2026-07-01T07:13:56.630Z,55.237,169,chunk_20260701-0700-CHAITANYA0BCF,chunk_20260701-0700-CHAITANYA0BCF,False,within_chunk,1,M1-J-3
ses_20260701-065151-CHAITANYA0BCF,33,2026-07-01T07:13:57.070Z,2026-07-01T07:16:56.225Z,179.155,109,chunk_20260701-0700-CHAITANYA0BCF,chunk_20260701-0700-CHAITANYA0BCF,False,within_chunk,1,M1-O-3
ses_20260701-070320-JAYESH,1,2026-07-01T07:03:20.759Z,2026-07-01T07:05:01.819Z,101.06,169,chunk_20260701-0700-JAYESH,chunk_20260701-0700-JAYESH,False,within_chunk,1,M1-J-2
ses_20260701-070320-JAYESH,2,2026-07-01T07:05:01.820Z,2026-07-01T07:05:05.757Z,3.937,17,chunk_20260701-0700-JAYESH,chunk_20260701-0700-JAYESH,False,within_chunk,1,M1-J-2
ses_20260701-070320-JAYESH,3,2026-07-01T07:05:05.761Z,2026-07-01T07:05:32.733Z,26.972,85,chunk_20260701-0700-JAYESH,chunk_20260701-0700-JAYESH,False,within_chunk,0,
ses_20260701-070320-JAYESH,4,2026-07-01T07:05:33.117Z,2026-07-01T07:05:33.852Z,0.735,4,chunk_20260701-0700-JAYESH,chunk_20260701-0700-JAYESH,False,within_chunk,0,
ses_20260701-070320-JAYESH,5,2026-07-01T07:05:34.999Z,2026-07-01T07:06:00.351Z,25.352,85,chunk_20260701-0700-JAYESH,chunk_20260701-0700-JAYESH,False,within_chunk,1,M1-K-2
ses_20260701-070320-JAYESH,6,2026-07-01T07:06:00.353Z,2026-07-01T07:06:04.211Z,3.858,18,chunk_20260701-0700-JAYESH,chunk_20260701-0700-JAYESH,False,within_chunk,2,M1-F-1
ses_20260701-070320-JAYESH,7,2026-07-01T07:06:05.088Z,2026-07-01T07:06:25.985Z,20.897,82,chunk_20260701-0700-JAYESH,chunk_20260701-0700-JAYESH,False,within_chunk,1,M1-F-1
ses_20260701-070320-JAYESH,8,2026-07-01T07:06:25.985Z,2026-07-01T07:06:29.743Z,3.758,17,chunk_20260701-0700-JAYESH,chunk_20260701-0700-JAYESH,False,within_chunk,2,M1-M-1
ses_20260701-070320-JAYESH,9,2026-07-01T07:06:29.798Z,2026-07-01T07:07:07.823Z,38.025,89,chunk_20260701-0700-JAYESH,chunk_20260701-0700-JAYESH,False,within_chunk,1,M1-M-1
ses_20260701-070320-JAYESH,10,2026-07-01T07:07:07.825Z,2026-07-01T07:07:43.303Z,35.478,68,chunk_20260701-0700-JAYESH,chunk_20260701-0700-JAYESH,False,within_chunk,2,M1-N-1
ses_20260701-070320-JAYESH,11,2026-07-01T07:07:43.307Z,2026-07-01T07:08:41.222Z,57.915,112,chunk_20260701-0700-JAYESH,chunk_20260701-0700-JAYESH,False,within_chunk,1,M1-N-1
ses_20260701-070320-JAYESH,12,2026-07-01T07:08:41.223Z,2026-07-01T07:08:45.685Z,4.462,7,chunk_20260701-0700-JAYESH,chunk_20260701-0700-JAYESH,False,within_chunk,1,M1-N-1
ses_20260701-070320-JAYESH,13,2026-07-01T07:08:46.134Z,2026-07-01T07:08:46.665Z,0.531,12,chunk_20260701-0700-JAYESH,chunk_20260701-0700-JAYESH,False,within_chunk,1,M1-D-1
ses_20260701-070320-JAYESH,14,2026-07-01T07:08:46.703Z,2026-07-01T07:09:16.839Z,30.136,73,chunk_20260701-0700-JAYESH,chunk_20260701-0700-JAYESH,False,within_chunk,1,M1-D-1
ses_20260701-070320-JAYESH,15,2026-07-01T07:09:16.842Z,2026-07-01T07:09:45.502Z,28.66,17,chunk_20260701-0700-JAYESH,chunk_20260701-0700-JAYESH,False,within_chunk,1,M1-D-1
ses_20260701-070320-JAYESH,16,2026-07-01T07:09:45.519Z,2026-07-01T07:10:25.118Z,39.599,100,chunk_20260701-0700-JAYESH,chunk_20260701-0700-JAYESH,False,within_chunk,1,M1-G-2
ses_20260701-070320-JAYESH,17,2026-07-01T07:10:25.120Z,2026-07-01T07:10:51.411Z,26.291,60,chunk_20260701-0700-JAYESH,chunk_20260701-0700-JAYESH,False,within_chunk,2,M1-H-1
ses_20260701-070320-JAYESH,18,2026-07-01T07:10:51.552Z,2026-07-01T07:11:00.735Z,9.183,11,chunk_20260701-0700-JAYESH,chunk_20260701-0700-JAYESH,False,within_chunk,2,M1-I-1
ses_20260701-070320-JAYESH,19,2026-07-01T07:11:01.934Z,2026-07-01T07:12:01.802Z,59.868,73,chunk_20260701-0700-JAYESH,chunk_20260701-0700-JAYESH,False,within_chunk,1,M1-I-1
ses_20260701-070320-JAYESH,20,2026-07-01T07:12:01.803Z,2026-07-01T07:12:28.753Z,26.95,62,chunk_20260701-0700-JAYESH,chunk_20260701-0700-JAYESH,False,within_chunk,2,M1-F-2
ses_20260701-070320-JAYESH,21,2026-07-01T07:12:28.754Z,2026-07-01T07:12:33.153Z,4.399,17,chunk_20260701-0700-JAYESH,chunk_20260701-0700-JAYESH,False,within_chunk,2,M1-C-1
ses_20260701-070320-JAYESH,22,2026-07-01T07:12:33.164Z,2026-07-01T07:13:07.951Z,34.787,89,chunk_20260701-0700-JAYESH,chunk_20260701-0700-JAYESH,False,within_chunk,1,M1-C-1
ses_20260701-070320-JAYESH,23,2026-07-01T07:13:07.952Z,2026-07-01T07:13:12.390Z,4.438,17,chunk_20260701-0700-JAYESH,chunk_20260701-0700-JAYESH,False,within_chunk,2,M1-I-2
ses_20260701-070320-JAYESH,24,2026-07-01T07:13:12.458Z,2026-07-01T07:13:32.635Z,20.177,38,chunk_20260701-0700-JAYESH,chunk_20260701-0700-JAYESH,False,within_chunk,1,M1-I-2
ses_20260701-070320-JAYESH,25,2026-07-01T07:13:53.162Z,2026-07-01T07:14:15.632Z,22.47,51,chunk_20260701-0700-JAYESH,chunk_20260701-0700-JAYESH,False,within_chunk,1,M1-I-2
ses_20260701-070320-JAYESH,26,2026-07-01T07:14:15.636Z,2026-07-01T07:15:10.383Z,54.747,187,chunk_20260701-0700-JAYESH,chunk_20260701-0700-JAYESH,False,within_chunk,2,M1-A-1
ses_20260701-070320-JAYESH,27,2026-07-01T07:15:10.940Z,2026-07-01T07:15:50.786Z,39.846,90,chunk_20260701-0700-JAYESH,chunk_20260701-0700-JAYESH,False,within_chunk,2,M1-H-2
ses_20260701-070320-JAYESH,28,2026-07-01T07:15:50.787Z,2026-07-01T07:15:54.229Z,3.442,18,chunk_20260701-0700-JAYESH,chunk_20260701-0700-JAYESH,False,within_chunk,2,M1-M-2
ses_20260701-070320-JAYESH,29,2026-07-01T07:15:54.849Z,2026-07-01T07:16:28.247Z,33.398,65,chunk_20260701-0700-JAYESH,chunk_20260701-0700-JAYESH,False,within_chunk,1,M1-M-2
ses_20260701-070320-JAYESH,30,2026-07-01T07:16:28.731Z,2026-07-01T07:16:28.825Z,0.094,5,chunk_20260701-0700-JAYESH,chunk_20260701-0700-JAYESH,False,within_chunk,1,M1-A-2
ses_20260701-070320-JAYESH,31,2026-07-01T07:16:28.871Z,2026-07-01T07:16:53.754Z,24.883,78,chunk_20260701-0700-JAYESH,chunk_20260701-0700-JAYESH,False,within_chunk,1,M1-A-2
ses_20260701-070320-JAYESH,32,2026-07-01T07:16:53.755Z,2026-07-01T07:17:28.107Z,34.352,71,chunk_20260701-0700-JAYESH,chunk_20260701-0700-JAYESH,False,within_chunk,2,M1-C-2
ses_20260701-070320-JAYESH,33,2026-07-01T07:17:28.123Z,2026-07-01T07:18:05.334Z,37.211,89,chunk_20260701-0700-JAYESH,chunk_20260701-0700-JAYESH,False,within_chunk,2,M1-N-2
ses_20260701-070320-JAYESH,34,2026-07-01T07:18:05.334Z,2026-07-01T07:18:09.361Z,4.027,16,chunk_20260701-0700-JAYESH,chunk_20260701-0700-JAYESH,False,within_chunk,2,M1-B-1
ses_20260701-070320-JAYESH,35,2026-07-01T07:18:09.464Z,2026-07-01T07:18:26.403Z,16.939,54,chunk_20260701-0700-JAYESH,chunk_20260701-0700-JAYESH,False,within_chunk,1,M1-B-1
ses_20260701-070320-JAYESH,36,2026-07-01T07:18:26.404Z,2026-07-01T07:18:54.353Z,27.949,63,chunk_20260701-0700-JAYESH,chunk_20260701-0700-JAYESH,False,within_chunk,2,M1-A-3
ses_20260701-070320-JAYESH,37,2026-07-01T07:18:54.355Z,2026-07-01T07:19:26.552Z,32.197,60,chunk_20260701-0700-JAYESH,chunk_20260701-0700-JAYESH,False,within_chunk,2,M1-D-2
ses_20260701-070320-JAYESH,38,2026-07-01T07:19:26.553Z,2026-07-01T07:20:17.851Z,51.298,133,chunk_20260701-0700-JAYESH,chunk_20260701-0700-JAYESH,False,within_chunk,2,M1-A-5
ses_20260701-070320-JAYESH,39,2026-07-01T07:20:17.853Z,2026-07-01T07:20:22.209Z,4.356,16,chunk_20260701-0700-JAYESH,chunk_20260701-0700-JAYESH,False,within_chunk,2,M1-I-3
ses_20260701-070320-JAYESH,40,2026-07-01T07:20:22.216Z,2026-07-01T07:21:23.668Z,61.452,90,chunk_20260701-0700-JAYESH,chunk_20260701-0700-JAYESH,False,within_chunk,1,M1-I-3
ses_20260701-070320-JAYESH,41,2026-07-01T07:21:23.669Z,2026-07-01T07:21:27.805Z,4.136,17,chunk_20260701-0700-JAYESH,chunk_20260701-0700-JAYESH,False,within_chunk,2,M1-B-2
ses_20260701-070320-JAYESH,42,2026-07-01T07:21:27.856Z,2026-07-01T07:21:48.584Z,20.728,61,chunk_20260701-0700-JAYESH,chunk_20260701-0700-JAYESH,False,within_chunk,1,M1-B-2
ses_20260701-070320-JAYESH,43,2026-07-01T07:21:48.585Z,2026-07-01T07:22:30.619Z,42.034,66,chunk_20260701-0700-JAYESH,chunk_20260701-0700-JAYESH,False,within_chunk,2,M1-C-3
ses_20260701-070320-JAYESH,44,2026-07-01T07:22:30.620Z,2026-07-01T07:22:34.755Z,4.135,17,chunk_20260701-0700-JAYESH,chunk_20260701-0700-JAYESH,False,within_chunk,2,M1-H-3
ses_20260701-070320-JAYESH,45,2026-07-01T07:22:34.798Z,2026-07-01T07:23:00.471Z,25.673,91,chunk_20260701-0700-JAYESH,chunk_20260701-0700-JAYESH,False,within_chunk,1,M1-H-3
ses_20260701-070320-JAYESH,46,2026-07-01T07:23:00.473Z,2026-07-01T07:23:04.762Z,4.289,16,chunk_20260701-0700-JAYESH,chunk_20260701-0700-JAYESH,False,within_chunk,2,M1-M-3
ses_20260701-070320-JAYESH,47,2026-07-01T07:23:04.787Z,2026-07-01T07:23:43.543Z,38.756,85,chunk_20260701-0700-JAYESH,chunk_20260701-0700-JAYESH,False,within_chunk,1,M1-M-3
ses_20260701-070320-JAYESH,48,2026-07-01T07:23:45.781Z,2026-07-01T07:23:46.916Z,1.135,14,chunk_20260701-0700-JAYESH,chunk_20260701-0700-JAYESH,False,within_chunk,2,M1-F-3
ses_20260701-070320-JAYESH,49,2026-07-01T07:23:46.941Z,2026-07-01T07:24:12.487Z,25.546,91,chunk_20260701-0700-JAYESH,chunk_20260701-0700-JAYESH,False,within_chunk,1,M1-F-3
ses_20260701-070320-JAYESH,50,2026-07-01T07:24:12.488Z,2026-07-01T07:24:16.419Z,3.931,17,chunk_20260701-0700-JAYESH,chunk_20260701-0700-JAYESH,False,within_chunk,2,M1-N-3
ses_20260701-070320-JAYESH,51,2026-07-01T07:24:16.433Z,2026-07-01T07:24:49.068Z,32.635,71,chunk_20260701-0700-JAYESH,chunk_20260701-0700-JAYESH,False,within_chunk,1,M1-N-3
ses_20260701-070320-JAYESH,52,2026-07-01T07:24:49.069Z,2026-07-01T07:24:53.243Z,4.174,15,chunk_20260701-0700-JAYESH,chunk_20260701-0700-JAYESH,False,within_chunk,2,M1-D-3
ses_20260701-070320-JAYESH,53,2026-07-01T07:24:53.263Z,2026-07-01T07:25:25.268Z,32.005,75,chunk_20260701-0700-JAYESH,chunk_20260701-0700-JAYESH,False,within_chunk,1,M1-D-3
ses_20260701-070320-JAYESH,54,2026-07-01T07:25:27.558Z,2026-07-01T07:25:28.671Z,1.113,14,chunk_20260701-0700-JAYESH,chunk_20260701-0700-JAYESH,False,within_chunk,2,M1-K-3
ses_20260701-070320-JAYESH,55,2026-07-01T07:25:28.728Z,2026-07-01T07:25:53.367Z,24.639,71,chunk_20260701-0700-JAYESH,chunk_20260701-0700-JAYESH,False,within_chunk,1,M1-K-3
ses_20260701-070320-JAYESH,56,2026-07-01T07:25:53.850Z,2026-07-01T07:26:20.130Z,26.28,106,chunk_20260701-0700-JAYESH,chunk_20260701-0700-JAYESH,False,within_chunk,1,M1-F-4
ses_20260701-070320-JAYESH,57,2026-07-01T07:26:20.292Z,2026-07-01T07:27:02.359Z,42.067,75,chunk_20260701-0700-JAYESH,chunk_20260701-0700-JAYESH,False,within_chunk,2,M1-H-4
ses_20260701-070320-JAYESH,58,2026-07-01T07:27:16.262Z,2026-07-01T07:27:45.986Z,29.724,109,chunk_20260701-0700-JAYESH,chunk_20260701-0700-JAYESH,False,within_chunk,2,M1-K-4
ses_20260701-070320-JAYESH,59,2026-07-01T07:27:47.423Z,2026-07-01T07:28:19.000Z,31.577,66,chunk_20260701-0700-JAYESH,chunk_20260701-0700-JAYESH,False,within_chunk,2,M1-G-3
ses_20260701-070320-JAYESH,60,2026-07-01T07:28:19.001Z,2026-07-01T07:28:23.050Z,4.049,18,chunk_20260701-0700-JAYESH,chunk_20260701-0700-JAYESH,False,within_chunk,2,M1-B-3
ses_20260701-070320-JAYESH,61,2026-07-01T07:28:24.055Z,2026-07-01T07:28:39.904Z,15.849,51,chunk_20260701-0700-JAYESH,chunk_20260701-0700-JAYESH,False,within_chunk,1,M1-B-3
ses_20260701-070320-JAYESH,62,2026-07-01T07:28:39.905Z,2026-07-01T07:28:43.958Z,4.053,17,chunk_20260701-0700-JAYESH,chunk_20260701-0700-JAYESH,False,within_chunk,2,M1-J-3
ses_20260701-070320-JAYESH,63,2026-07-01T07:28:44.009Z,2026-07-01T07:29:10.364Z,26.355,78,chunk_20260701-0700-JAYESH,chunk_20260701-0700-JAYESH,False,within_chunk,1,M1-J-3
ses_20260701-070320-JAYESH,64,2026-07-01T07:29:10.840Z,2026-07-01T07:29:34.012Z,23.172,91,chunk_20260701-0700-JAYESH,chunk_20260701-0700-JAYESH,False,within_chunk,1,M1-B-4
ses_20260701-070320-JAYESH,65,2026-07-01T07:29:35.040Z,2026-07-01T07:29:56.251Z,21.211,33,chunk_20260701-0700-JAYESH,chunk_20260701-0700-JAYESH,False,within_chunk,1,M1-B-4
ses_20260701-071849-Marcos,1,2026-07-01T07:18:49.937Z,2026-07-01T07:20:02.880Z,72.943,90,chunk_20260701-0700-Marcos,chunk_20260701-0700-Marcos,False,within_chunk,1,M1-F-1
ses_20260701-071849-Marcos,2,2026-07-01T07:20:05.563Z,2026-07-01T07:20:28.159Z,22.596,71,chunk_20260701-0700-Marcos,chunk_20260701-0700-Marcos,False,within_chunk,2,M1-B-1
ses_20260701-071849-Marcos,3,2026-07-01T07:21:00.929Z,2026-07-01T07:21:33.728Z,32.799,77,chunk_20260701-0700-Marcos,chunk_20260701-0700-Marcos,False,within_chunk,1,M1-C-1
ses_20260701-071849-Marcos,4,2026-07-01T07:21:34.228Z,2026-07-01T07:23:12.163Z,97.935,162,chunk_20260701-0700-Marcos,chunk_20260701-0700-Marcos,False,within_chunk,1,M1-F-3
ses_20260701-071849-Marcos,5,2026-07-01T07:23:25.381Z,2026-07-01T07:23:26.533Z,1.152,4,chunk_20260701-0700-Marcos,chunk_20260701-0700-Marcos,False,within_chunk,1,M1-F-3
ses_20260701-071849-Marcos,6,2026-07-01T07:23:44.179Z,2026-07-01T07:26:07.448Z,143.269,96,chunk_20260701-0700-Marcos,chunk_20260701-0700-Marcos,False,within_chunk,2,M1-I-1
ses_20260701-071849-Marcos,7,2026-07-01T07:26:19.035Z,2026-07-01T07:26:59.639Z,40.604,69,chunk_20260701-0700-Marcos,chunk_20260701-0700-Marcos,False,within_chunk,2,M1-L-1
ses_20260701-071849-Marcos,8,2026-07-01T07:27:01.877Z,2026-07-01T07:28:00.474Z,58.597,106,chunk_20260701-0700-Marcos,chunk_20260701-0700-Marcos,False,within_chunk,2,M1-I-2
ses_20260701-071849-Marcos,9,2026-07-01T07:28:00.929Z,2026-07-01T07:28:24.284Z,23.355,84,chunk_20260701-0700-Marcos,chunk_20260701-0700-Marcos,False,within_chunk,1,M1-E-1
ses_20260701-071849-Marcos,10,2026-07-01T07:28:24.789Z,2026-07-01T07:29:50.806Z,86.017,150,chunk_20260701-0700-Marcos,chunk_20260701-0700-Marcos,False,within_chunk,2,M1-I-3
ses_20260701-071849-Marcos,11,2026-07-01T07:29:51.325Z,2026-07-01T07:30:26.527Z,35.202,80,chunk_20260701-0700-Marcos,chunk_20260701-0730-Marcos,True,continuation_across_chunk,1,M1-C-2
ses_20260701-071849-Marcos,12,2026-07-01T07:30:27.108Z,2026-07-01T07:30:56.744Z,29.636,104,chunk_20260701-0730-Marcos,chunk_20260701-0730-Marcos,False,within_chunk,1,M1-O-1
ses_20260701-071849-Marcos,13,2026-07-01T07:30:57.198Z,2026-07-01T07:32:53.571Z,116.373,142,chunk_20260701-0730-Marcos,chunk_20260701-0730-Marcos,False,within_chunk,2,M1-C-3
ses_20260701-071849-Marcos,14,2026-07-01T07:32:54.089Z,2026-07-01T07:34:38.921Z,104.832,216,chunk_20260701-0730-Marcos,chunk_20260701-0730-Marcos,False,within_chunk,1,M1-M-3
ses_20260701-071849-Marcos,15,2026-07-01T07:34:39.022Z,2026-07-01T07:34:40.101Z,1.079,14,chunk_20260701-0730-Marcos,chunk_20260701-0730-Marcos,False,within_chunk,2,M1-C-4
ses_20260701-071849-Marcos,16,2026-07-01T07:34:40.875Z,2026-07-01T07:35:22.346Z,41.471,66,chunk_20260701-0730-Marcos,chunk_20260701-0730-Marcos,False,within_chunk,1,M1-C-4
ses_20260701-071849-Marcos,17,2026-07-01T07:35:22.902Z,2026-07-01T07:35:22.965Z,0.063,4,chunk_20260701-0730-Marcos,chunk_20260701-0730-Marcos,False,within_chunk,1,M1-M-4
ses_20260701-071849-Marcos,18,2026-07-01T07:35:22.986Z,2026-07-01T07:35:55.215Z,32.229,88,chunk_20260701-0730-Marcos,chunk_20260701-0730-Marcos,False,within_chunk,1,M1-M-4
ses_20260701-071849-Marcos,19,2026-07-01T07:35:59.391Z,2026-07-01T07:36:19.921Z,20.53,46,chunk_20260701-0730-Marcos,chunk_20260701-0730-Marcos,False,within_chunk,1,M1-L-2
ses_20260701-071849-Marcos,20,2026-07-01T07:36:22.428Z,2026-07-01T07:36:50.246Z,27.818,90,chunk_20260701-0730-Marcos,chunk_20260701-0730-Marcos,False,within_chunk,3,M1-E-2
ses_20260701-071849-Marcos,21,2026-07-01T07:36:50.258Z,2026-07-01T07:37:09.007Z,18.749,63,chunk_20260701-0730-Marcos,chunk_20260701-0730-Marcos,False,within_chunk,1,M1-L-3
ses_20260701-071849-Marcos,22,2026-07-01T07:37:11.782Z,2026-07-01T07:37:29.468Z,17.686,69,chunk_20260701-0730-Marcos,chunk_20260701-0730-Marcos,False,within_chunk,1,M1-L-3
ses_20260701-071849-Marcos,23,2026-07-01T07:37:35.440Z,2026-07-01T07:37:47.928Z,12.488,34,chunk_20260701-0730-Marcos,chunk_20260701-0730-Marcos,False,within_chunk,1,M1-G-3
ses_20260701-071849-Marcos,24,2026-07-01T07:37:47.929Z,2026-07-01T07:37:51.455Z,3.526,7,chunk_20260701-0730-Marcos,chunk_20260701-0730-Marcos,False,within_chunk,2,M1-O-2
ses_20260701-071849-Marcos,25,2026-07-01T07:37:51.456Z,2026-07-01T07:38:13.650Z,22.194,89,chunk_20260701-0730-Marcos,chunk_20260701-0730-Marcos,False,within_chunk,1,M1-O-2
ses_20260701-071849-Marcos,26,2026-07-01T07:38:16.624Z,2026-07-01T07:38:39.029Z,22.405,75,chunk_20260701-0730-Marcos,chunk_20260701-0730-Marcos,False,within_chunk,2,M1-B-3
ses_20260701-071849-Marcos,27,2026-07-01T07:39:28.235Z,2026-07-01T07:39:50.120Z,21.885,81,chunk_20260701-0730-Marcos,chunk_20260701-0730-Marcos,False,within_chunk,2,M1-L-4
ses_20260701-071849-Marcos,28,2026-07-01T07:39:53.458Z,2026-07-01T07:40:20.955Z,27.497,79,chunk_20260701-0730-Marcos,chunk_20260701-0730-Marcos,False,within_chunk,1,M1-O-3
ses_20260701-071849-Marcos,29,2026-07-01T07:40:21.464Z,2026-07-01T07:41:08.822Z,47.358,104,chunk_20260701-0730-Marcos,chunk_20260701-0730-Marcos,False,within_chunk,1,M1-E-3
ses_20260701-072319-MSI,1,2026-07-01T07:23:19.696Z,2026-07-01T07:23:36.024Z,16.328,49,chunk_20260701-0700-MSI,chunk_20260701-0700-MSI,False,within_chunk,0,
ses_20260701-072319-MSI,2,2026-07-01T07:24:31.127Z,2026-07-01T07:25:07.522Z,36.395,82,chunk_20260701-0700-MSI,chunk_20260701-0700-MSI,False,within_chunk,1,M1-M-1
ses_20260701-072319-MSI,3,2026-07-01T07:25:08.035Z,2026-07-01T07:25:44.485Z,36.45,97,chunk_20260701-0700-MSI,chunk_20260701-0700-MSI,False,within_chunk,1,M1-C-1
ses_20260701-072319-MSI,4,2026-07-01T07:25:48.165Z,2026-07-01T07:26:26.700Z,38.535,84,chunk_20260701-0700-MSI,chunk_20260701-0700-MSI,False,within_chunk,1,M1-B-2
ses_20260701-072319-MSI,5,2026-07-01T07:26:26.702Z,2026-07-01T07:26:55.813Z,29.111,94,chunk_20260701-0700-MSI,chunk_20260701-0700-MSI,False,within_chunk,2,M1-F-1
ses_20260701-072319-MSI,6,2026-07-01T07:26:58.086Z,2026-07-01T07:27:38.443Z,40.357,98,chunk_20260701-0700-MSI,chunk_20260701-0700-MSI,False,within_chunk,2,M1-C-2
ses_20260701-072319-MSI,7,2026-07-01T07:27:42.218Z,2026-07-01T07:29:01.129Z,78.911,189,chunk_20260701-0700-MSI,chunk_20260701-0700-MSI,False,within_chunk,2,M1-A-2
ses_20260701-072319-MSI,8,2026-07-01T07:29:05.145Z,2026-07-01T07:29:44.810Z,39.665,54,chunk_20260701-0700-MSI,chunk_20260701-0700-MSI,False,within_chunk,1,M1-C-3
ses_20260701-072319-MSI,9,2026-07-01T07:29:45.346Z,2026-07-01T07:30:35.948Z,50.602,109,chunk_20260701-0700-MSI,chunk_20260701-0730-MSI,True,continuation_across_chunk,2,M1-M-2
ses_20260701-072319-MSI,10,2026-07-01T07:30:55.132Z,2026-07-01T07:31:03.565Z,8.433,46,chunk_20260701-0730-MSI,chunk_20260701-0730-MSI,False,within_chunk,1,M1-N-1
ses_20260701-072319-MSI,11,2026-07-01T07:31:07.981Z,2026-07-01T07:31:44.316Z,36.335,52,chunk_20260701-0730-MSI,chunk_20260701-0730-MSI,False,within_chunk,1,M1-M-3
ses_20260701-072319-MSI,12,2026-07-01T07:31:47.008Z,2026-07-01T07:32:16.057Z,29.049,117,chunk_20260701-0730-MSI,chunk_20260701-0730-MSI,False,within_chunk,2,M1-A-3
ses_20260701-072319-MSI,13,2026-07-01T07:32:34.685Z,2026-07-01T07:32:35.460Z,0.775,5,chunk_20260701-0730-MSI,chunk_20260701-0730-MSI,False,within_chunk,1,M1-A-3
ses_20260701-072319-MSI,14,2026-07-01T07:33:08.298Z,2026-07-01T07:33:09.226Z,0.928,5,chunk_20260701-0730-MSI,chunk_20260701-0730-MSI,False,within_chunk,1,M1-A-3
ses_20260701-072319-MSI,15,2026-07-01T07:33:26.797Z,2026-07-01T07:33:47.448Z,20.651,7,chunk_20260701-0730-MSI,chunk_20260701-0730-MSI,False,within_chunk,1,M1-A-3
ses_20260701-072319-MSI,16,2026-07-01T07:33:59.947Z,2026-07-01T07:34:21.754Z,21.807,12,chunk_20260701-0730-MSI,chunk_20260701-0730-MSI,False,within_chunk,2,M1-A-3
ses_20260701-072319-MSI,17,2026-07-01T07:34:21.811Z,2026-07-01T07:35:20.876Z,59.065,171,chunk_20260701-0730-MSI,chunk_20260701-0730-MSI,False,within_chunk,1,M1-C-4
ses_20260701-072319-MSI,18,2026-07-01T07:35:30.122Z,2026-07-01T07:36:07.944Z,37.822,92,chunk_20260701-0730-MSI,chunk_20260701-0730-MSI,False,within_chunk,2,M1-N-2
ses_20260701-072319-MSI,19,2026-07-01T07:36:12.008Z,2026-07-01T07:36:34.455Z,22.447,62,chunk_20260701-0730-MSI,chunk_20260701-0730-MSI,False,within_chunk,1,M1-O-1
ses_20260701-072319-MSI,20,2026-07-01T07:36:34.538Z,2026-07-01T07:37:14.360Z,39.822,72,chunk_20260701-0730-MSI,chunk_20260701-0730-MSI,False,within_chunk,2,M1-M-4
ses_20260701-072319-MSI,21,2026-07-01T07:37:14.883Z,2026-07-01T07:37:35.839Z,20.956,80,chunk_20260701-0730-MSI,chunk_20260701-0730-MSI,False,within_chunk,1,M1-F-2
ses_20260701-072319-MSI,22,2026-07-01T07:37:38.895Z,2026-07-01T07:38:34.641Z,55.746,142,chunk_20260701-0730-MSI,chunk_20260701-0730-MSI,False,within_chunk,2,M1-D-2
ses_20260701-072319-MSI,23,2026-07-01T07:38:38.881Z,2026-07-01T07:39:17.980Z,39.099,93,chunk_20260701-0730-MSI,chunk_20260701-0730-MSI,False,within_chunk,1,M1-B-4
ses_20260701-072319-MSI,24,2026-07-01T07:39:18.491Z,2026-07-01T07:39:42.770Z,24.279,99,chunk_20260701-0730-MSI,chunk_20260701-0730-MSI,False,within_chunk,1,M1-F-3
ses_20260701-072319-MSI,25,2026-07-01T07:39:42.844Z,2026-07-01T07:40:17.526Z,34.682,87,chunk_20260701-0730-MSI,chunk_20260701-0730-MSI,False,within_chunk,2,M1-D-3
ses_20260701-072319-MSI,26,2026-07-01T07:40:20.800Z,2026-07-01T07:40:57.371Z,36.571,89,chunk_20260701-0730-MSI,chunk_20260701-0730-MSI,False,within_chunk,2,M1-N-3
ses_20260701-072319-MSI,27,2026-07-01T07:40:57.885Z,2026-07-01T07:41:22.670Z,24.785,88,chunk_20260701-0730-MSI,chunk_20260701-0730-MSI,False,within_chunk,1,M1-F-4
ses_20260701-072319-MSI,28,2026-07-01T07:41:25.165Z,2026-07-01T07:42:23.733Z,58.568,170,chunk_20260701-0730-MSI,chunk_20260701-0730-MSI,False,within_chunk,2,M1-E-2
ses_20260701-072319-MSI,29,2026-07-01T07:42:24.173Z,2026-07-01T07:42:45.125Z,20.952,96,chunk_20260701-0730-MSI,chunk_20260701-0730-MSI,False,within_chunk,1,M1-F-5
ses_20260701-072319-MSI,30,2026-07-01T07:42:45.126Z,2026-07-01T07:43:19.812Z,34.686,98,chunk_20260701-0730-MSI,chunk_20260701-0730-MSI,False,within_chunk,2,M1-E-3
ses_20260701-072319-MSI,31,2026-07-01T07:43:23.119Z,2026-07-01T07:44:28.057Z,64.938,186,chunk_20260701-0730-MSI,chunk_20260701-0730-MSI,False,within_chunk,2,M1-O-3
ses_20260701-072319-MSI,32,2026-07-01T07:49:18.367Z,2026-07-01T07:49:24.588Z,6.221,14,chunk_20260701-0730-MSI,chunk_20260701-0730-MSI,False,within_chunk,0,
ses_20260701-072435-CHAITANYA0BCF,1,2026-07-01T07:24:35.424Z,2026-07-01T07:25:50.395Z,74.971,90,chunk_20260701-0700-CHAITANYA0BCF,chunk_20260701-0700-CHAITANYA0BCF,False,within_chunk,1,M1-H-1
ses_20260701-072435-CHAITANYA0BCF,2,2026-07-01T07:25:54.426Z,2026-07-01T07:26:13.833Z,19.407,48,chunk_20260701-0700-CHAITANYA0BCF,chunk_20260701-0700-CHAITANYA0BCF,False,within_chunk,1,M1-G-1
ses_20260701-072435-CHAITANYA0BCF,3,2026-07-01T07:26:17.684Z,2026-07-01T07:27:42.099Z,84.415,158,chunk_20260701-0700-CHAITANYA0BCF,chunk_20260701-0700-CHAITANYA0BCF,False,within_chunk,2,M1-I-1
ses_20260701-072435-CHAITANYA0BCF,4,2026-07-01T07:27:42.626Z,2026-07-01T07:28:19.598Z,36.972,109,chunk_20260701-0700-CHAITANYA0BCF,chunk_20260701-0700-CHAITANYA0BCF,False,within_chunk,1,M1-M-1
ses_20260701-072435-CHAITANYA0BCF,5,2026-07-01T07:28:20.065Z,2026-07-01T07:28:44.862Z,24.797,86,chunk_20260701-0700-CHAITANYA0BCF,chunk_20260701-0700-CHAITANYA0BCF,False,within_chunk,1,M1-J-2
ses_20260701-072435-CHAITANYA0BCF,6,2026-07-01T07:28:45.365Z,2026-07-01T07:29:03.475Z,18.11,70,chunk_20260701-0700-CHAITANYA0BCF,chunk_20260701-0700-CHAITANYA0BCF,False,within_chunk,1,M1-L-1
ses_20260701-072435-CHAITANYA0BCF,7,2026-07-01T07:29:05.742Z,2026-07-01T07:29:22.772Z,17.03,69,chunk_20260701-0700-CHAITANYA0BCF,chunk_20260701-0700-CHAITANYA0BCF,False,within_chunk,2,M1-G-2
ses_20260701-072435-CHAITANYA0BCF,8,2026-07-01T07:29:22.835Z,2026-07-01T07:29:46.678Z,23.843,78,chunk_20260701-0700-CHAITANYA0BCF,chunk_20260701-0700-CHAITANYA0BCF,False,within_chunk,2,M1-L-2
ses_20260701-072435-CHAITANYA0BCF,9,2026-07-01T07:29:49.391Z,2026-07-01T07:30:44.271Z,54.88,175,chunk_20260701-0700-CHAITANYA0BCF,chunk_20260701-0730-CHAITANYA0BCF,True,continuation_across_chunk,2,M1-H-3
ses_20260701-072435-CHAITANYA0BCF,10,2026-07-01T07:30:44.379Z,2026-07-01T07:30:58.588Z,14.209,12,chunk_20260701-0730-CHAITANYA0BCF,chunk_20260701-0730-CHAITANYA0BCF,False,within_chunk,2,M1-J-3
ses_20260701-072435-CHAITANYA0BCF,11,2026-07-01T07:31:08.185Z,2026-07-01T07:31:28.516Z,20.331,60,chunk_20260701-0730-CHAITANYA0BCF,chunk_20260701-0730-CHAITANYA0BCF,False,within_chunk,1,M1-J-3
ses_20260701-072435-CHAITANYA0BCF,12,2026-07-01T07:31:31.332Z,2026-07-01T07:31:59.257Z,27.925,114,chunk_20260701-0730-CHAITANYA0BCF,chunk_20260701-0730-CHAITANYA0BCF,False,within_chunk,1,M1-J-3
ses_20260701-072435-CHAITANYA0BCF,13,2026-07-01T07:32:17.272Z,2026-07-01T07:32:57.109Z,39.837,66,chunk_20260701-0730-CHAITANYA0BCF,chunk_20260701-0730-CHAITANYA0BCF,False,within_chunk,1,M1-K-2
ses_20260701-072435-CHAITANYA0BCF,14,2026-07-01T07:33:23.983Z,2026-07-01T07:33:47.157Z,23.174,78,chunk_20260701-0730-CHAITANYA0BCF,chunk_20260701-0730-CHAITANYA0BCF,False,within_chunk,1,M1-G-3
ses_20260701-072435-CHAITANYA0BCF,15,2026-07-01T07:33:50.513Z,2026-07-01T07:34:45.723Z,55.21,164,chunk_20260701-0730-CHAITANYA0BCF,chunk_20260701-0730-CHAITANYA0BCF,False,within_chunk,2,M1-A-2
ses_20260701-072435-CHAITANYA0BCF,16,2026-07-01T07:34:46.160Z,2026-07-01T07:35:06.570Z,20.41,97,chunk_20260701-0730-CHAITANYA0BCF,chunk_20260701-0730-CHAITANYA0BCF,False,within_chunk,1,M1-G-4
ses_20260701-072435-CHAITANYA0BCF,17,2026-07-01T07:35:06.571Z,2026-07-01T07:35:38.144Z,31.573,59,chunk_20260701-0730-CHAITANYA0BCF,chunk_20260701-0730-CHAITANYA0BCF,False,within_chunk,2,M1-H-4
ses_20260701-072435-CHAITANYA0BCF,18,2026-07-01T07:35:38.605Z,2026-07-01T07:35:38.707Z,0.102,4,chunk_20260701-0730-CHAITANYA0BCF,chunk_20260701-0730-CHAITANYA0BCF,False,within_chunk,1,M1-L-3
ses_20260701-072435-CHAITANYA0BCF,19,2026-07-01T07:35:38.761Z,2026-07-01T07:36:03.085Z,24.324,73,chunk_20260701-0730-CHAITANYA0BCF,chunk_20260701-0730-CHAITANYA0BCF,False,within_chunk,1,M1-L-3
ses_20260701-072435-CHAITANYA0BCF,20,2026-07-01T07:36:03.217Z,2026-07-01T07:36:25.637Z,22.42,54,chunk_20260701-0730-CHAITANYA0BCF,chunk_20260701-0730-CHAITANYA0BCF,False,within_chunk,2,M1-I-2
ses_20260701-072435-CHAITANYA0BCF,21,2026-07-01T07:36:37.809Z,2026-07-01T07:37:03.509Z,25.7,54,chunk_20260701-0730-CHAITANYA0BCF,chunk_20260701-0730-CHAITANYA0BCF,False,within_chunk,1,M1-I-2
ses_20260701-072435-CHAITANYA0BCF,22,2026-07-01T07:37:04.036Z,2026-07-01T07:37:27.691Z,23.655,83,chunk_20260701-0730-CHAITANYA0BCF,chunk_20260701-0730-CHAITANYA0BCF,False,within_chunk,1,M1-K-3
ses_20260701-072435-CHAITANYA0BCF,23,2026-07-01T07:37:39.591Z,2026-07-01T07:37:39.658Z,0.067,5,chunk_20260701-0730-CHAITANYA0BCF,chunk_20260701-0730-CHAITANYA0BCF,False,within_chunk,1,M1-K-3
ses_20260701-072435-CHAITANYA0BCF,24,2026-07-01T07:38:08.844Z,2026-07-01T07:38:32.155Z,23.311,76,chunk_20260701-0730-CHAITANYA0BCF,chunk_20260701-0730-CHAITANYA0BCF,False,within_chunk,1,M1-L-4
ses_20260701-072435-CHAITANYA0BCF,25,2026-07-01T07:38:35.523Z,2026-07-01T07:38:35.568Z,0.045,5,chunk_20260701-0730-CHAITANYA0BCF,chunk_20260701-0730-CHAITANYA0BCF,False,within_chunk,1,M1-I-3
ses_20260701-072435-CHAITANYA0BCF,26,2026-07-01T07:38:35.602Z,2026-07-01T07:39:39.124Z,63.522,114,chunk_20260701-0730-CHAITANYA0BCF,chunk_20260701-0730-CHAITANYA0BCF,False,within_chunk,1,M1-I-3
ses_20260701-072435-CHAITANYA0BCF,27,2026-07-01T07:39:39.146Z,2026-07-01T07:40:04.090Z,24.944,86,chunk_20260701-0730-CHAITANYA0BCF,chunk_20260701-0730-CHAITANYA0BCF,False,within_chunk,0,
ses_20260701-072435-CHAITANYA0BCF,28,2026-07-01T07:40:24.286Z,2026-07-01T07:41:03.402Z,39.116,82,chunk_20260701-0730-CHAITANYA0BCF,chunk_20260701-0730-CHAITANYA0BCF,False,within_chunk,1,M1-K-5
ses_20260701-072435-CHAITANYA0BCF,29,2026-07-01T07:41:37.481Z,2026-07-01T07:41:38.162Z,0.681,5,chunk_20260701-0730-CHAITANYA0BCF,chunk_20260701-0730-CHAITANYA0BCF,False,within_chunk,1,M1-K-5
ses_20260701-072435-CHAITANYA0BCF,30,2026-07-01T07:41:38.189Z,2026-07-01T07:42:50.018Z,71.829,165,chunk_20260701-0730-CHAITANYA0BCF,chunk_20260701-0730-CHAITANYA0BCF,False,within_chunk,1,M1-C-2
ses_20260701-072435-CHAITANYA0BCF,31,2026-07-01T07:42:50.431Z,2026-07-01T07:43:59.835Z,69.404,174,chunk_20260701-0730-CHAITANYA0BCF,chunk_20260701-0730-CHAITANYA0BCF,False,within_chunk,1,M1-M-3
ses_20260701-072435-CHAITANYA0BCF,32,2026-07-01T07:44:00.332Z,2026-07-01T07:44:30.717Z,30.385,98,chunk_20260701-0730-CHAITANYA0BCF,chunk_20260701-0730-CHAITANYA0BCF,False,within_chunk,1,M1-A-3
ses_20260701-072435-CHAITANYA0BCF,33,2026-07-01T07:45:43.769Z,2026-07-01T07:46:59.177Z,75.408,139,chunk_20260701-0730-CHAITANYA0BCF,chunk_20260701-0730-CHAITANYA0BCF,False,within_chunk,2,M1-C-4
ses_20260701-072435-CHAITANYA0BCF,34,2026-07-01T07:47:03.161Z,2026-07-01T07:48:13.183Z,70.022,152,chunk_20260701-0730-CHAITANYA0BCF,chunk_20260701-0730-CHAITANYA0BCF,False,within_chunk,1,M1-A-5
ses_20260701-074424-SIDDHIGUPTAB00B,1,2026-07-01T07:44:24.948Z,2026-07-01T07:45:39.499Z,74.551,77,chunk_20260701-0730-SIDDHIGUPTAB00B,chunk_20260701-0730-SIDDHIGUPTAB00B,False,within_chunk,1,M1-G-1
ses_20260701-074424-SIDDHIGUPTAB00B,2,2026-07-01T07:45:40.234Z,2026-07-01T07:46:10.179Z,29.945,83,chunk_20260701-0730-SIDDHIGUPTAB00B,chunk_20260701-0730-SIDDHIGUPTAB00B,False,within_chunk,1,M1-K-1
ses_20260701-074424-SIDDHIGUPTAB00B,3,2026-07-01T07:46:10.652Z,2026-07-01T07:46:10.786Z,0.134,5,chunk_20260701-0730-SIDDHIGUPTAB00B,chunk_20260701-0730-SIDDHIGUPTAB00B,False,within_chunk,1,M1-B-1
ses_20260701-074424-SIDDHIGUPTAB00B,4,2026-07-01T07:46:10.857Z,2026-07-01T07:46:32.273Z,21.416,70,chunk_20260701-0730-SIDDHIGUPTAB00B,chunk_20260701-0730-SIDDHIGUPTAB00B,False,within_chunk,1,M1-B-1
ses_20260701-074424-SIDDHIGUPTAB00B,5,2026-07-01T07:47:03.884Z,2026-07-01T07:47:04.519Z,0.635,8,chunk_20260701-0730-SIDDHIGUPTAB00B,chunk_20260701-0730-SIDDHIGUPTAB00B,False,within_chunk,1,M1-H-1
ses_20260701-074424-SIDDHIGUPTAB00B,6,2026-07-01T07:47:04.596Z,2026-07-01T07:47:34.918Z,30.322,95,chunk_20260701-0730-SIDDHIGUPTAB00B,chunk_20260701-0730-SIDDHIGUPTAB00B,False,within_chunk,1,M1-H-1
ses_20260701-074424-SIDDHIGUPTAB00B,7,2026-07-01T07:47:35.440Z,2026-07-01T07:47:54.036Z,18.596,64,chunk_20260701-0730-SIDDHIGUPTAB00B,chunk_20260701-0730-SIDDHIGUPTAB00B,False,within_chunk,1,M1-B-2
ses_20260701-074424-SIDDHIGUPTAB00B,8,2026-07-01T07:48:16.786Z,2026-07-01T07:48:16.852Z,0.066,4,chunk_20260701-0730-SIDDHIGUPTAB00B,chunk_20260701-0730-SIDDHIGUPTAB00B,False,within_chunk,0,
ses_20260701-074424-SIDDHIGUPTAB00B,9,2026-07-01T07:48:16.941Z,2026-07-01T07:48:50.731Z,33.79,121,chunk_20260701-0730-SIDDHIGUPTAB00B,chunk_20260701-0730-SIDDHIGUPTAB00B,False,within_chunk,1,M1-I-1
ses_20260701-074424-SIDDHIGUPTAB00B,10,2026-07-01T07:49:08.831Z,2026-07-01T07:49:38.078Z,29.247,49,chunk_20260701-0730-SIDDHIGUPTAB00B,chunk_20260701-0730-SIDDHIGUPTAB00B,False,within_chunk,1,M1-I-1
ses_20260701-074424-SIDDHIGUPTAB00B,11,2026-07-01T07:49:38.080Z,2026-07-01T07:49:49.726Z,11.646,10,chunk_20260701-0730-SIDDHIGUPTAB00B,chunk_20260701-0730-SIDDHIGUPTAB00B,False,within_chunk,2,M1-I-1
ses_20260701-074424-SIDDHIGUPTAB00B,12,2026-07-01T07:49:49.781Z,2026-07-01T07:50:15.411Z,25.63,80,chunk_20260701-0730-SIDDHIGUPTAB00B,chunk_20260701-0730-SIDDHIGUPTAB00B,False,within_chunk,1,M1-E-1
ses_20260701-074424-SIDDHIGUPTAB00B,13,2026-07-01T07:50:18.475Z,2026-07-01T07:50:19.336Z,0.861,6,chunk_20260701-0730-SIDDHIGUPTAB00B,chunk_20260701-0730-SIDDHIGUPTAB00B,False,within_chunk,2,M1-M-1
ses_20260701-074424-SIDDHIGUPTAB00B,14,2026-07-01T07:50:19.355Z,2026-07-01T07:53:24.326Z,184.971,442,chunk_20260701-0730-SIDDHIGUPTAB00B,chunk_20260701-0730-SIDDHIGUPTAB00B,False,within_chunk,5,M1-N-1
ses_20260701-074424-SIDDHIGUPTAB00B,15,2026-07-01T07:53:24.427Z,2026-07-01T07:53:46.549Z,22.122,47,chunk_20260701-0730-SIDDHIGUPTAB00B,chunk_20260701-0730-SIDDHIGUPTAB00B,False,within_chunk,2,M1-G-2
ses_20260701-074424-SIDDHIGUPTAB00B,16,2026-07-01T07:53:46.552Z,2026-07-01T07:54:15.966Z,29.414,78,chunk_20260701-0730-SIDDHIGUPTAB00B,chunk_20260701-0730-SIDDHIGUPTAB00B,False,within_chunk,2,M1-H-2
ses_20260701-074424-SIDDHIGUPTAB00B,17,2026-07-01T07:54:19.876Z,2026-07-01T07:55:09.706Z,49.83,107,chunk_20260701-0730-SIDDHIGUPTAB00B,chunk_20260701-0730-SIDDHIGUPTAB00B,False,within_chunk,1,M1-F-4
ses_20260701-074424-SIDDHIGUPTAB00B,18,2026-07-01T07:55:10.160Z,2026-07-01T07:55:42.237Z,32.077,109,chunk_20260701-0730-SIDDHIGUPTAB00B,chunk_20260701-0730-SIDDHIGUPTAB00B,False,within_chunk,2,M1-E-3
ses_20260701-074424-SIDDHIGUPTAB00B,19,2026-07-01T07:55:42.278Z,2026-07-01T07:56:04.678Z,22.4,73,chunk_20260701-0730-SIDDHIGUPTAB00B,chunk_20260701-0730-SIDDHIGUPTAB00B,False,within_chunk,1,M1-H-3
ses_20260701-074424-SIDDHIGUPTAB00B,20,2026-07-01T07:56:04.680Z,2026-07-01T07:56:25.700Z,21.02,41,chunk_20260701-0730-SIDDHIGUPTAB00B,chunk_20260701-0730-SIDDHIGUPTAB00B,False,within_chunk,1,M1-H-3
ses_20260701-074424-SIDDHIGUPTAB00B,21,2026-07-01T07:56:32.255Z,2026-07-01T07:56:55.586Z,23.331,69,chunk_20260701-0730-SIDDHIGUPTAB00B,chunk_20260701-0730-SIDDHIGUPTAB00B,False,within_chunk,1,M1-G-4
ses_20260701-074424-SIDDHIGUPTAB00B,22,2026-07-01T07:56:56.011Z,2026-07-01T07:59:21.140Z,145.129,90,chunk_20260701-0730-SIDDHIGUPTAB00B,chunk_20260701-0730-SIDDHIGUPTAB00B,False,within_chunk,1,M1-B-3
ses_20260701-074424-SIDDHIGUPTAB00B,23,2026-07-01T07:59:42.637Z,2026-07-01T08:02:01.596Z,138.959,146,chunk_20260701-0730-SIDDHIGUPTAB00B,chunk_20260701-0800-SIDDHIGUPTAB00B,True,continuation_across_chunk,3,M1-M-2
ses_20260701-074424-SIDDHIGUPTAB00B,24,2026-07-01T08:02:02.044Z,2026-07-01T08:02:24.336Z,22.292,79,chunk_20260701-0800-SIDDHIGUPTAB00B,chunk_20260701-0800-SIDDHIGUPTAB00B,False,within_chunk,1,M1-H-4
ses_20260701-074424-SIDDHIGUPTAB00B,25,2026-07-01T08:02:27.326Z,2026-07-01T08:03:06.927Z,39.601,80,chunk_20260701-0800-SIDDHIGUPTAB00B,chunk_20260701-0800-SIDDHIGUPTAB00B,False,within_chunk,2,M1-N-2
ses_20260701-074424-SIDDHIGUPTAB00B,26,2026-07-01T08:03:10.230Z,2026-07-01T08:03:10.263Z,0.033,4,chunk_20260701-0800-SIDDHIGUPTAB00B,chunk_20260701-0800-SIDDHIGUPTAB00B,False,within_chunk,1,M1-I-2
ses_20260701-074424-SIDDHIGUPTAB00B,27,2026-07-01T08:03:10.280Z,2026-07-01T08:05:33.270Z,142.99,226,chunk_20260701-0800-SIDDHIGUPTAB00B,chunk_20260701-0800-SIDDHIGUPTAB00B,False,within_chunk,3,M1-I-2
ses_20260701-074424-SIDDHIGUPTAB00B,28,2026-07-01T08:05:37.387Z,2026-07-01T08:06:35.703Z,58.316,138,chunk_20260701-0800-SIDDHIGUPTAB00B,chunk_20260701-0800-SIDDHIGUPTAB00B,False,within_chunk,1,M1-K-4
ses_20260701-074424-SIDDHIGUPTAB00B,29,2026-07-01T08:06:36.239Z,2026-07-01T08:06:59.025Z,22.786,54,chunk_20260701-0800-SIDDHIGUPTAB00B,chunk_20260701-0800-SIDDHIGUPTAB00B,False,within_chunk,1,M1-I-3
ses_20260701-074424-SIDDHIGUPTAB00B,30,2026-07-01T08:07:14.277Z,2026-07-01T08:08:12.466Z,58.189,109,chunk_20260701-0800-SIDDHIGUPTAB00B,chunk_20260701-0800-SIDDHIGUPTAB00B,False,within_chunk,1,M1-I-3
ses_20260701-075548-CHAITANYA0BCF,1,2026-07-01T07:55:48.056Z,2026-07-01T07:57:06.576Z,78.52,74,chunk_20260701-0730-CHAITANYA0BCF,chunk_20260701-0730-CHAITANYA0BCF,False,within_chunk,1,M1-A-1
ses_20260701-075548-CHAITANYA0BCF,2,2026-07-01T07:57:07.033Z,2026-07-01T07:57:24.603Z,17.57,68,chunk_20260701-0730-CHAITANYA0BCF,chunk_20260701-0730-CHAITANYA0BCF,False,within_chunk,1,M1-G-1
ses_20260701-075548-CHAITANYA0BCF,3,2026-07-01T07:57:27.374Z,2026-07-01T07:57:50.081Z,22.707,105,chunk_20260701-0730-CHAITANYA0BCF,chunk_20260701-0730-CHAITANYA0BCF,False,within_chunk,2,M1-A-2
ses_20260701-075548-CHAITANYA0BCF,4,2026-07-01T07:57:53.364Z,2026-07-01T07:57:54.031Z,0.667,6,chunk_20260701-0730-CHAITANYA0BCF,chunk_20260701-0730-CHAITANYA0BCF,False,within_chunk,1,M1-A-2
ses_20260701-075548-CHAITANYA0BCF,5,2026-07-01T07:57:54.106Z,2026-07-01T07:58:43.307Z,49.201,135,chunk_20260701-0730-CHAITANYA0BCF,chunk_20260701-0730-CHAITANYA0BCF,False,within_chunk,2,M1-K-2
ses_20260701-075548-CHAITANYA0BCF,6,2026-07-01T07:58:43.358Z,2026-07-01T07:59:04.115Z,20.757,69,chunk_20260701-0730-CHAITANYA0BCF,chunk_20260701-0730-CHAITANYA0BCF,False,within_chunk,1,M1-G-2
ses_20260701-075548-CHAITANYA0BCF,7,2026-07-01T07:59:06.993Z,2026-07-01T07:59:30.277Z,23.284,77,chunk_20260701-0730-CHAITANYA0BCF,chunk_20260701-0730-CHAITANYA0BCF,False,within_chunk,2,M1-L-1
ses_20260701-075548-CHAITANYA0BCF,8,2026-07-01T07:59:30.278Z,2026-07-01T07:59:40.637Z,10.359,9,chunk_20260701-0730-CHAITANYA0BCF,chunk_20260701-0730-CHAITANYA0BCF,False,within_chunk,2,M1-M-1
ses_20260701-075548-CHAITANYA0BCF,9,2026-07-01T07:59:41.148Z,2026-07-01T08:00:04.463Z,23.315,67,chunk_20260701-0730-CHAITANYA0BCF,chunk_20260701-0800-CHAITANYA0BCF,True,continuation_across_chunk,1,M1-M-1
ses_20260701-075548-CHAITANYA0BCF,10,2026-07-01T08:00:08.663Z,2026-07-01T08:01:06.489Z,57.826,123,chunk_20260701-0800-CHAITANYA0BCF,chunk_20260701-0800-CHAITANYA0BCF,False,within_chunk,1,M1-K-3
ses_20260701-075548-CHAITANYA0BCF,11,2026-07-01T08:01:12.564Z,2026-07-01T08:01:12.674Z,0.11,4,chunk_20260701-0800-CHAITANYA0BCF,chunk_20260701-0800-CHAITANYA0BCF,False,within_chunk,1,M1-N-2
ses_20260701-075548-CHAITANYA0BCF,12,2026-07-01T08:01:15.236Z,2026-07-01T08:01:50.044Z,34.808,57,chunk_20260701-0800-CHAITANYA0BCF,chunk_20260701-0800-CHAITANYA0BCF,False,within_chunk,2,M1-N-2
ses_20260701-075548-CHAITANYA0BCF,13,2026-07-01T08:01:50.060Z,2026-07-01T08:02:18.511Z,28.451,88,chunk_20260701-0800-CHAITANYA0BCF,chunk_20260701-0800-CHAITANYA0BCF,False,within_chunk,1,M1-A-3
ses_20260701-075548-CHAITANYA0BCF,14,2026-07-01T08:02:18.947Z,2026-07-01T08:02:41.173Z,22.226,75,chunk_20260701-0800-CHAITANYA0BCF,chunk_20260701-0800-CHAITANYA0BCF,False,within_chunk,1,M1-L-2
ses_20260701-075548-CHAITANYA0BCF,15,2026-07-01T08:02:44.728Z,2026-07-01T08:04:08.524Z,83.796,82,chunk_20260701-0800-CHAITANYA0BCF,chunk_20260701-0800-CHAITANYA0BCF,False,within_chunk,0,
ses_20260701-075548-CHAITANYA0BCF,16,2026-07-01T08:04:29.813Z,2026-07-01T08:05:26.957Z,57.144,75,chunk_20260701-0800-CHAITANYA0BCF,chunk_20260701-0800-CHAITANYA0BCF,False,within_chunk,1,M1-M-3
ses_20260701-075548-CHAITANYA0BCF,17,2026-07-01T08:05:31.288Z,2026-07-01T08:05:50.152Z,18.864,48,chunk_20260701-0800-CHAITANYA0BCF,chunk_20260701-0800-CHAITANYA0BCF,False,within_chunk,1,M1-L-3
ses_20260701-075548-CHAITANYA0BCF,18,2026-07-01T08:05:53.347Z,2026-07-01T08:06:24.022Z,30.675,90,chunk_20260701-0800-CHAITANYA0BCF,chunk_20260701-0800-CHAITANYA0BCF,False,within_chunk,2,M1-D-1
ses_20260701-075548-CHAITANYA0BCF,19,2026-07-01T08:06:27.879Z,2026-07-01T08:06:27.909Z,0.03,4,chunk_20260701-0800-CHAITANYA0BCF,chunk_20260701-0800-CHAITANYA0BCF,False,within_chunk,1,M1-O-1
ses_20260701-075548-CHAITANYA0BCF,20,2026-07-01T08:06:27.943Z,2026-07-01T08:07:28.569Z,60.626,142,chunk_20260701-0800-CHAITANYA0BCF,chunk_20260701-0800-CHAITANYA0BCF,False,within_chunk,2,M1-O-1
ses_20260701-075548-CHAITANYA0BCF,21,2026-07-01T08:07:31.924Z,2026-07-01T08:08:01.100Z,29.176,64,chunk_20260701-0800-CHAITANYA0BCF,chunk_20260701-0800-CHAITANYA0BCF,False,within_chunk,1,M1-O-2
ses_20260701-075548-CHAITANYA0BCF,22,2026-07-01T08:08:01.445Z,2026-07-01T08:08:01.602Z,0.157,4,chunk_20260701-0800-CHAITANYA0BCF,chunk_20260701-0800-CHAITANYA0BCF,False,within_chunk,1,M1-G-3
ses_20260701-075548-CHAITANYA0BCF,23,2026-07-01T08:08:01.618Z,2026-07-01T08:08:19.425Z,17.807,63,chunk_20260701-0800-CHAITANYA0BCF,chunk_20260701-0800-CHAITANYA0BCF,False,within_chunk,1,M1-G-3
ses_20260701-075548-CHAITANYA0BCF,24,2026-07-01T08:08:22.359Z,2026-07-01T08:09:08.537Z,46.178,100,chunk_20260701-0800-CHAITANYA0BCF,chunk_20260701-0800-CHAITANYA0BCF,False,within_chunk,2,M1-D-3
ses_20260701-075548-CHAITANYA0BCF,25,2026-07-01T08:09:25.863Z,2026-07-01T08:09:37.824Z,11.961,32,chunk_20260701-0800-CHAITANYA0BCF,chunk_20260701-0800-CHAITANYA0BCF,False,within_chunk,2,M1-D-3
ses_20260701-075548-CHAITANYA0BCF,26,2026-07-01T08:09:37.953Z,2026-07-01T08:10:24.578Z,46.625,134,chunk_20260701-0800-CHAITANYA0BCF,chunk_20260701-0800-CHAITANYA0BCF,False,within_chunk,1,M1-O-3
ses_20260701-075604-LAPTOP-0IM1OHQH,1,2026-07-01T07:56:04.438Z,2026-07-01T07:57:08.592Z,64.154,80,chunk_20260701-0730-LAPTOP-0IM1OHQH,chunk_20260701-0730-LAPTOP-0IM1OHQH,False,within_chunk,1,M1-K-1
ses_20260701-075604-LAPTOP-0IM1OHQH,2,2026-07-01T07:57:11.853Z,2026-07-01T07:57:39.095Z,27.242,99,chunk_20260701-0730-LAPTOP-0IM1OHQH,chunk_20260701-0730-LAPTOP-0IM1OHQH,False,within_chunk,2,M1-A-1
ses_20260701-075604-LAPTOP-0IM1OHQH,3,2026-07-01T07:57:39.635Z,2026-07-01T07:58:08.014Z,28.379,86,chunk_20260701-0730-LAPTOP-0IM1OHQH,chunk_20260701-0730-LAPTOP-0IM1OHQH,False,within_chunk,1,M1-K-2
ses_20260701-075604-LAPTOP-0IM1OHQH,4,2026-07-01T07:58:08.494Z,2026-07-01T07:59:06.080Z,57.586,118,chunk_20260701-0730-LAPTOP-0IM1OHQH,chunk_20260701-0730-LAPTOP-0IM1OHQH,False,within_chunk,2,M1-D-1
ses_20260701-075604-LAPTOP-0IM1OHQH,5,2026-07-01T07:59:09.326Z,2026-07-01T07:59:58.414Z,49.088,60,chunk_20260701-0730-LAPTOP-0IM1OHQH,chunk_20260701-0730-LAPTOP-0IM1OHQH,False,within_chunk,1,M1-C-1
ses_20260701-075604-LAPTOP-0IM1OHQH,6,2026-07-01T07:59:59.513Z,2026-07-01T08:00:58.262Z,58.749,126,chunk_20260701-0730-LAPTOP-0IM1OHQH,chunk_20260701-0800-LAPTOP-0IM1OHQH,True,continuation_across_chunk,2,M1-N-1
ses_20260701-075604-LAPTOP-0IM1OHQH,7,2026-07-01T08:00:58.754Z,2026-07-01T08:01:37.085Z,38.331,103,chunk_20260701-0800-LAPTOP-0IM1OHQH,chunk_20260701-0800-LAPTOP-0IM1OHQH,False,within_chunk,2,M1-A-2
ses_20260701-075604-LAPTOP-0IM1OHQH,8,2026-07-01T08:01:57.373Z,2026-07-01T08:02:08.270Z,10.897,31,chunk_20260701-0800-LAPTOP-0IM1OHQH,chunk_20260701-0800-LAPTOP-0IM1OHQH,False,within_chunk,2,M1-D-2
ses_20260701-075604-LAPTOP-0IM1OHQH,9,2026-07-01T08:02:08.294Z,2026-07-01T08:02:08.813Z,0.519,4,chunk_20260701-0800-LAPTOP-0IM1OHQH,chunk_20260701-0800-LAPTOP-0IM1OHQH,False,within_chunk,1,M1-O-1
ses_20260701-075604-LAPTOP-0IM1OHQH,10,2026-07-01T08:02:08.828Z,2026-07-01T08:02:37.980Z,29.152,88,chunk_20260701-0800-LAPTOP-0IM1OHQH,chunk_20260701-0800-LAPTOP-0IM1OHQH,False,within_chunk,1,M1-O-1
ses_20260701-075604-LAPTOP-0IM1OHQH,11,2026-07-01T08:02:38.928Z,2026-07-01T08:03:23.598Z,44.67,69,chunk_20260701-0800-LAPTOP-0IM1OHQH,chunk_20260701-0800-LAPTOP-0IM1OHQH,False,within_chunk,1,M1-C-2
ses_20260701-075604-LAPTOP-0IM1OHQH,12,2026-07-01T08:03:23.604Z,2026-07-01T08:05:10.634Z,107.03,245,chunk_20260701-0800-LAPTOP-0IM1OHQH,chunk_20260701-0800-LAPTOP-0IM1OHQH,False,within_chunk,4,M1-E-1
ses_20260701-075604-LAPTOP-0IM1OHQH,13,2026-07-01T08:05:11.057Z,2026-07-01T08:05:11.102Z,0.045,4,chunk_20260701-0800-LAPTOP-0IM1OHQH,chunk_20260701-0800-LAPTOP-0IM1OHQH,False,within_chunk,1,M1-H-1
ses_20260701-075604-LAPTOP-0IM1OHQH,14,2026-07-01T08:05:11.142Z,2026-07-01T08:05:32.826Z,21.684,73,chunk_20260701-0800-LAPTOP-0IM1OHQH,chunk_20260701-0800-LAPTOP-0IM1OHQH,False,within_chunk,1,M1-H-1
ses_20260701-075604-LAPTOP-0IM1OHQH,15,2026-07-01T08:05:58.589Z,2026-07-01T08:06:00.251Z,1.662,10,chunk_20260701-0800-LAPTOP-0IM1OHQH,chunk_20260701-0800-LAPTOP-0IM1OHQH,False,within_chunk,2,M1-C-3
ses_20260701-075604-LAPTOP-0IM1OHQH,16,2026-07-01T08:06:01.061Z,2026-07-01T08:06:45.871Z,44.81,76,chunk_20260701-0800-LAPTOP-0IM1OHQH,chunk_20260701-0800-LAPTOP-0IM1OHQH,False,within_chunk,1,M1-C-3
ses_20260701-075604-LAPTOP-0IM1OHQH,17,2026-07-01T08:06:49.507Z,2026-07-01T08:07:16.082Z,26.575,62,chunk_20260701-0800-LAPTOP-0IM1OHQH,chunk_20260701-0800-LAPTOP-0IM1OHQH,False,within_chunk,1,M1-A-3
ses_20260701-075604-LAPTOP-0IM1OHQH,18,2026-07-01T08:07:35.132Z,2026-07-01T08:08:06.863Z,31.731,99,chunk_20260701-0800-LAPTOP-0IM1OHQH,chunk_20260701-0800-LAPTOP-0IM1OHQH,False,within_chunk,2,M1-H-2
ses_20260701-075604-LAPTOP-0IM1OHQH,19,2026-07-01T08:08:07.412Z,2026-07-01T08:08:54.630Z,47.218,83,chunk_20260701-0800-LAPTOP-0IM1OHQH,chunk_20260701-0800-LAPTOP-0IM1OHQH,False,within_chunk,1,M1-C-4
ses_20260701-075604-LAPTOP-0IM1OHQH,20,2026-07-01T08:08:54.632Z,2026-07-01T08:09:18.838Z,24.206,62,chunk_20260701-0800-LAPTOP-0IM1OHQH,chunk_20260701-0800-LAPTOP-0IM1OHQH,False,within_chunk,2,M1-A-4
ses_20260701-075604-LAPTOP-0IM1OHQH,21,2026-07-01T08:09:23.087Z,2026-07-01T08:10:01.844Z,38.757,57,chunk_20260701-0800-LAPTOP-0IM1OHQH,chunk_20260701-0800-LAPTOP-0IM1OHQH,False,within_chunk,1,M1-D-3
ses_20260701-075604-LAPTOP-0IM1OHQH,22,2026-07-01T08:10:02.371Z,2026-07-01T08:10:39.904Z,37.533,78,chunk_20260701-0800-LAPTOP-0IM1OHQH,chunk_20260701-0800-LAPTOP-0IM1OHQH,False,within_chunk,1,M1-N-3
ses_20260701-075604-LAPTOP-0IM1OHQH,23,2026-07-01T08:10:39.923Z,2026-07-01T08:11:16.599Z,36.676,98,chunk_20260701-0800-LAPTOP-0IM1OHQH,chunk_20260701-0800-LAPTOP-0IM1OHQH,False,within_chunk,1,M1-B-3
ses_20260701-075604-LAPTOP-0IM1OHQH,24,2026-07-01T08:11:16.600Z,2026-07-01T08:11:38.920Z,22.32,53,chunk_20260701-0800-LAPTOP-0IM1OHQH,chunk_20260701-0800-LAPTOP-0IM1OHQH,False,within_chunk,2,M1-A-5
ses_20260701-075604-LAPTOP-0IM1OHQH,25,2026-07-01T08:11:43.377Z,2026-07-01T08:12:34.177Z,50.8,123,chunk_20260701-0800-LAPTOP-0IM1OHQH,chunk_20260701-0800-LAPTOP-0IM1OHQH,False,within_chunk,1,M1-E-3
ses_20260701-075604-LAPTOP-0IM1OHQH,26,2026-07-01T08:12:34.723Z,2026-07-01T08:13:07.069Z,32.346,98,chunk_20260701-0800-LAPTOP-0IM1OHQH,chunk_20260701-0800-LAPTOP-0IM1OHQH,False,within_chunk,1,M1-O-2
ses_20260701-075604-LAPTOP-0IM1OHQH,27,2026-07-01T08:13:07.615Z,2026-07-01T08:14:06.260Z,58.645,160,chunk_20260701-0800-LAPTOP-0IM1OHQH,chunk_20260701-0800-LAPTOP-0IM1OHQH,False,within_chunk,1,M1-H-4
ses_20260701-075604-LAPTOP-0IM1OHQH,28,2026-07-01T08:14:07.355Z,2026-07-01T08:14:07.416Z,0.061,8,chunk_20260701-0800-LAPTOP-0IM1OHQH,chunk_20260701-0800-LAPTOP-0IM1OHQH,False,within_chunk,1,M1-O-3
ses_20260701-075604-LAPTOP-0IM1OHQH,29,2026-07-01T08:14:10.068Z,2026-07-01T08:15:44.592Z,94.524,90,chunk_20260701-0800-LAPTOP-0IM1OHQH,chunk_20260701-0800-LAPTOP-0IM1OHQH,False,within_chunk,1,M1-O-3
ses_20260701-081120-SIDDHIGUPTAB00B,1,2026-07-01T08:11:20.537Z,2026-07-01T08:12:32.593Z,72.056,86,chunk_20260701-0800-SIDDHIGUPTAB00B,chunk_20260701-0800-SIDDHIGUPTAB00B,False,within_chunk,1,M1-K-1
ses_20260701-081120-SIDDHIGUPTAB00B,2,2026-07-01T08:12:35.690Z,2026-07-01T08:13:08.453Z,32.763,68,chunk_20260701-0800-SIDDHIGUPTAB00B,chunk_20260701-0800-SIDDHIGUPTAB00B,False,within_chunk,1,M1-M-1
ses_20260701-081120-SIDDHIGUPTAB00B,3,2026-07-01T08:13:12.444Z,2026-07-01T08:14:27.621Z,75.177,176,chunk_20260701-0800-SIDDHIGUPTAB00B,chunk_20260701-0800-SIDDHIGUPTAB00B,False,within_chunk,2,M1-C-2
ses_20260701-081120-SIDDHIGUPTAB00B,4,2026-07-01T08:14:27.640Z,2026-07-01T08:15:17.817Z,50.177,145,chunk_20260701-0800-SIDDHIGUPTAB00B,chunk_20260701-0800-SIDDHIGUPTAB00B,False,within_chunk,2,M1-O-1
ses_20260701-081120-SIDDHIGUPTAB00B,5,2026-07-01T08:15:21.666Z,2026-07-01T08:17:11.415Z,109.749,84,chunk_20260701-0800-SIDDHIGUPTAB00B,chunk_20260701-0800-SIDDHIGUPTAB00B,False,within_chunk,1,M1-M-2
ses_20260701-081120-SIDDHIGUPTAB00B,6,2026-07-01T08:17:25.686Z,2026-07-01T08:33:52.657Z,986.971,6,chunk_20260701-0800-SIDDHIGUPTAB00B,chunk_20260701-0830-SIDDHIGUPTAB00B,True,continuation_across_chunk,1,M1-M-2
ses_20260701-081120-SIDDHIGUPTAB00B,7,2026-07-01T08:34:25.800Z,2026-07-01T08:34:51.428Z,25.628,64,chunk_20260701-0830-SIDDHIGUPTAB00B,chunk_20260701-0830-SIDDHIGUPTAB00B,False,within_chunk,1,M1-K-3
ses_20260701-081120-SIDDHIGUPTAB00B,8,2026-07-01T08:34:51.431Z,2026-07-01T08:36:34.272Z,102.841,89,chunk_20260701-0830-SIDDHIGUPTAB00B,chunk_20260701-0830-SIDDHIGUPTAB00B,False,within_chunk,2,M1-M-3
ses_20260701-081120-SIDDHIGUPTAB00B,9,2026-07-01T08:36:36.443Z,2026-07-01T08:36:37.630Z,1.187,14,chunk_20260701-0830-SIDDHIGUPTAB00B,chunk_20260701-0830-SIDDHIGUPTAB00B,False,within_chunk,2,M1-J-1
ses_20260701-081120-SIDDHIGUPTAB00B,10,2026-07-01T08:36:37.657Z,2026-07-01T08:37:04.177Z,26.52,76,chunk_20260701-0830-SIDDHIGUPTAB00B,chunk_20260701-0830-SIDDHIGUPTAB00B,False,within_chunk,1,M1-J-1
ses_20260701-081120-SIDDHIGUPTAB00B,11,2026-07-01T08:37:07.083Z,2026-07-01T08:37:28.731Z,21.648,70,chunk_20260701-0830-SIDDHIGUPTAB00B,chunk_20260701-0830-SIDDHIGUPTAB00B,False,within_chunk,1,M1-J-1
ses_20260701-081120-SIDDHIGUPTAB00B,12,2026-07-01T08:37:40.630Z,2026-07-01T08:37:56.402Z,15.772,39,chunk_20260701-0830-SIDDHIGUPTAB00B,chunk_20260701-0830-SIDDHIGUPTAB00B,False,within_chunk,1,M1-L-2
ses_20260701-081120-SIDDHIGUPTAB00B,13,2026-07-01T08:38:00.301Z,2026-07-01T08:38:17.422Z,17.121,67,chunk_20260701-0830-SIDDHIGUPTAB00B,chunk_20260701-0830-SIDDHIGUPTAB00B,False,within_chunk,1,M1-B-1
ses_20260701-081120-SIDDHIGUPTAB00B,14,2026-07-01T08:38:42.112Z,2026-07-01T08:40:18.368Z,96.256,111,chunk_20260701-0830-SIDDHIGUPTAB00B,chunk_20260701-0830-SIDDHIGUPTAB00B,False,within_chunk,2,M1-C-4
ses_20260701-081120-SIDDHIGUPTAB00B,15,2026-07-01T08:40:18.473Z,2026-07-01T08:40:59.465Z,40.992,11,chunk_20260701-0830-SIDDHIGUPTAB00B,chunk_20260701-0830-SIDDHIGUPTAB00B,False,within_chunk,2,M1-B-2
ses_20260701-081120-SIDDHIGUPTAB00B,16,2026-07-01T08:47:49.501Z,2026-07-01T08:48:12.259Z,22.758,41,chunk_20260701-0830-SIDDHIGUPTAB00B,chunk_20260701-0830-SIDDHIGUPTAB00B,False,within_chunk,1,M1-B-2
ses_20260701-081120-SIDDHIGUPTAB00B,17,2026-07-01T08:48:38.426Z,2026-07-01T08:49:01.923Z,23.497,61,chunk_20260701-0830-SIDDHIGUPTAB00B,chunk_20260701-0830-SIDDHIGUPTAB00B,False,within_chunk,1,M1-E-1
ses_20260701-081120-SIDDHIGUPTAB00B,18,2026-07-01T08:49:01.968Z,2026-07-01T08:49:05.366Z,3.398,7,chunk_20260701-0830-SIDDHIGUPTAB00B,chunk_20260701-0830-SIDDHIGUPTAB00B,False,within_chunk,2,M1-M-4
ses_20260701-081120-SIDDHIGUPTAB00B,19,2026-07-01T08:49:05.406Z,2026-07-01T08:49:46.363Z,40.957,95,chunk_20260701-0830-SIDDHIGUPTAB00B,chunk_20260701-0830-SIDDHIGUPTAB00B,False,within_chunk,2,M1-M-4
ses_20260701-081120-SIDDHIGUPTAB00B,20,2026-07-01T08:49:46.395Z,2026-07-01T08:50:22.170Z,35.775,79,chunk_20260701-0830-SIDDHIGUPTAB00B,chunk_20260701-0830-SIDDHIGUPTAB00B,False,within_chunk,1,M1-D-1
ses_20260701-081120-SIDDHIGUPTAB00B,21,2026-07-01T08:50:22.643Z,2026-07-01T08:50:41.205Z,18.562,65,chunk_20260701-0830-SIDDHIGUPTAB00B,chunk_20260701-0830-SIDDHIGUPTAB00B,False,within_chunk,1,M1-L-3
ses_20260701-081120-SIDDHIGUPTAB00B,22,2026-07-01T08:50:41.207Z,2026-07-01T08:51:06.508Z,25.301,56,chunk_20260701-0830-SIDDHIGUPTAB00B,chunk_20260701-0830-SIDDHIGUPTAB00B,False,within_chunk,2,M1-O-2
ses_20260701-081120-SIDDHIGUPTAB00B,23,2026-07-01T08:51:10.479Z,2026-07-01T08:51:36.409Z,25.93,77,chunk_20260701-0830-SIDDHIGUPTAB00B,chunk_20260701-0830-SIDDHIGUPTAB00B,False,within_chunk,1,M1-L-4
ses_20260701-081120-SIDDHIGUPTAB00B,24,2026-07-01T08:51:36.823Z,2026-07-01T08:51:54.174Z,17.351,66,chunk_20260701-0830-SIDDHIGUPTAB00B,chunk_20260701-0830-SIDDHIGUPTAB00B,False,within_chunk,1,M1-B-3
ses_20260701-081120-SIDDHIGUPTAB00B,25,2026-07-01T08:51:54.972Z,2026-07-01T08:52:51.514Z,56.542,95,chunk_20260701-0830-SIDDHIGUPTAB00B,chunk_20260701-0830-SIDDHIGUPTAB00B,False,within_chunk,2,M1-O-3
ses_20260701-081120-SIDDHIGUPTAB00B,26,2026-07-01T08:52:51.956Z,2026-07-01T08:53:18.168Z,26.212,88,chunk_20260701-0830-SIDDHIGUPTAB00B,chunk_20260701-0830-SIDDHIGUPTAB00B,False,within_chunk,1,M1-J-2
ses_20260701-081120-SIDDHIGUPTAB00B,27,2026-07-01T08:53:20.862Z,2026-07-01T08:54:00.778Z,39.916,91,chunk_20260701-0830-SIDDHIGUPTAB00B,chunk_20260701-0830-SIDDHIGUPTAB00B,False,within_chunk,1,M1-J-2
ses_20260701-081120-SIDDHIGUPTAB00B,28,2026-07-01T08:54:14.232Z,2026-07-01T08:54:51.570Z,37.338,40,chunk_20260701-0830-SIDDHIGUPTAB00B,chunk_20260701-0830-SIDDHIGUPTAB00B,False,within_chunk,1,M1-D-3
ses_20260701-081120-SIDDHIGUPTAB00B,29,2026-07-01T08:54:54.770Z,2026-07-01T08:55:51.965Z,57.195,90,chunk_20260701-0830-SIDDHIGUPTAB00B,chunk_20260701-0830-SIDDHIGUPTAB00B,False,within_chunk,1,M1-B-4
ses_20260701-081120-SIDDHIGUPTAB00B,30,2026-07-01T08:56:10.926Z,2026-07-01T08:56:13.770Z,2.844,4,chunk_20260701-0830-SIDDHIGUPTAB00B,chunk_20260701-0830-SIDDHIGUPTAB00B,False,within_chunk,1,M1-B-4
ses_20260701-081120-SIDDHIGUPTAB00B,31,2026-07-01T08:56:14.200Z,2026-07-01T08:56:38.376Z,24.176,81,chunk_20260701-0830-SIDDHIGUPTAB00B,chunk_20260701-0830-SIDDHIGUPTAB00B,False,within_chunk,1,M1-J-3
ses_20260701-081120-SIDDHIGUPTAB00B,32,2026-07-01T08:56:38.909Z,2026-07-01T08:56:39.009Z,0.1,4,chunk_20260701-0830-SIDDHIGUPTAB00B,chunk_20260701-0830-SIDDHIGUPTAB00B,False,within_chunk,0,
ses_20260701-081120-SIDDHIGUPTAB00B,33,2026-07-01T08:56:39.071Z,2026-07-01T08:57:11.571Z,32.5,105,chunk_20260701-0830-SIDDHIGUPTAB00B,chunk_20260701-0830-SIDDHIGUPTAB00B,False,within_chunk,1,M1-E-3
ses_20260701-081120-SIDDHIGUPTAB00B,34,2026-07-01T08:57:11.618Z,2026-07-01T08:58:08.335Z,56.717,85,chunk_20260701-0830-SIDDHIGUPTAB00B,chunk_20260701-0830-SIDDHIGUPTAB00B,False,within_chunk,1,M1-E-3
ses_20260701-081732-CHAITANYA0BCF,1,2026-07-01T08:17:32.141Z,2026-07-01T08:18:45.739Z,73.598,76,chunk_20260701-0800-CHAITANYA0BCF,chunk_20260701-0800-CHAITANYA0BCF,False,within_chunk,1,M1-B-1
ses_20260701-081732-CHAITANYA0BCF,2,2026-07-01T08:18:45.741Z,2026-07-01T08:19:10.229Z,24.488,81,chunk_20260701-0800-CHAITANYA0BCF,chunk_20260701-0800-CHAITANYA0BCF,False,within_chunk,2,M1-L-1
ses_20260701-081732-CHAITANYA0BCF,3,2026-07-01T08:19:43.474Z,2026-07-01T08:20:30.514Z,47.04,91,chunk_20260701-0800-CHAITANYA0BCF,chunk_20260701-0800-CHAITANYA0BCF,False,within_chunk,2,M1-M-1
ses_20260701-081732-CHAITANYA0BCF,4,2026-07-01T08:20:50.062Z,2026-07-01T08:20:57.606Z,7.544,42,chunk_20260701-0800-CHAITANYA0BCF,chunk_20260701-0800-CHAITANYA0BCF,False,within_chunk,1,M1-N-1
ses_20260701-081732-CHAITANYA0BCF,5,2026-07-01T08:21:02.048Z,2026-07-01T08:21:32.641Z,30.593,51,chunk_20260701-0800-CHAITANYA0BCF,chunk_20260701-0800-CHAITANYA0BCF,False,within_chunk,1,M1-M-2
ses_20260701-081732-CHAITANYA0BCF,6,2026-07-01T08:21:33.169Z,2026-07-01T08:22:30.579Z,57.41,170,chunk_20260701-0800-CHAITANYA0BCF,chunk_20260701-0800-CHAITANYA0BCF,False,within_chunk,1,M1-A-2
ses_20260701-081732-CHAITANYA0BCF,7,2026-07-01T08:22:31.085Z,2026-07-01T08:23:01.730Z,30.645,112,chunk_20260701-0800-CHAITANYA0BCF,chunk_20260701-0800-CHAITANYA0BCF,False,within_chunk,2,M1-K-1
ses_20260701-081732-CHAITANYA0BCF,8,2026-07-01T08:23:01.763Z,2026-07-01T08:23:26.429Z,24.666,79,chunk_20260701-0800-CHAITANYA0BCF,chunk_20260701-0800-CHAITANYA0BCF,False,within_chunk,1,M1-A-3
ses_20260701-081732-CHAITANYA0BCF,9,2026-07-01T08:23:26.873Z,2026-07-01T08:23:50.428Z,23.555,76,chunk_20260701-0800-CHAITANYA0BCF,chunk_20260701-0800-CHAITANYA0BCF,False,within_chunk,1,M1-L-2
ses_20260701-081732-CHAITANYA0BCF,10,2026-07-01T08:24:25.867Z,2026-07-01T08:24:27.248Z,1.381,6,chunk_20260701-0800-CHAITANYA0BCF,chunk_20260701-0800-CHAITANYA0BCF,False,within_chunk,0,
ses_20260701-081732-CHAITANYA0BCF,11,2026-07-01T08:25:25.010Z,2026-07-01T08:25:28.316Z,3.306,7,chunk_20260701-0800-CHAITANYA0BCF,chunk_20260701-0800-CHAITANYA0BCF,False,within_chunk,1,M1-A-4
ses_20260701-081732-CHAITANYA0BCF,12,2026-07-01T08:25:28.323Z,2026-07-01T08:25:57.063Z,28.74,101,chunk_20260701-0800-CHAITANYA0BCF,chunk_20260701-0800-CHAITANYA0BCF,False,within_chunk,1,M1-A-4
ses_20260701-081732-CHAITANYA0BCF,13,2026-07-01T08:26:00.650Z,2026-07-01T08:26:28.744Z,28.094,63,chunk_20260701-0800-CHAITANYA0BCF,chunk_20260701-0800-CHAITANYA0BCF,False,within_chunk,1,M1-E-1
ses_20260701-081732-CHAITANYA0BCF,14,2026-07-01T08:26:29.386Z,2026-07-01T08:26:51.797Z,22.411,85,chunk_20260701-0800-CHAITANYA0BCF,chunk_20260701-0800-CHAITANYA0BCF,False,within_chunk,1,M1-K-2
ses_20260701-081732-CHAITANYA0BCF,15,2026-07-01T08:26:55.434Z,2026-07-01T08:27:31.630Z,36.196,68,chunk_20260701-0800-CHAITANYA0BCF,chunk_20260701-0800-CHAITANYA0BCF,False,within_chunk,1,M1-M-3
ses_20260701-081732-CHAITANYA0BCF,16,2026-07-01T08:27:31.951Z,2026-07-01T08:27:32.178Z,0.227,5,chunk_20260701-0800-CHAITANYA0BCF,chunk_20260701-0800-CHAITANYA0BCF,False,within_chunk,1,M1-I-1
ses_20260701-081732-CHAITANYA0BCF,17,2026-07-01T08:27:32.178Z,2026-07-01T08:28:40.665Z,68.487,110,chunk_20260701-0800-CHAITANYA0BCF,chunk_20260701-0800-CHAITANYA0BCF,False,within_chunk,1,M1-I-1
ses_20260701-081732-CHAITANYA0BCF,18,2026-07-01T08:28:41.098Z,2026-07-01T08:29:03.236Z,22.138,77,chunk_20260701-0800-CHAITANYA0BCF,chunk_20260701-0800-CHAITANYA0BCF,False,within_chunk,1,M1-B-2
ses_20260701-081732-CHAITANYA0BCF,19,2026-07-01T08:29:05.846Z,2026-07-01T08:30:41.498Z,95.652,199,chunk_20260701-0800-CHAITANYA0BCF,chunk_20260701-0830-CHAITANYA0BCF,True,continuation_across_chunk,3,M1-K-3
ses_20260701-081732-CHAITANYA0BCF,20,2026-07-01T08:30:42.036Z,2026-07-01T08:33:18.564Z,156.528,303,chunk_20260701-0830-CHAITANYA0BCF,chunk_20260701-0830-CHAITANYA0BCF,False,within_chunk,1,M1-I-3
ses_20260701-081732-CHAITANYA0BCF,21,2026-07-01T08:33:19.020Z,2026-07-01T08:33:42.663Z,23.643,84,chunk_20260701-0830-CHAITANYA0BCF,chunk_20260701-0830-CHAITANYA0BCF,False,within_chunk,1,M1-K-4
ses_20260701-081732-CHAITANYA0BCF,22,2026-07-01T08:33:46.128Z,2026-07-01T08:34:06.448Z,20.32,46,chunk_20260701-0830-CHAITANYA0BCF,chunk_20260701-0830-CHAITANYA0BCF,False,within_chunk,1,M1-L-3
ses_20260701-081732-CHAITANYA0BCF,23,2026-07-01T08:34:06.450Z,2026-07-01T08:35:09.330Z,62.88,69,chunk_20260701-0830-CHAITANYA0BCF,chunk_20260701-0830-CHAITANYA0BCF,False,within_chunk,2,M1-B-3
ses_20260701-081732-CHAITANYA0BCF,24,2026-07-01T08:35:09.332Z,2026-07-01T08:36:54.968Z,105.636,168,chunk_20260701-0830-CHAITANYA0BCF,chunk_20260701-0830-CHAITANYA0BCF,False,within_chunk,2,M1-E-3
ses_20260701-083656-LAPTOP-0IM1OHQH,1,2026-07-01T08:36:56.616Z,2026-07-01T08:38:01.278Z,64.662,69,chunk_20260701-0830-LAPTOP-0IM1OHQH,chunk_20260701-0830-LAPTOP-0IM1OHQH,False,within_chunk,1,M1-F-1
ses_20260701-083656-LAPTOP-0IM1OHQH,2,2026-07-01T08:38:03.939Z,2026-07-01T08:38:33.466Z,29.527,106,chunk_20260701-0830-LAPTOP-0IM1OHQH,chunk_20260701-0830-LAPTOP-0IM1OHQH,False,within_chunk,2,M1-K-1
ses_20260701-083656-LAPTOP-0IM1OHQH,3,2026-07-01T08:38:35.817Z,2026-07-01T08:38:37.131Z,1.314,9,chunk_20260701-0830-LAPTOP-0IM1OHQH,chunk_20260701-0830-LAPTOP-0IM1OHQH,False,within_chunk,2,M1-B-1
ses_20260701-083656-LAPTOP-0IM1OHQH,4,2026-07-01T08:38:37.152Z,2026-07-01T08:38:54.419Z,17.267,52,chunk_20260701-0830-LAPTOP-0IM1OHQH,chunk_20260701-0830-LAPTOP-0IM1OHQH,False,within_chunk,1,M1-B-1
ses_20260701-083656-LAPTOP-0IM1OHQH,5,2026-07-01T08:38:54.549Z,2026-07-01T08:39:27.360Z,32.811,66,chunk_20260701-0830-LAPTOP-0IM1OHQH,chunk_20260701-0830-LAPTOP-0IM1OHQH,False,within_chunk,3,M1-A-1
ses_20260701-083656-LAPTOP-0IM1OHQH,6,2026-07-01T08:39:27.367Z,2026-07-01T08:39:54.354Z,26.987,80,chunk_20260701-0830-LAPTOP-0IM1OHQH,chunk_20260701-0830-LAPTOP-0IM1OHQH,False,within_chunk,2,M1-K-2
ses_20260701-083656-LAPTOP-0IM1OHQH,7,2026-07-01T08:39:54.369Z,2026-07-01T08:41:12.740Z,78.371,222,chunk_20260701-0830-LAPTOP-0IM1OHQH,chunk_20260701-0830-LAPTOP-0IM1OHQH,False,within_chunk,2,M1-D-1
ses_20260701-083656-LAPTOP-0IM1OHQH,8,2026-07-01T08:41:12.763Z,2026-07-01T08:41:42.501Z,29.738,60,chunk_20260701-0830-LAPTOP-0IM1OHQH,chunk_20260701-0830-LAPTOP-0IM1OHQH,False,within_chunk,2,M1-A-3
ses_20260701-083656-LAPTOP-0IM1OHQH,9,2026-07-01T08:41:43.024Z,2026-07-01T08:42:13.634Z,30.61,104,chunk_20260701-0830-LAPTOP-0IM1OHQH,chunk_20260701-0830-LAPTOP-0IM1OHQH,False,within_chunk,2,M1-K-3
ses_20260701-083656-LAPTOP-0IM1OHQH,10,2026-07-01T08:42:14.078Z,2026-07-01T08:42:14.151Z,0.073,5,chunk_20260701-0830-LAPTOP-0IM1OHQH,chunk_20260701-0830-LAPTOP-0IM1OHQH,False,within_chunk,1,M1-D-2
ses_20260701-083656-LAPTOP-0IM1OHQH,11,2026-07-01T08:42:14.167Z,2026-07-01T08:43:33.990Z,79.823,182,chunk_20260701-0830-LAPTOP-0IM1OHQH,chunk_20260701-0830-LAPTOP-0IM1OHQH,False,within_chunk,2,M1-D-2
ses_20260701-083656-LAPTOP-0IM1OHQH,12,2026-07-01T08:43:34.503Z,2026-07-01T08:44:03.938Z,29.435,87,chunk_20260701-0830-LAPTOP-0IM1OHQH,chunk_20260701-0830-LAPTOP-0IM1OHQH,False,within_chunk,1,M1-E-1
ses_20260701-083656-LAPTOP-0IM1OHQH,13,2026-07-01T08:44:04.382Z,2026-07-01T08:44:30.853Z,26.471,95,chunk_20260701-0830-LAPTOP-0IM1OHQH,chunk_20260701-0830-LAPTOP-0IM1OHQH,False,within_chunk,1,M1-F-2
ses_20260701-083656-LAPTOP-0IM1OHQH,14,2026-07-01T08:45:05.070Z,2026-07-01T08:45:22.866Z,17.796,9,chunk_20260701-0830-LAPTOP-0IM1OHQH,chunk_20260701-0830-LAPTOP-0IM1OHQH,False,within_chunk,1,M1-F-2
ses_20260701-083656-LAPTOP-0IM1OHQH,15,2026-07-01T08:45:41.318Z,2026-07-01T08:46:20.079Z,38.761,13,chunk_20260701-0830-LAPTOP-0IM1OHQH,chunk_20260701-0830-LAPTOP-0IM1OHQH,False,within_chunk,1,M1-F-2
ses_20260701-083656-LAPTOP-0IM1OHQH,16,2026-07-01T08:46:21.003Z,2026-07-01T08:46:39.060Z,18.057,56,chunk_20260701-0830-LAPTOP-0IM1OHQH,chunk_20260701-0830-LAPTOP-0IM1OHQH,False,within_chunk,1,M1-B-2
ses_20260701-083656-LAPTOP-0IM1OHQH,17,2026-07-01T08:46:39.150Z,2026-07-01T08:47:04.728Z,25.578,51,chunk_20260701-0830-LAPTOP-0IM1OHQH,chunk_20260701-0830-LAPTOP-0IM1OHQH,False,within_chunk,2,M1-E-2
ses_20260701-083656-LAPTOP-0IM1OHQH,18,2026-07-01T08:47:05.124Z,2026-07-01T08:47:05.848Z,0.724,6,chunk_20260701-0830-LAPTOP-0IM1OHQH,chunk_20260701-0830-LAPTOP-0IM1OHQH,False,within_chunk,1,M1-N-1
ses_20260701-083656-LAPTOP-0IM1OHQH,19,2026-07-01T08:47:05.899Z,2026-07-01T08:47:39.856Z,33.957,69,chunk_20260701-0830-LAPTOP-0IM1OHQH,chunk_20260701-0830-LAPTOP-0IM1OHQH,False,within_chunk,1,M1-N-1
ses_20260701-083656-LAPTOP-0IM1OHQH,20,2026-07-01T08:47:43.041Z,2026-07-01T08:47:43.627Z,0.586,4,chunk_20260701-0830-LAPTOP-0IM1OHQH,chunk_20260701-0830-LAPTOP-0IM1OHQH,False,within_chunk,2,M1-D-3
ses_20260701-083656-LAPTOP-0IM1OHQH,21,2026-07-01T08:47:43.656Z,2026-07-01T08:48:23.679Z,40.023,83,chunk_20260701-0830-LAPTOP-0IM1OHQH,chunk_20260701-0830-LAPTOP-0IM1OHQH,False,within_chunk,2,M1-D-3
ses_20260701-083656-LAPTOP-0IM1OHQH,22,2026-07-01T08:48:23.727Z,2026-07-01T08:48:48.859Z,25.132,84,chunk_20260701-0830-LAPTOP-0IM1OHQH,chunk_20260701-0830-LAPTOP-0IM1OHQH,False,within_chunk,1,M1-F-3
ses_20260701-083656-LAPTOP-0IM1OHQH,23,2026-07-01T08:49:02.456Z,2026-07-01T08:49:04.188Z,1.732,4,chunk_20260701-0830-LAPTOP-0IM1OHQH,chunk_20260701-0830-LAPTOP-0IM1OHQH,False,within_chunk,1,M1-F-3
ses_20260701-083656-LAPTOP-0IM1OHQH,24,2026-07-01T08:49:05.253Z,2026-07-01T08:49:23.436Z,18.183,55,chunk_20260701-0830-LAPTOP-0IM1OHQH,chunk_20260701-0830-LAPTOP-0IM1OHQH,False,within_chunk,1,M1-L-3
ses_20260701-083656-LAPTOP-0IM1OHQH,25,2026-07-01T08:49:23.437Z,2026-07-01T08:50:23.010Z,59.573,138,chunk_20260701-0830-LAPTOP-0IM1OHQH,chunk_20260701-0830-LAPTOP-0IM1OHQH,False,within_chunk,3,M1-F-4
ses_20260701-083656-LAPTOP-0IM1OHQH,26,2026-07-01T08:50:26.793Z,2026-07-01T08:50:47.891Z,21.098,49,chunk_20260701-0830-LAPTOP-0IM1OHQH,chunk_20260701-0830-LAPTOP-0IM1OHQH,False,within_chunk,1,M1-G-1
ses_20260701-083656-LAPTOP-0IM1OHQH,27,2026-07-01T08:50:48.365Z,2026-07-01T08:52:11.245Z,82.88,194,chunk_20260701-0830-LAPTOP-0IM1OHQH,chunk_20260701-0830-LAPTOP-0IM1OHQH,False,within_chunk,3,M1-N-3
ses_20260701-083656-LAPTOP-0IM1OHQH,28,2026-07-01T08:52:11.251Z,2026-07-01T08:52:18.878Z,7.627,11,chunk_20260701-0830-LAPTOP-0IM1OHQH,chunk_20260701-0830-LAPTOP-0IM1OHQH,False,within_chunk,2,M1-G-2
ses_20260701-083656-LAPTOP-0IM1OHQH,29,2026-07-01T08:52:18.896Z,2026-07-01T08:52:41.428Z,22.532,91,chunk_20260701-0830-LAPTOP-0IM1OHQH,chunk_20260701-0830-LAPTOP-0IM1OHQH,False,within_chunk,1,M1-E-3
ses_20260701-083656-LAPTOP-0IM1OHQH,30,2026-07-01T08:52:45.492Z,2026-07-01T08:53:07.642Z,22.15,46,chunk_20260701-0830-LAPTOP-0IM1OHQH,chunk_20260701-0830-LAPTOP-0IM1OHQH,False,within_chunk,1,M1-B-3
ses_20260701-083656-LAPTOP-0IM1OHQH,31,2026-07-01T08:53:08.269Z,2026-07-01T08:53:33.506Z,25.237,70,chunk_20260701-0830-LAPTOP-0IM1OHQH,chunk_20260701-0830-LAPTOP-0IM1OHQH,False,within_chunk,1,M1-O-1
ses_20260701-083656-LAPTOP-0IM1OHQH,32,2026-07-01T08:53:33.967Z,2026-07-01T08:54:20.785Z,46.818,159,chunk_20260701-0830-LAPTOP-0IM1OHQH,chunk_20260701-0830-LAPTOP-0IM1OHQH,False,within_chunk,1,M1-B-4
ses_20260701-083656-LAPTOP-0IM1OHQH,33,2026-07-01T08:54:20.786Z,2026-07-01T08:56:18.364Z,117.578,228,chunk_20260701-0830-LAPTOP-0IM1OHQH,chunk_20260701-0830-LAPTOP-0IM1OHQH,False,within_chunk,2,M1-O-3
ses_20260701-090300-Marcos,1,2026-07-01T09:03:00.724Z,2026-07-01T09:03:55.820Z,55.096,86,chunk_20260701-0900-Marcos,chunk_20260701-0900-Marcos,False,within_chunk,1,M1-A-1
ses_20260701-090300-Marcos,2,2026-07-01T09:03:56.342Z,2026-07-01T09:04:24.205Z,27.863,100,chunk_20260701-0900-Marcos,chunk_20260701-0900-Marcos,False,within_chunk,1,M1-F-1
ses_20260701-090300-Marcos,3,2026-07-01T09:05:03.437Z,2026-07-01T09:05:40.694Z,37.257,107,chunk_20260701-0900-Marcos,chunk_20260701-0900-Marcos,False,within_chunk,2,M1-M-1
ses_20260701-090300-Marcos,4,2026-07-01T09:05:41.172Z,2026-07-01T09:06:06.157Z,24.985,104,chunk_20260701-0900-Marcos,chunk_20260701-0900-Marcos,False,within_chunk,1,M1-H-1
ses_20260701-090300-Marcos,5,2026-07-01T09:06:10.306Z,2026-07-01T09:07:32.423Z,82.117,178,chunk_20260701-0900-Marcos,chunk_20260701-0900-Marcos,False,within_chunk,1,M1-F-2
ses_20260701-090300-Marcos,6,2026-07-01T09:07:32.969Z,2026-07-01T09:07:33.617Z,0.648,5,chunk_20260701-0900-Marcos,chunk_20260701-0900-Marcos,False,within_chunk,0,
ses_20260701-090300-Marcos,7,2026-07-01T09:07:47.583Z,2026-07-01T09:08:39.065Z,51.482,153,chunk_20260701-0900-Marcos,chunk_20260701-0900-Marcos,False,within_chunk,1,M1-A-3
ses_20260701-090300-Marcos,8,2026-07-01T09:08:39.122Z,2026-07-01T09:10:27.805Z,108.683,224,chunk_20260701-0900-Marcos,chunk_20260701-0900-Marcos,False,within_chunk,2,M1-J-3
ses_20260701-090300-Marcos,9,2026-07-01T09:10:27.821Z,2026-07-01T09:11:05.686Z,37.865,74,chunk_20260701-0900-Marcos,chunk_20260701-0900-Marcos,False,within_chunk,1,M1-M-2
ses_20260701-090300-Marcos,10,2026-07-01T09:11:09.278Z,2026-07-01T09:11:51.647Z,42.369,93,chunk_20260701-0900-Marcos,chunk_20260701-0900-Marcos,False,within_chunk,1,M1-L-2
ses_20260701-090300-Marcos,11,2026-07-01T09:11:52.122Z,2026-07-01T09:12:37.755Z,45.633,211,chunk_20260701-0900-Marcos,chunk_20260701-0900-Marcos,False,within_chunk,1,M1-H-2
ses_20260701-090300-Marcos,12,2026-07-01T09:12:38.203Z,2026-07-01T09:13:23.683Z,45.48,83,chunk_20260701-0900-Marcos,chunk_20260701-0900-Marcos,False,within_chunk,1,M1-N-1
ses_20260701-090300-Marcos,13,2026-07-01T09:13:26.492Z,2026-07-01T09:13:48.722Z,22.23,79,chunk_20260701-0900-Marcos,chunk_20260701-0900-Marcos,False,within_chunk,1,M1-N-1
ses_20260701-090300-Marcos,14,2026-07-01T09:14:15.764Z,2026-07-01T09:14:31.754Z,15.99,48,chunk_20260701-0900-Marcos,chunk_20260701-0900-Marcos,False,within_chunk,1,M1-F-4
ses_20260701-090300-Marcos,15,2026-07-01T09:15:00.570Z,2026-07-01T09:15:23.293Z,22.723,76,chunk_20260701-0900-Marcos,chunk_20260701-0900-Marcos,False,within_chunk,2,M1-L-3
ses_20260701-090300-Marcos,16,2026-07-01T09:15:26.157Z,2026-07-01T09:15:27.333Z,1.176,15,chunk_20260701-0900-Marcos,chunk_20260701-0900-Marcos,False,within_chunk,1,M1-L-3
ses_20260701-090300-Marcos,17,2026-07-01T09:15:28.008Z,2026-07-01T09:17:01.359Z,93.351,102,chunk_20260701-0900-Marcos,chunk_20260701-0900-Marcos,False,within_chunk,1,M1-I-2
ses_20260701-090300-Marcos,18,2026-07-01T09:17:03.351Z,2026-07-01T09:17:07.068Z,3.717,6,chunk_20260701-0900-Marcos,chunk_20260701-0900-Marcos,False,within_chunk,1,M1-I-2
ses_20260701-090300-Marcos,19,2026-07-01T09:17:08.293Z,2026-07-01T09:17:08.416Z,0.123,4,chunk_20260701-0900-Marcos,chunk_20260701-0900-Marcos,False,within_chunk,1,M1-I-2
ses_20260701-090300-Marcos,20,2026-07-01T09:17:20.360Z,2026-07-01T09:18:06.675Z,46.315,58,chunk_20260701-0900-Marcos,chunk_20260701-0900-Marcos,False,within_chunk,2,M1-I-2
ses_20260701-090300-Marcos,21,2026-07-01T09:18:06.692Z,2026-07-01T09:18:30.568Z,23.876,92,chunk_20260701-0900-Marcos,chunk_20260701-0900-Marcos,False,within_chunk,1,M1-L-4
ses_20260701-090300-Marcos,22,2026-07-01T09:18:31.040Z,2026-07-01T09:19:46.885Z,75.845,280,chunk_20260701-0900-Marcos,chunk_20260701-0900-Marcos,False,within_chunk,2,M1-H-3
ses_20260701-090300-Marcos,23,2026-07-01T09:19:47.408Z,2026-07-01T09:20:07.382Z,19.974,51,chunk_20260701-0900-Marcos,chunk_20260701-0900-Marcos,False,within_chunk,1,M1-I-3
ses_20260701-090300-Marcos,24,2026-07-01T09:20:23.710Z,2026-07-01T09:21:01.216Z,37.506,52,chunk_20260701-0900-Marcos,chunk_20260701-0900-Marcos,False,within_chunk,1,M1-I-3
ses_20260701-090300-Marcos,25,2026-07-01T09:21:05.492Z,2026-07-01T09:21:26.225Z,20.733,56,chunk_20260701-0900-Marcos,chunk_20260701-0900-Marcos,False,within_chunk,1,M1-F-5
ses_20260701-090300-Marcos,26,2026-07-01T09:21:26.226Z,2026-07-01T09:22:24.695Z,58.469,75,chunk_20260701-0900-Marcos,chunk_20260701-0900-Marcos,False,within_chunk,2,M1-H-4
ses_20260701-090300-Marcos,27,2026-07-01T09:22:25.199Z,2026-07-01T09:23:18.529Z,53.33,86,chunk_20260701-0900-Marcos,chunk_20260701-0900-Marcos,False,within_chunk,0,
ses_20260701-090300-Marcos,28,2026-07-01T09:24:58.563Z,2026-07-01T09:25:02.409Z,3.846,10,chunk_20260701-0900-Marcos,chunk_20260701-0900-Marcos,False,within_chunk,0,
ses_20260701-090300-Marcos,29,2026-07-01T09:25:35.262Z,2026-07-01T09:25:59.946Z,24.684,63,chunk_20260701-0900-Marcos,chunk_20260701-0900-Marcos,False,within_chunk,1,M1-D-3
ses_20260701-090300-Marcos,30,2026-07-01T09:26:18.407Z,2026-07-01T09:26:49.487Z,31.08,49,chunk_20260701-0900-Marcos,chunk_20260701-0900-Marcos,False,within_chunk,1,M1-D-3
ses_20260701-090300-Marcos,31,2026-07-01T09:26:49.987Z,2026-07-01T09:27:47.348Z,57.361,94,chunk_20260701-0900-Marcos,chunk_20260701-0900-Marcos,False,within_chunk,1,M1-N-3
ses_20260701-090300-Marcos,32,2026-07-01T09:28:03.285Z,2026-07-01T09:28:19.300Z,16.015,4,chunk_20260701-0900-Marcos,chunk_20260701-0900-Marcos,False,within_chunk,1,M1-N-3
ses_20260701-090300-Marcos,33,2026-07-01T09:28:19.907Z,2026-07-01T09:28:47.064Z,27.157,55,chunk_20260701-0900-Marcos,chunk_20260701-0900-Marcos,False,within_chunk,1,M1-N-3
ses_20260701-092027-SIDDHIGUPTAB00B,1,2026-07-01T09:20:27.981Z,2026-07-01T09:21:22.344Z,54.363,56,chunk_20260701-0900-SIDDHIGUPTAB00B,chunk_20260701-0900-SIDDHIGUPTAB00B,False,within_chunk,1,M1-B-1
ses_20260701-092027-SIDDHIGUPTAB00B,2,2026-07-01T09:21:59.986Z,2026-07-01T09:22:00.913Z,0.927,5,chunk_20260701-0900-SIDDHIGUPTAB00B,chunk_20260701-0900-SIDDHIGUPTAB00B,False,within_chunk,2,M1-N-1
ses_20260701-092027-SIDDHIGUPTAB00B,3,2026-07-01T09:22:00.940Z,2026-07-01T09:22:54.271Z,53.331,85,chunk_20260701-0900-SIDDHIGUPTAB00B,chunk_20260701-0900-SIDDHIGUPTAB00B,False,within_chunk,1,M1-N-1
ses_20260701-092027-SIDDHIGUPTAB00B,4,2026-07-01T09:22:55.070Z,2026-07-01T09:23:14.632Z,19.562,40,chunk_20260701-0900-SIDDHIGUPTAB00B,chunk_20260701-0900-SIDDHIGUPTAB00B,False,within_chunk,2,M1-L-1
ses_20260701-092027-SIDDHIGUPTAB00B,5,2026-07-01T09:23:16.956Z,2026-07-01T09:23:45.934Z,28.978,69,chunk_20260701-0900-SIDDHIGUPTAB00B,chunk_20260701-0900-SIDDHIGUPTAB00B,False,within_chunk,2,M1-A-1
ses_20260701-092027-SIDDHIGUPTAB00B,6,2026-07-01T09:23:48.766Z,2026-07-01T09:24:37.196Z,48.43,91,chunk_20260701-0900-SIDDHIGUPTAB00B,chunk_20260701-0900-SIDDHIGUPTAB00B,False,within_chunk,3,M1-M-1
ses_20260701-092027-SIDDHIGUPTAB00B,7,2026-07-01T09:24:37.199Z,2026-07-01T09:25:18.081Z,40.882,97,chunk_20260701-0900-SIDDHIGUPTAB00B,chunk_20260701-0900-SIDDHIGUPTAB00B,False,within_chunk,1,M1-C-1
ses_20260701-092027-SIDDHIGUPTAB00B,8,2026-07-01T09:25:18.083Z,2026-07-01T09:26:13.733Z,55.65,147,chunk_20260701-0900-SIDDHIGUPTAB00B,chunk_20260701-0900-SIDDHIGUPTAB00B,False,within_chunk,1,M1-K-2
ses_20260701-092027-SIDDHIGUPTAB00B,9,2026-07-01T09:26:16.362Z,2026-07-01T09:27:10.769Z,54.407,174,chunk_20260701-0900-SIDDHIGUPTAB00B,chunk_20260701-0900-SIDDHIGUPTAB00B,False,within_chunk,3,M1-A-2
ses_20260701-092027-SIDDHIGUPTAB00B,10,2026-07-01T09:28:02.905Z,2026-07-01T09:28:05.628Z,2.723,6,chunk_20260701-0900-SIDDHIGUPTAB00B,chunk_20260701-0900-SIDDHIGUPTAB00B,False,within_chunk,1,M1-K-3
ses_20260701-092027-SIDDHIGUPTAB00B,11,2026-07-01T09:28:22.561Z,2026-07-01T09:28:25.495Z,2.934,4,chunk_20260701-0900-SIDDHIGUPTAB00B,chunk_20260701-0900-SIDDHIGUPTAB00B,False,within_chunk,1,M1-K-3
ses_20260701-092027-SIDDHIGUPTAB00B,12,2026-07-01T09:28:26.190Z,2026-07-01T09:29:07.739Z,41.549,110,chunk_20260701-0900-SIDDHIGUPTAB00B,chunk_20260701-0900-SIDDHIGUPTAB00B,False,within_chunk,1,M1-G-2
ses_20260701-092027-SIDDHIGUPTAB00B,13,2026-07-01T09:29:07.833Z,2026-07-01T09:29:08.599Z,0.766,5,chunk_20260701-0900-SIDDHIGUPTAB00B,chunk_20260701-0900-SIDDHIGUPTAB00B,False,within_chunk,2,M1-C-2
ses_20260701-092027-SIDDHIGUPTAB00B,14,2026-07-01T09:29:08.613Z,2026-07-01T09:29:48.859Z,40.246,88,chunk_20260701-0900-SIDDHIGUPTAB00B,chunk_20260701-0900-SIDDHIGUPTAB00B,False,within_chunk,1,M1-C-2
ses_20260701-092027-SIDDHIGUPTAB00B,15,2026-07-01T09:29:49.440Z,2026-07-01T09:30:31.144Z,41.704,95,chunk_20260701-0900-SIDDHIGUPTAB00B,chunk_20260701-0930-SIDDHIGUPTAB00B,True,continuation_across_chunk,2,M1-M-2
ses_20260701-092027-SIDDHIGUPTAB00B,16,2026-07-01T09:30:31.296Z,2026-07-01T09:31:07.488Z,36.192,79,chunk_20260701-0930-SIDDHIGUPTAB00B,chunk_20260701-0930-SIDDHIGUPTAB00B,False,within_chunk,1,M1-J-1
ses_20260701-092027-SIDDHIGUPTAB00B,17,2026-07-01T09:31:10.000Z,2026-07-01T09:33:25.686Z,135.686,94,chunk_20260701-0930-SIDDHIGUPTAB00B,chunk_20260701-0930-SIDDHIGUPTAB00B,False,within_chunk,3,M1-A-3
ses_20260701-092027-SIDDHIGUPTAB00B,18,2026-07-01T09:33:25.698Z,2026-07-01T09:34:10.682Z,44.984,65,chunk_20260701-0930-SIDDHIGUPTAB00B,chunk_20260701-0930-SIDDHIGUPTAB00B,False,within_chunk,1,M1-N-2
ses_20260701-092027-SIDDHIGUPTAB00B,19,2026-07-01T09:34:11.423Z,2026-07-01T09:34:48.680Z,37.257,94,chunk_20260701-0930-SIDDHIGUPTAB00B,chunk_20260701-0930-SIDDHIGUPTAB00B,False,within_chunk,1,M1-C-3
ses_20260701-092027-SIDDHIGUPTAB00B,20,2026-07-01T09:34:50.957Z,2026-07-01T09:36:05.589Z,74.632,163,chunk_20260701-0930-SIDDHIGUPTAB00B,chunk_20260701-0930-SIDDHIGUPTAB00B,False,within_chunk,3,M1-M-3
ses_20260701-092027-SIDDHIGUPTAB00B,21,2026-07-01T09:36:06.075Z,2026-07-01T09:36:27.404Z,21.329,75,chunk_20260701-0930-SIDDHIGUPTAB00B,chunk_20260701-0930-SIDDHIGUPTAB00B,False,within_chunk,1,M1-B-2
ses_20260701-092027-SIDDHIGUPTAB00B,22,2026-07-01T09:37:02.824Z,2026-07-01T09:37:06.664Z,3.84,16,chunk_20260701-0930-SIDDHIGUPTAB00B,chunk_20260701-0930-SIDDHIGUPTAB00B,False,within_chunk,0,
ses_20260701-092027-SIDDHIGUPTAB00B,23,2026-07-01T09:37:06.712Z,2026-07-01T09:37:32.022Z,25.31,79,chunk_20260701-0930-SIDDHIGUPTAB00B,chunk_20260701-0930-SIDDHIGUPTAB00B,False,within_chunk,1,M1-G-3
ses_20260701-092027-SIDDHIGUPTAB00B,24,2026-07-01T09:37:32.119Z,2026-07-01T09:37:57.099Z,24.98,77,chunk_20260701-0930-SIDDHIGUPTAB00B,chunk_20260701-0930-SIDDHIGUPTAB00B,False,within_chunk,2,M1-L-2
ses_20260701-092027-SIDDHIGUPTAB00B,25,2026-07-01T09:37:59.814Z,2026-07-01T09:38:56.345Z,56.531,169,chunk_20260701-0930-SIDDHIGUPTAB00B,chunk_20260701-0930-SIDDHIGUPTAB00B,False,within_chunk,1,M1-A-5
ses_20260701-092027-SIDDHIGUPTAB00B,26,2026-07-01T09:38:59.628Z,2026-07-01T09:39:06.037Z,6.409,13,chunk_20260701-0930-SIDDHIGUPTAB00B,chunk_20260701-0930-SIDDHIGUPTAB00B,False,within_chunk,1,M1-D-1
ses_20260701-092027-SIDDHIGUPTAB00B,27,2026-07-01T09:39:20.021Z,2026-07-01T09:39:42.339Z,22.318,31,chunk_20260701-0930-SIDDHIGUPTAB00B,chunk_20260701-0930-SIDDHIGUPTAB00B,False,within_chunk,1,M1-D-1
ses_20260701-092027-SIDDHIGUPTAB00B,28,2026-07-01T09:39:42.780Z,2026-07-01T09:39:43.043Z,0.263,7,chunk_20260701-0930-SIDDHIGUPTAB00B,chunk_20260701-0930-SIDDHIGUPTAB00B,False,within_chunk,1,M1-N-3
ses_20260701-092027-SIDDHIGUPTAB00B,29,2026-07-01T09:39:44.483Z,2026-07-01T09:40:33.535Z,49.052,74,chunk_20260701-0930-SIDDHIGUPTAB00B,chunk_20260701-0930-SIDDHIGUPTAB00B,False,within_chunk,1,M1-N-3
ses_20260701-092027-SIDDHIGUPTAB00B,30,2026-07-01T09:40:37.522Z,2026-07-01T09:41:09.731Z,32.209,50,chunk_20260701-0930-SIDDHIGUPTAB00B,chunk_20260701-0930-SIDDHIGUPTAB00B,False,within_chunk,1,M1-M-4
ses_20260701-092027-SIDDHIGUPTAB00B,31,2026-07-01T09:41:13.876Z,2026-07-01T09:41:29.873Z,15.997,38,chunk_20260701-0930-SIDDHIGUPTAB00B,chunk_20260701-0930-SIDDHIGUPTAB00B,False,within_chunk,1,M1-L-3
ses_20260701-092027-SIDDHIGUPTAB00B,32,2026-07-01T09:41:29.968Z,2026-07-01T09:41:33.434Z,3.466,7,chunk_20260701-0930-SIDDHIGUPTAB00B,chunk_20260701-0930-SIDDHIGUPTAB00B,False,within_chunk,2,M1-B-3
ses_20260701-092027-SIDDHIGUPTAB00B,33,2026-07-01T09:41:33.446Z,2026-07-01T09:41:54.630Z,21.184,68,chunk_20260701-0930-SIDDHIGUPTAB00B,chunk_20260701-0930-SIDDHIGUPTAB00B,False,within_chunk,1,M1-B-3
ses_20260701-092027-SIDDHIGUPTAB00B,34,2026-07-01T09:42:37.034Z,2026-07-01T09:43:08.177Z,31.143,111,chunk_20260701-0930-SIDDHIGUPTAB00B,chunk_20260701-0930-SIDDHIGUPTAB00B,False,within_chunk,3,M1-J-3
ses_20260701-092027-SIDDHIGUPTAB00B,35,2026-07-01T09:43:08.188Z,2026-07-01T09:43:29.605Z,21.417,73,chunk_20260701-0930-SIDDHIGUPTAB00B,chunk_20260701-0930-SIDDHIGUPTAB00B,False,within_chunk,1,M1-L-4
ses_20260701-092027-SIDDHIGUPTAB00B,36,2026-07-01T09:43:32.339Z,2026-07-01T09:44:35.945Z,63.606,100,chunk_20260701-0930-SIDDHIGUPTAB00B,chunk_20260701-0930-SIDDHIGUPTAB00B,False,within_chunk,2,M1-D-3
ses_20260701-092027-SIDDHIGUPTAB00B,37,2026-07-01T09:45:11.257Z,2026-07-01T09:46:25.494Z,74.237,72,chunk_20260701-0930-SIDDHIGUPTAB00B,chunk_20260701-0930-SIDDHIGUPTAB00B,False,within_chunk,1,M1-D-3
ses_20260701-093900-Marcos,1,2026-07-01T09:39:00.252Z,2026-07-01T09:39:51.471Z,51.219,81,chunk_20260701-0930-Marcos,chunk_20260701-0930-Marcos,False,within_chunk,1,M1-K-1
ses_20260701-093900-Marcos,2,2026-07-01T09:39:55.314Z,2026-07-01T09:40:00.129Z,4.815,8,chunk_20260701-0930-Marcos,chunk_20260701-0930-Marcos,False,within_chunk,1,M1-M-1
ses_20260701-093900-Marcos,3,2026-07-01T09:40:03.002Z,2026-07-01T09:40:33.218Z,30.216,60,chunk_20260701-0930-Marcos,chunk_20260701-0930-Marcos,False,within_chunk,1,M1-M-1
ses_20260701-093900-Marcos,4,2026-07-01T09:40:33.742Z,2026-07-01T09:41:01.140Z,27.398,85,chunk_20260701-0930-Marcos,chunk_20260701-0930-Marcos,False,within_chunk,1,M1-E-1
ses_20260701-093900-Marcos,5,2026-07-01T09:41:20.381Z,2026-07-01T09:41:37.671Z,17.29,64,chunk_20260701-0930-Marcos,chunk_20260701-0930-Marcos,False,within_chunk,2,M1-G-1
ses_20260701-093900-Marcos,6,2026-07-01T09:41:37.672Z,2026-07-01T09:42:14.500Z,36.828,51,chunk_20260701-0930-Marcos,chunk_20260701-0930-Marcos,False,within_chunk,2,M1-J-1
ses_20260701-093900-Marcos,7,2026-07-01T09:42:17.945Z,2026-07-01T09:42:53.653Z,35.708,84,chunk_20260701-0930-Marcos,chunk_20260701-0930-Marcos,False,within_chunk,1,M1-G-3
ses_20260701-093900-Marcos,8,2026-07-01T09:42:56.544Z,2026-07-01T09:43:21.505Z,24.961,86,chunk_20260701-0930-Marcos,chunk_20260701-0930-Marcos,False,within_chunk,2,M1-K-2
ses_20260701-093900-Marcos,9,2026-07-01T09:43:23.952Z,2026-07-01T09:44:05.294Z,41.342,104,chunk_20260701-0930-Marcos,chunk_20260701-0930-Marcos,False,within_chunk,1,M1-J-2
ses_20260701-093900-Marcos,10,2026-07-01T09:44:05.308Z,2026-07-01T09:44:21.291Z,15.983,5,chunk_20260701-0930-Marcos,chunk_20260701-0930-Marcos,False,within_chunk,2,M1-M-2
ses_20260701-093900-Marcos,11,2026-07-01T09:44:21.294Z,2026-07-01T09:44:54.213Z,32.919,73,chunk_20260701-0930-Marcos,chunk_20260701-0930-Marcos,False,within_chunk,1,M1-M-2
ses_20260701-093900-Marcos,12,2026-07-01T09:44:58.521Z,2026-07-01T09:45:25.776Z,27.255,79,chunk_20260701-0930-Marcos,chunk_20260701-0930-Marcos,False,within_chunk,1,M1-O-1
ses_20260701-093900-Marcos,13,2026-07-01T09:45:44.506Z,2026-07-01T09:46:43.169Z,58.663,170,chunk_20260701-0930-Marcos,chunk_20260701-0930-Marcos,False,within_chunk,3,M1-G-4
ses_20260701-093900-Marcos,14,2026-07-01T09:46:43.652Z,2026-07-01T09:47:17.364Z,33.712,75,chunk_20260701-0930-Marcos,chunk_20260701-0930-Marcos,False,within_chunk,1,M1-M-3
ses_20260701-093900-Marcos,15,2026-07-01T09:47:21.386Z,2026-07-01T09:47:45.268Z,23.882,77,chunk_20260701-0930-Marcos,chunk_20260701-0930-Marcos,False,within_chunk,1,M1-O-2
ses_20260701-093900-Marcos,16,2026-07-01T09:47:49.028Z,2026-07-01T09:47:49.132Z,0.104,6,chunk_20260701-0930-Marcos,chunk_20260701-0930-Marcos,False,within_chunk,1,M1-F-2
ses_20260701-093900-Marcos,17,2026-07-01T09:47:49.178Z,2026-07-01T09:48:13.639Z,24.461,68,chunk_20260701-0930-Marcos,chunk_20260701-0930-Marcos,False,within_chunk,1,M1-F-2
ses_20260701-093900-Marcos,18,2026-07-01T09:48:14.094Z,2026-07-01T09:48:41.914Z,27.82,84,chunk_20260701-0930-Marcos,chunk_20260701-0930-Marcos,False,within_chunk,1,M1-E-2
ses_20260701-093900-Marcos,19,2026-07-01T09:48:42.001Z,2026-07-01T09:49:08.926Z,26.925,102,chunk_20260701-0930-Marcos,chunk_20260701-0930-Marcos,False,within_chunk,2,M1-K-3
ses_20260701-093900-Marcos,20,2026-07-01T09:49:11.384Z,2026-07-01T09:49:37.035Z,25.651,57,chunk_20260701-0930-Marcos,chunk_20260701-0930-Marcos,False,within_chunk,1,M1-K-3
ses_20260701-093900-Marcos,21,2026-07-01T09:49:57.583Z,2026-07-01T09:49:59.023Z,1.44,8,chunk_20260701-0930-Marcos,chunk_20260701-0930-Marcos,False,within_chunk,0,
ses_20260701-093900-Marcos,22,2026-07-01T09:50:30.485Z,2026-07-01T09:51:20.620Z,50.135,78,chunk_20260701-0930-Marcos,chunk_20260701-0930-Marcos,False,within_chunk,1,M1-I-2
ses_20260701-093900-Marcos,23,2026-07-01T09:51:55.223Z,2026-07-01T09:52:04.689Z,9.466,44,chunk_20260701-0930-Marcos,chunk_20260701-0930-Marcos,False,within_chunk,1,M1-I-2
ses_20260701-093900-Marcos,24,2026-07-01T09:52:08.701Z,2026-07-01T09:52:53.366Z,44.665,121,chunk_20260701-0930-Marcos,chunk_20260701-0930-Marcos,False,within_chunk,1,M1-F-4
ses_20260701-093900-Marcos,25,2026-07-01T09:52:57.432Z,2026-07-01T09:53:21.695Z,24.263,61,chunk_20260701-0930-Marcos,chunk_20260701-0930-Marcos,False,within_chunk,1,M1-J-3
ses_20260701-093900-Marcos,26,2026-07-01T09:53:22.132Z,2026-07-01T09:55:10.659Z,108.527,116,chunk_20260701-0930-Marcos,chunk_20260701-0930-Marcos,False,within_chunk,1,M1-K-5
ses_20260701-093900-Marcos,27,2026-07-01T09:55:13.134Z,2026-07-01T09:55:31.892Z,18.758,51,chunk_20260701-0930-Marcos,chunk_20260701-0930-Marcos,False,within_chunk,1,M1-K-5
ses_20260701-093900-Marcos,28,2026-07-01T09:55:48.534Z,2026-07-01T09:57:09.964Z,81.43,118,chunk_20260701-0930-Marcos,chunk_20260701-0930-Marcos,False,within_chunk,2,M1-I-3
ses_20260701-093900-Marcos,29,2026-07-01T09:57:10.434Z,2026-07-01T09:57:41.145Z,30.711,91,chunk_20260701-0930-Marcos,chunk_20260701-0930-Marcos,False,within_chunk,1,M1-O-3
ses_20260701-093900-Marcos,30,2026-07-01T09:57:55.755Z,2026-07-01T09:58:49.353Z,53.598,122,chunk_20260701-0930-Marcos,chunk_20260701-0930-Marcos,False,within_chunk,2,M1-E-3
ses_20260701-095337-LAPTOP-0IM1OHQH,1,2026-07-01T09:53:37.095Z,2026-07-01T09:53:56.515Z,19.42,21,chunk_20260701-0930-LAPTOP-0IM1OHQH,chunk_20260701-0930-LAPTOP-0IM1OHQH,False,within_chunk,0,
ses_20260701-095337-LAPTOP-0IM1OHQH,2,2026-07-01T09:53:57.347Z,2026-07-01T09:54:24.502Z,27.155,71,chunk_20260701-0930-LAPTOP-0IM1OHQH,chunk_20260701-0930-LAPTOP-0IM1OHQH,False,within_chunk,0,
ses_20260701-095337-LAPTOP-0IM1OHQH,3,2026-07-01T09:55:09.142Z,2026-07-01T09:55:29.684Z,20.542,55,chunk_20260701-0930-LAPTOP-0IM1OHQH,chunk_20260701-0930-LAPTOP-0IM1OHQH,False,within_chunk,1,M1-A-2
ses_20260701-095337-LAPTOP-0IM1OHQH,4,2026-07-01T09:56:23.872Z,2026-07-01T09:57:10.404Z,46.532,103,chunk_20260701-0930-LAPTOP-0IM1OHQH,chunk_20260701-0930-LAPTOP-0IM1OHQH,False,within_chunk,1,M1-M-1
ses_20260701-095337-LAPTOP-0IM1OHQH,5,2026-07-01T09:57:10.913Z,2026-07-01T09:57:11.535Z,0.622,13,chunk_20260701-0930-LAPTOP-0IM1OHQH,chunk_20260701-0930-LAPTOP-0IM1OHQH,False,within_chunk,0,
ses_20260701-095337-LAPTOP-0IM1OHQH,6,2026-07-01T09:57:12.569Z,2026-07-01T09:57:52.385Z,39.816,98,chunk_20260701-0930-LAPTOP-0IM1OHQH,chunk_20260701-0930-LAPTOP-0IM1OHQH,False,within_chunk,1,M1-G-2
ses_20260701-095337-LAPTOP-0IM1OHQH,7,2026-07-01T09:57:52.832Z,2026-07-01T10:00:18.558Z,145.726,194,chunk_20260701-0930-LAPTOP-0IM1OHQH,chunk_20260701-1000-LAPTOP-0IM1OHQH,True,continuation_across_chunk,1,M1-C-3
ses_20260701-095337-LAPTOP-0IM1OHQH,8,2026-07-01T10:00:19.007Z,2026-07-01T10:01:11.679Z,52.672,160,chunk_20260701-1000-LAPTOP-0IM1OHQH,chunk_20260701-1000-LAPTOP-0IM1OHQH,False,within_chunk,1,M1-F-2
ses_20260701-095337-LAPTOP-0IM1OHQH,9,2026-07-01T10:01:35.398Z,2026-07-01T10:02:26.638Z,51.24,86,chunk_20260701-1000-LAPTOP-0IM1OHQH,chunk_20260701-1000-LAPTOP-0IM1OHQH,False,within_chunk,2,M1-C-4
ses_20260701-095337-LAPTOP-0IM1OHQH,10,2026-07-01T10:02:26.669Z,2026-07-01T10:03:49.874Z,83.205,106,chunk_20260701-1000-LAPTOP-0IM1OHQH,chunk_20260701-1000-LAPTOP-0IM1OHQH,False,within_chunk,1,M1-I-1
ses_20260701-095337-LAPTOP-0IM1OHQH,11,2026-07-01T10:04:09.500Z,2026-07-01T10:04:31.758Z,22.258,80,chunk_20260701-1000-LAPTOP-0IM1OHQH,chunk_20260701-1000-LAPTOP-0IM1OHQH,False,within_chunk,2,M1-A-3
ses_20260701-095337-LAPTOP-0IM1OHQH,12,2026-07-01T10:05:16.557Z,2026-07-01T10:06:18.502Z,61.945,105,chunk_20260701-1000-LAPTOP-0IM1OHQH,chunk_20260701-1000-LAPTOP-0IM1OHQH,False,within_chunk,3,M1-G-3
ses_20260701-095337-LAPTOP-0IM1OHQH,13,2026-07-01T10:06:51.527Z,2026-07-01T10:07:02.590Z,11.063,43,chunk_20260701-1000-LAPTOP-0IM1OHQH,chunk_20260701-1000-LAPTOP-0IM1OHQH,False,within_chunk,1,M1-I-2
ses_20260701-095337-LAPTOP-0IM1OHQH,14,2026-07-01T10:07:15.276Z,2026-07-01T10:07:40.418Z,25.142,61,chunk_20260701-1000-LAPTOP-0IM1OHQH,chunk_20260701-1000-LAPTOP-0IM1OHQH,False,within_chunk,1,M1-G-4
ses_20260701-095337-LAPTOP-0IM1OHQH,15,2026-07-01T10:07:40.845Z,2026-07-01T10:08:04.001Z,23.156,92,chunk_20260701-1000-LAPTOP-0IM1OHQH,chunk_20260701-1000-LAPTOP-0IM1OHQH,False,within_chunk,1,M1-A-4
ses_20260701-095337-LAPTOP-0IM1OHQH,16,2026-07-01T10:09:06.922Z,2026-07-01T10:09:07.531Z,0.609,6,chunk_20260701-1000-LAPTOP-0IM1OHQH,chunk_20260701-1000-LAPTOP-0IM1OHQH,False,within_chunk,2,M1-N-1
ses_20260701-095337-LAPTOP-0IM1OHQH,17,2026-07-01T10:09:07.541Z,2026-07-01T10:12:17.080Z,189.539,140,chunk_20260701-1000-LAPTOP-0IM1OHQH,chunk_20260701-1000-LAPTOP-0IM1OHQH,False,within_chunk,2,M1-N-1
ses_20260701-095337-LAPTOP-0IM1OHQH,18,2026-07-01T10:12:20.559Z,2026-07-01T10:12:26.807Z,6.248,13,chunk_20260701-1000-LAPTOP-0IM1OHQH,chunk_20260701-1000-LAPTOP-0IM1OHQH,False,within_chunk,0,
ses_20260701-095337-LAPTOP-0IM1OHQH,19,2026-07-01T10:12:43.514Z,2026-07-01T10:13:18.753Z,35.239,54,chunk_20260701-1000-LAPTOP-0IM1OHQH,chunk_20260701-1000-LAPTOP-0IM1OHQH,False,within_chunk,1,M1-N-3
ses_20260701-095337-LAPTOP-0IM1OHQH,20,2026-07-01T10:13:45.323Z,2026-07-01T10:13:46.015Z,0.692,6,chunk_20260701-1000-LAPTOP-0IM1OHQH,chunk_20260701-1000-LAPTOP-0IM1OHQH,False,within_chunk,1,M1-N-3
ses_20260701-095337-LAPTOP-0IM1OHQH,21,2026-07-01T10:13:46.110Z,2026-07-01T10:13:53.129Z,7.019,35,chunk_20260701-1000-LAPTOP-0IM1OHQH,chunk_20260701-1000-LAPTOP-0IM1OHQH,False,within_chunk,1,M1-N-3
ses_20260701-095337-LAPTOP-0IM1OHQH,22,2026-07-01T10:13:57.612Z,2026-07-01T10:14:34.331Z,36.719,51,chunk_20260701-1000-LAPTOP-0IM1OHQH,chunk_20260701-1000-LAPTOP-0IM1OHQH,False,within_chunk,1,M1-M-3
ses_20260701-095337-LAPTOP-0IM1OHQH,23,2026-07-01T10:14:34.332Z,2026-07-01T10:15:44.243Z,69.911,193,chunk_20260701-1000-LAPTOP-0IM1OHQH,chunk_20260701-1000-LAPTOP-0IM1OHQH,False,within_chunk,2,M1-F-4
ses_20260701-095337-LAPTOP-0IM1OHQH,24,2026-07-01T10:15:46.793Z,2026-07-01T10:16:11.460Z,24.667,81,chunk_20260701-1000-LAPTOP-0IM1OHQH,chunk_20260701-1000-LAPTOP-0IM1OHQH,False,within_chunk,2,M1-O-1
ses_20260701-095337-LAPTOP-0IM1OHQH,25,2026-07-01T10:16:11.982Z,2026-07-01T10:16:36.650Z,24.668,98,chunk_20260701-1000-LAPTOP-0IM1OHQH,chunk_20260701-1000-LAPTOP-0IM1OHQH,False,within_chunk,2,M1-H-1
ses_20260701-095337-LAPTOP-0IM1OHQH,26,2026-07-01T10:16:36.673Z,2026-07-01T10:17:01.453Z,24.78,76,chunk_20260701-1000-LAPTOP-0IM1OHQH,chunk_20260701-1000-LAPTOP-0IM1OHQH,False,within_chunk,1,M1-O-2
ses_20260701-095337-LAPTOP-0IM1OHQH,27,2026-07-01T10:17:01.932Z,2026-07-01T10:17:26.938Z,25.006,94,chunk_20260701-1000-LAPTOP-0IM1OHQH,chunk_20260701-1000-LAPTOP-0IM1OHQH,False,within_chunk,2,M1-H-2
ses_20260701-095337-LAPTOP-0IM1OHQH,28,2026-07-01T10:17:26.967Z,2026-07-01T10:17:50.490Z,23.523,77,chunk_20260701-1000-LAPTOP-0IM1OHQH,chunk_20260701-1000-LAPTOP-0IM1OHQH,False,within_chunk,1,M1-O-3
ses_20260701-095337-LAPTOP-0IM1OHQH,29,2026-07-01T10:18:53.058Z,2026-07-01T10:18:53.948Z,0.89,4,chunk_20260701-1000-LAPTOP-0IM1OHQH,chunk_20260701-1000-LAPTOP-0IM1OHQH,False,within_chunk,1,M1-O-3
ses_20260701-095337-LAPTOP-0IM1OHQH,30,2026-07-01T10:19:09.462Z,2026-07-01T10:19:46.958Z,37.496,61,chunk_20260701-1000-LAPTOP-0IM1OHQH,chunk_20260701-1000-LAPTOP-0IM1OHQH,False,within_chunk,2,M1-I-3
ses_20260701-095337-LAPTOP-0IM1OHQH,31,2026-07-01T10:20:07.659Z,2026-07-01T10:20:29.349Z,21.69,43,chunk_20260701-1000-LAPTOP-0IM1OHQH,chunk_20260701-1000-LAPTOP-0IM1OHQH,False,within_chunk,1,M1-I-3
ses_20260701-095337-LAPTOP-0IM1OHQH,32,2026-07-01T10:20:48.107Z,2026-07-01T10:21:11.591Z,23.484,60,chunk_20260701-1000-LAPTOP-0IM1OHQH,chunk_20260701-1000-LAPTOP-0IM1OHQH,False,within_chunk,1,M1-H-3
ses_20260701-095337-LAPTOP-0IM1OHQH,33,2026-07-01T10:21:35.606Z,2026-07-01T10:22:46.003Z,70.397,114,chunk_20260701-1000-LAPTOP-0IM1OHQH,chunk_20260701-1000-LAPTOP-0IM1OHQH,False,within_chunk,2,M1-M-4
ses_20260701-100550-Marcos,1,2026-07-01T10:05:50.981Z,2026-07-01T10:06:38.697Z,47.716,70,chunk_20260701-1000-Marcos,chunk_20260701-1000-Marcos,False,within_chunk,1,M1-G-1
ses_20260701-100550-Marcos,2,2026-07-01T10:06:38.838Z,2026-07-01T10:07:48.923Z,70.085,98,chunk_20260701-1000-Marcos,chunk_20260701-1000-Marcos,False,within_chunk,2,M1-N-2
ses_20260701-100550-Marcos,3,2026-07-01T10:08:08.569Z,2026-07-01T10:08:39.503Z,30.934,46,chunk_20260701-1000-Marcos,chunk_20260701-1000-Marcos,False,within_chunk,1,M1-N-2
ses_20260701-100550-Marcos,4,2026-07-01T10:08:39.610Z,2026-07-01T10:08:40.698Z,1.088,14,chunk_20260701-1000-Marcos,chunk_20260701-1000-Marcos,False,within_chunk,2,M1-D-1
ses_20260701-100550-Marcos,5,2026-07-01T10:08:41.629Z,2026-07-01T10:09:36.677Z,55.048,54,chunk_20260701-1000-Marcos,chunk_20260701-1000-Marcos,False,within_chunk,1,M1-D-1
ses_20260701-100550-Marcos,6,2026-07-01T10:09:37.204Z,2026-07-01T10:09:54.300Z,17.096,65,chunk_20260701-1000-Marcos,chunk_20260701-1000-Marcos,False,within_chunk,1,M1-G-2
ses_20260701-100550-Marcos,7,2026-07-01T10:09:56.762Z,2026-07-01T10:10:50.838Z,54.076,87,chunk_20260701-1000-Marcos,chunk_20260701-1000-Marcos,False,within_chunk,2,M1-N-3
ses_20260701-100550-Marcos,8,2026-07-01T10:11:38.456Z,2026-07-01T10:11:39.699Z,1.243,4,chunk_20260701-1000-Marcos,chunk_20260701-1000-Marcos,False,within_chunk,1,M1-N-3
ses_20260701-100550-Marcos,9,2026-07-01T10:11:58.919Z,2026-07-01T10:13:09.583Z,70.664,166,chunk_20260701-1000-Marcos,chunk_20260701-1000-Marcos,False,within_chunk,2,M1-D-2
ses_20260701-100550-Marcos,10,2026-07-01T10:13:09.651Z,2026-07-01T10:13:13.334Z,3.683,4,chunk_20260701-1000-Marcos,chunk_20260701-1000-Marcos,False,within_chunk,1,M1-D-2
ses_20260701-100550-Marcos,11,2026-07-01T10:13:13.766Z,2026-07-01T10:13:34.866Z,21.1,71,chunk_20260701-1000-Marcos,chunk_20260701-1000-Marcos,False,within_chunk,1,M1-G-3
ses_20260701-100550-Marcos,12,2026-07-01T10:13:34.867Z,2026-07-01T10:14:35.500Z,60.633,102,chunk_20260701-1000-Marcos,chunk_20260701-1000-Marcos,False,within_chunk,2,M1-J-2
ses_20260701-100550-Marcos,13,2026-07-01T10:14:52.478Z,2026-07-01T10:14:59.997Z,7.519,30,chunk_20260701-1000-Marcos,chunk_20260701-1000-Marcos,False,within_chunk,1,M1-J-2
ses_20260701-100550-Marcos,14,2026-07-01T10:15:00.452Z,2026-07-01T10:15:29.233Z,28.781,88,chunk_20260701-1000-Marcos,chunk_20260701-1000-Marcos,False,within_chunk,1,M1-O-1
ses_20260701-100550-Marcos,15,2026-07-01T10:15:48.873Z,2026-07-01T10:16:14.790Z,25.917,97,chunk_20260701-1000-Marcos,chunk_20260701-1000-Marcos,False,within_chunk,2,M1-F-1
ses_20260701-100550-Marcos,16,2026-07-01T10:16:15.263Z,2026-07-01T10:16:37.492Z,22.229,75,chunk_20260701-1000-Marcos,chunk_20260701-1000-Marcos,False,within_chunk,1,M1-L-1
ses_20260701-100550-Marcos,17,2026-07-01T10:17:07.901Z,2026-07-01T10:18:09.673Z,61.772,95,chunk_20260701-1000-Marcos,chunk_20260701-1000-Marcos,False,within_chunk,2,M1-D-3
ses_20260701-100550-Marcos,18,2026-07-01T10:18:10.181Z,2026-07-01T10:19:01.839Z,51.658,155,chunk_20260701-1000-Marcos,chunk_20260701-1000-Marcos,False,within_chunk,2,M1-G-4
ses_20260701-100550-Marcos,19,2026-07-01T10:19:02.326Z,2026-07-01T10:19:31.500Z,29.174,88,chunk_20260701-1000-Marcos,chunk_20260701-1000-Marcos,False,within_chunk,1,M1-A-1
ses_20260701-100550-Marcos,20,2026-07-01T10:19:31.963Z,2026-07-01T10:19:49.903Z,17.94,64,chunk_20260701-1000-Marcos,chunk_20260701-1000-Marcos,False,within_chunk,1,M1-L-2
ses_20260701-100550-Marcos,21,2026-07-01T10:20:37.944Z,2026-07-01T10:21:02.675Z,24.731,81,chunk_20260701-1000-Marcos,chunk_20260701-1000-Marcos,False,within_chunk,1,M1-A-2
ses_20260701-100550-Marcos,22,2026-07-01T10:21:03.210Z,2026-07-01T10:22:00.049Z,56.839,157,chunk_20260701-1000-Marcos,chunk_20260701-1000-Marcos,False,within_chunk,1,M1-F-4
ses_20260701-100550-Marcos,23,2026-07-01T10:22:00.552Z,2026-07-01T10:22:26.831Z,26.279,97,chunk_20260701-1000-Marcos,chunk_20260701-1000-Marcos,False,within_chunk,1,M1-A-3
ses_20260701-100550-Marcos,24,2026-07-01T10:22:27.339Z,2026-07-01T10:22:45.337Z,17.998,63,chunk_20260701-1000-Marcos,chunk_20260701-1000-Marcos,False,within_chunk,1,M1-L-3
ses_20260701-100550-Marcos,25,2026-07-01T10:23:25.749Z,2026-07-01T10:23:54.623Z,28.874,88,chunk_20260701-1000-Marcos,chunk_20260701-1000-Marcos,False,within_chunk,2,M1-A-4
ses_20260701-100550-Marcos,26,2026-07-01T10:23:55.147Z,2026-07-01T10:24:16.986Z,21.839,55,chunk_20260701-1000-Marcos,chunk_20260701-1000-Marcos,False,within_chunk,1,M1-I-1
ses_20260701-100550-Marcos,27,2026-07-01T10:24:34.433Z,2026-07-01T10:24:50.686Z,16.253,10,chunk_20260701-1000-Marcos,chunk_20260701-1000-Marcos,False,within_chunk,1,M1-I-1
ses_20260701-100550-Marcos,28,2026-07-01T10:25:09.125Z,2026-07-01T10:25:17.745Z,8.62,43,chunk_20260701-1000-Marcos,chunk_20260701-1000-Marcos,False,within_chunk,1,M1-I-1
ses_20260701-100550-Marcos,29,2026-07-01T10:25:21.471Z,2026-07-01T10:25:47.298Z,25.827,80,chunk_20260701-1000-Marcos,chunk_20260701-1000-Marcos,False,within_chunk,1,M1-A-5
ses_20260701-100550-Marcos,30,2026-07-01T10:25:47.299Z,2026-07-01T10:25:54.899Z,7.6,11,chunk_20260701-1000-Marcos,chunk_20260701-1000-Marcos,False,within_chunk,2,M1-A-5
ses_20260701-100550-Marcos,31,2026-07-01T10:25:54.916Z,2026-07-01T10:26:17.117Z,22.201,89,chunk_20260701-1000-Marcos,chunk_20260701-1000-Marcos,False,within_chunk,1,M1-L-4
ses_20260701-100550-Marcos,32,2026-07-01T10:27:04.046Z,2026-07-01T10:27:04.642Z,0.596,4,chunk_20260701-1000-Marcos,chunk_20260701-1000-Marcos,False,within_chunk,2,M1-I-2
ses_20260701-100550-Marcos,33,2026-07-01T10:27:04.659Z,2026-07-01T10:27:44.248Z,39.589,58,chunk_20260701-1000-Marcos,chunk_20260701-1000-Marcos,False,within_chunk,1,M1-I-2
ses_20260701-100550-Marcos,34,2026-07-01T10:28:10.197Z,2026-07-01T10:28:18.565Z,8.368,45,chunk_20260701-1000-Marcos,chunk_20260701-1000-Marcos,False,within_chunk,1,M1-I-2
ses_20260701-100550-Marcos,35,2026-07-01T10:28:22.495Z,2026-07-01T10:28:44.113Z,21.618,52,chunk_20260701-1000-Marcos,chunk_20260701-1000-Marcos,False,within_chunk,1,M1-J-3
ses_20260701-100550-Marcos,36,2026-07-01T10:29:04.607Z,2026-07-01T10:29:13.675Z,9.068,13,chunk_20260701-1000-Marcos,chunk_20260701-1000-Marcos,False,within_chunk,1,M1-I-3
ses_20260701-100550-Marcos,37,2026-07-01T10:29:17.730Z,2026-07-01T10:30:17.561Z,59.831,64,chunk_20260701-1000-Marcos,chunk_20260701-1030-Marcos,True,continuation_across_chunk,1,M1-I-3
ses_20260701-100550-Marcos,38,2026-07-01T10:30:18.027Z,2026-07-01T10:31:06.920Z,48.893,149,chunk_20260701-1030-Marcos,chunk_20260701-1030-Marcos,False,within_chunk,1,M1-E-2
ses_20260701-100550-Marcos,39,2026-07-01T10:31:07.362Z,2026-07-01T10:32:17.236Z,69.874,164,chunk_20260701-1030-Marcos,chunk_20260701-1030-Marcos,False,within_chunk,2,M1-O-3
ses_20260701-100550-Marcos,40,2026-07-01T10:32:17.298Z,2026-07-01T10:33:20.557Z,63.259,94,chunk_20260701-1030-Marcos,chunk_20260701-1030-Marcos,False,within_chunk,1,M1-E-3
ses_20260701-103521-LAPTOP-0IM1OHQH,1,2026-07-01T10:35:21.671Z,2026-07-01T10:35:41.464Z,19.793,21,chunk_20260701-1030-LAPTOP-0IM1OHQH,chunk_20260701-1030-LAPTOP-0IM1OHQH,False,within_chunk,1,M1-A-1
ses_20260701-103521-LAPTOP-0IM1OHQH,2,2026-07-01T10:35:41.485Z,2026-07-01T10:36:06.693Z,25.208,65,chunk_20260701-1030-LAPTOP-0IM1OHQH,chunk_20260701-1030-LAPTOP-0IM1OHQH,False,within_chunk,1,M1-A-1
ses_20260701-103521-LAPTOP-0IM1OHQH,3,2026-07-01T10:36:07.232Z,2026-07-01T10:36:55.269Z,48.037,146,chunk_20260701-1030-LAPTOP-0IM1OHQH,chunk_20260701-1030-LAPTOP-0IM1OHQH,False,within_chunk,1,M1-H-2
ses_20260701-103521-LAPTOP-0IM1OHQH,4,2026-07-01T10:36:55.778Z,2026-07-01T10:37:17.353Z,21.575,74,chunk_20260701-1030-LAPTOP-0IM1OHQH,chunk_20260701-1030-LAPTOP-0IM1OHQH,False,within_chunk,1,M1-L-1
ses_20260701-103521-LAPTOP-0IM1OHQH,5,2026-07-01T10:37:20.454Z,2026-07-01T10:38:15.910Z,55.456,85,chunk_20260701-1030-LAPTOP-0IM1OHQH,chunk_20260701-1030-LAPTOP-0IM1OHQH,False,within_chunk,2,M1-C-1
ses_20260701-103521-LAPTOP-0IM1OHQH,6,2026-07-01T10:38:16.428Z,2026-07-01T10:39:02.135Z,45.707,106,chunk_20260701-1030-LAPTOP-0IM1OHQH,chunk_20260701-1030-LAPTOP-0IM1OHQH,False,within_chunk,2,M1-M-1
ses_20260701-103521-LAPTOP-0IM1OHQH,7,2026-07-01T10:39:02.149Z,2026-07-01T10:39:17.424Z,15.275,46,chunk_20260701-1030-LAPTOP-0IM1OHQH,chunk_20260701-1030-LAPTOP-0IM1OHQH,False,within_chunk,1,M1-C-2
ses_20260701-103521-LAPTOP-0IM1OHQH,8,2026-07-01T10:39:40.820Z,2026-07-01T10:39:48.667Z,7.847,26,chunk_20260701-1030-LAPTOP-0IM1OHQH,chunk_20260701-1030-LAPTOP-0IM1OHQH,False,within_chunk,1,M1-C-2
ses_20260701-103521-LAPTOP-0IM1OHQH,9,2026-07-01T10:39:51.084Z,2026-07-01T10:40:15.355Z,24.271,78,chunk_20260701-1030-LAPTOP-0IM1OHQH,chunk_20260701-1030-LAPTOP-0IM1OHQH,False,within_chunk,2,M1-G-1
ses_20260701-103521-LAPTOP-0IM1OHQH,10,2026-07-01T10:40:15.773Z,2026-07-01T10:40:59.887Z,44.114,99,chunk_20260701-1030-LAPTOP-0IM1OHQH,chunk_20260701-1030-LAPTOP-0IM1OHQH,False,within_chunk,1,M1-M-2
ses_20260701-103521-LAPTOP-0IM1OHQH,11,2026-07-01T10:41:05.256Z,2026-07-01T10:41:37.844Z,32.588,110,chunk_20260701-1030-LAPTOP-0IM1OHQH,chunk_20260701-1030-LAPTOP-0IM1OHQH,False,within_chunk,2,M1-A-2
ses_20260701-103521-LAPTOP-0IM1OHQH,12,2026-07-01T10:41:37.858Z,2026-07-01T10:42:02.788Z,24.93,69,chunk_20260701-1030-LAPTOP-0IM1OHQH,chunk_20260701-1030-LAPTOP-0IM1OHQH,False,within_chunk,0,
ses_20260701-103521-LAPTOP-0IM1OHQH,13,2026-07-01T10:42:09.147Z,2026-07-01T10:42:24.996Z,15.849,42,chunk_20260701-1030-LAPTOP-0IM1OHQH,chunk_20260701-1030-LAPTOP-0IM1OHQH,False,within_chunk,1,M1-L-3
ses_20260701-103521-LAPTOP-0IM1OHQH,14,2026-07-01T10:42:25.096Z,2026-07-01T10:43:18.765Z,53.669,101,chunk_20260701-1030-LAPTOP-0IM1OHQH,chunk_20260701-1030-LAPTOP-0IM1OHQH,False,within_chunk,2,M1-C-3
ses_20260701-103521-LAPTOP-0IM1OHQH,15,2026-07-01T10:43:19.178Z,2026-07-01T10:43:40.520Z,21.342,78,chunk_20260701-1030-LAPTOP-0IM1OHQH,chunk_20260701-1030-LAPTOP-0IM1OHQH,False,within_chunk,1,M1-O-1
ses_20260701-103521-LAPTOP-0IM1OHQH,16,2026-07-01T10:43:44.677Z,2026-07-01T10:44:30.638Z,45.961,70,chunk_20260701-1030-LAPTOP-0IM1OHQH,chunk_20260701-1030-LAPTOP-0IM1OHQH,False,within_chunk,1,M1-M-3
ses_20260701-103521-LAPTOP-0IM1OHQH,17,2026-07-01T10:44:30.670Z,2026-07-01T10:45:07.640Z,36.97,79,chunk_20260701-1030-LAPTOP-0IM1OHQH,chunk_20260701-1030-LAPTOP-0IM1OHQH,False,within_chunk,2,M1-A-3
ses_20260701-103521-LAPTOP-0IM1OHQH,18,2026-07-01T10:45:11.344Z,2026-07-01T10:45:35.728Z,24.384,72,chunk_20260701-1030-LAPTOP-0IM1OHQH,chunk_20260701-1030-LAPTOP-0IM1OHQH,False,within_chunk,2,M1-E-1
ses_20260701-103521-LAPTOP-0IM1OHQH,19,2026-07-01T10:45:35.759Z,2026-07-01T10:46:51.664Z,75.905,183,chunk_20260701-1030-LAPTOP-0IM1OHQH,chunk_20260701-1030-LAPTOP-0IM1OHQH,False,within_chunk,1,M1-M-4
ses_20260701-103521-LAPTOP-0IM1OHQH,20,2026-07-01T10:47:18.191Z,2026-07-01T10:47:37.755Z,19.564,66,chunk_20260701-1030-LAPTOP-0IM1OHQH,chunk_20260701-1030-LAPTOP-0IM1OHQH,False,within_chunk,1,M1-E-3
ses_20260701-103521-LAPTOP-0IM1OHQH,21,2026-07-01T10:47:38.194Z,2026-07-01T10:48:17.995Z,39.801,100,chunk_20260701-1030-LAPTOP-0IM1OHQH,chunk_20260701-1030-LAPTOP-0IM1OHQH,False,within_chunk,1,M1-J-1
ses_20260701-103521-LAPTOP-0IM1OHQH,22,2026-07-01T10:48:30.287Z,2026-07-01T10:49:02.341Z,32.054,109,chunk_20260701-1030-LAPTOP-0IM1OHQH,chunk_20260701-1030-LAPTOP-0IM1OHQH,False,within_chunk,2,M1-A-4
ses_20260701-103521-LAPTOP-0IM1OHQH,23,2026-07-01T10:49:02.879Z,2026-07-01T10:50:07.168Z,64.289,158,chunk_20260701-1030-LAPTOP-0IM1OHQH,chunk_20260701-1030-LAPTOP-0IM1OHQH,False,within_chunk,2,M1-G-4
ses_20260701-103521-LAPTOP-0IM1OHQH,24,2026-07-01T10:50:07.198Z,2026-07-01T10:50:29.097Z,21.899,89,chunk_20260701-1030-LAPTOP-0IM1OHQH,chunk_20260701-1030-LAPTOP-0IM1OHQH,False,within_chunk,1,M1-A-5
ses_20260701-103521-LAPTOP-0IM1OHQH,25,2026-07-01T10:51:52.210Z,2026-07-01T10:51:53.960Z,1.75,4,chunk_20260701-1030-LAPTOP-0IM1OHQH,chunk_20260701-1030-LAPTOP-0IM1OHQH,False,within_chunk,1,M1-A-5
ses_20260701-103521-LAPTOP-0IM1OHQH,26,2026-07-01T10:51:54.481Z,2026-07-01T10:52:49.494Z,55.013,158,chunk_20260701-1030-LAPTOP-0IM1OHQH,chunk_20260701-1030-LAPTOP-0IM1OHQH,False,within_chunk,1,M1-H-4
ses_20260701-103521-LAPTOP-0IM1OHQH,27,2026-07-01T10:52:49.959Z,2026-07-01T10:53:51.543Z,61.584,195,chunk_20260701-1030-LAPTOP-0IM1OHQH,chunk_20260701-1030-LAPTOP-0IM1OHQH,False,within_chunk,1,M1-O-3
ses_20260701-103521-LAPTOP-0IM1OHQH,28,2026-07-01T10:54:09.179Z,2026-07-01T10:55:18.300Z,69.121,150,chunk_20260701-1030-LAPTOP-0IM1OHQH,chunk_20260701-1030-LAPTOP-0IM1OHQH,False,within_chunk,2,M1-J-3
ses_20260701-103521-LAPTOP-0IM1OHQH,29,2026-07-01T10:55:18.910Z,2026-07-01T10:55:57.819Z,38.909,27,chunk_20260701-1030-LAPTOP-0IM1OHQH,chunk_20260701-1030-LAPTOP-0IM1OHQH,False,within_chunk,1,M1-J-3
ses_20260701-103853-Marcos,1,2026-07-01T10:38:53.553Z,2026-07-01T10:40:07.455Z,73.902,202,chunk_20260701-1030-Marcos,chunk_20260701-1030-Marcos,False,within_chunk,1,M1-K-1
ses_20260701-103853-Marcos,2,2026-07-01T10:40:07.473Z,2026-07-01T10:40:08.600Z,1.127,5,chunk_20260701-1030-Marcos,chunk_20260701-1030-Marcos,False,within_chunk,1,M1-K-1
ses_20260701-103853-Marcos,3,2026-07-01T10:40:21.892Z,2026-07-01T10:40:45.963Z,24.071,83,chunk_20260701-1030-Marcos,chunk_20260701-1030-Marcos,False,within_chunk,1,M1-H-1
ses_20260701-103853-Marcos,4,2026-07-01T10:40:49.722Z,2026-07-01T10:41:03.836Z,14.114,36,chunk_20260701-1030-Marcos,chunk_20260701-1030-Marcos,False,within_chunk,1,M1-G-1
ses_20260701-103853-Marcos,5,2026-07-01T10:41:03.933Z,2026-07-01T10:41:39.508Z,35.575,104,chunk_20260701-1030-Marcos,chunk_20260701-1030-Marcos,False,within_chunk,2,M1-C-1
ses_20260701-103853-Marcos,6,2026-07-01T10:41:43.013Z,2026-07-01T10:42:00.293Z,17.28,46,chunk_20260701-1030-Marcos,chunk_20260701-1030-Marcos,False,within_chunk,1,M1-B-1
ses_20260701-103853-Marcos,7,2026-07-01T10:42:43.464Z,2026-07-01T10:43:07.833Z,24.369,77,chunk_20260701-1030-Marcos,chunk_20260701-1030-Marcos,False,within_chunk,2,M1-G-2
ses_20260701-103853-Marcos,8,2026-07-01T10:43:08.337Z,2026-07-01T10:43:33.725Z,25.388,83,chunk_20260701-1030-Marcos,chunk_20260701-1030-Marcos,False,within_chunk,1,M1-K-2
ses_20260701-103853-Marcos,9,2026-07-01T10:43:33.726Z,2026-07-01T10:44:12.617Z,38.891,71,chunk_20260701-1030-Marcos,chunk_20260701-1030-Marcos,False,within_chunk,3,M1-M-1
ses_20260701-103853-Marcos,10,2026-07-01T10:44:12.635Z,2026-07-01T10:44:30.214Z,17.579,61,chunk_20260701-1030-Marcos,chunk_20260701-1030-Marcos,False,within_chunk,1,M1-G-3
ses_20260701-103853-Marcos,11,2026-07-01T10:44:32.731Z,2026-07-01T10:44:55.446Z,22.715,73,chunk_20260701-1030-Marcos,chunk_20260701-1030-Marcos,False,within_chunk,2,M1-B-2
ses_20260701-103853-Marcos,12,2026-07-01T10:45:29.410Z,2026-07-01T10:46:05.019Z,35.609,85,chunk_20260701-1030-Marcos,chunk_20260701-1030-Marcos,False,within_chunk,2,M1-M-2
ses_20260701-103853-Marcos,13,2026-07-01T10:46:05.067Z,2026-07-01T10:46:40.018Z,34.951,95,chunk_20260701-1030-Marcos,chunk_20260701-1030-Marcos,False,within_chunk,1,M1-C-2
ses_20260701-103853-Marcos,14,2026-07-01T10:46:40.473Z,2026-07-01T10:47:01.708Z,21.235,78,chunk_20260701-1030-Marcos,chunk_20260701-1030-Marcos,False,within_chunk,1,M1-O-1
ses_20260701-103853-Marcos,15,2026-07-01T10:47:05.925Z,2026-07-01T10:47:37.405Z,31.48,72,chunk_20260701-1030-Marcos,chunk_20260701-1030-Marcos,False,within_chunk,1,M1-M-3
ses_20260701-103853-Marcos,16,2026-07-01T10:47:37.930Z,2026-07-01T10:48:02.704Z,24.774,76,chunk_20260701-1030-Marcos,chunk_20260701-1030-Marcos,False,within_chunk,1,M1-G-4
ses_20260701-103853-Marcos,17,2026-07-01T10:48:03.150Z,2026-07-01T10:48:42.801Z,39.651,96,chunk_20260701-1030-Marcos,chunk_20260701-1030-Marcos,False,within_chunk,1,M1-M-4
ses_20260701-103853-Marcos,18,2026-07-01T10:49:52.370Z,2026-07-01T10:50:33.769Z,41.399,66,chunk_20260701-1030-Marcos,chunk_20260701-1030-Marcos,False,within_chunk,2,M1-K-3
ses_20260701-103853-Marcos,19,2026-07-01T10:50:34.199Z,2026-07-01T10:51:10.794Z,36.595,106,chunk_20260701-1030-Marcos,chunk_20260701-1030-Marcos,False,within_chunk,0,
ses_20260701-103853-Marcos,20,2026-07-01T10:51:15.969Z,2026-07-01T10:51:32.566Z,16.597,49,chunk_20260701-1030-Marcos,chunk_20260701-1030-Marcos,False,within_chunk,1,M1-H-3
ses_20260701-103853-Marcos,21,2026-07-01T10:51:35.828Z,2026-07-01T10:51:35.925Z,0.097,5,chunk_20260701-1030-Marcos,chunk_20260701-1030-Marcos,False,within_chunk,0,
ses_20260701-103853-Marcos,22,2026-07-01T10:51:35.939Z,2026-07-01T10:51:36.478Z,0.539,8,chunk_20260701-1030-Marcos,chunk_20260701-1030-Marcos,False,within_chunk,0,
ses_20260701-103853-Marcos,23,2026-07-01T10:51:36.989Z,2026-07-01T10:51:58.220Z,21.231,60,chunk_20260701-1030-Marcos,chunk_20260701-1030-Marcos,False,within_chunk,0,
ses_20260701-103853-Marcos,24,2026-07-01T10:52:44.288Z,2026-07-01T10:52:50.694Z,6.406,15,chunk_20260701-1030-Marcos,chunk_20260701-1030-Marcos,False,within_chunk,0,
ses_20260701-103853-Marcos,25,2026-07-01T10:52:50.997Z,2026-07-01T10:52:51.764Z,0.767,4,chunk_20260701-1030-Marcos,chunk_20260701-1030-Marcos,False,within_chunk,0,
ses_20260701-103853-Marcos,26,2026-07-01T10:52:52.814Z,2026-07-01T10:53:19.007Z,26.193,85,chunk_20260701-1030-Marcos,chunk_20260701-1030-Marcos,False,within_chunk,1,M1-B-4
ses_20260701-103853-Marcos,27,2026-07-01T10:54:08.714Z,2026-07-01T10:54:36.272Z,27.558,93,chunk_20260701-1030-Marcos,chunk_20260701-1030-Marcos,False,within_chunk,2,M1-O-2
ses_20260701-103853-Marcos,28,2026-07-01T10:54:36.711Z,2026-07-01T10:54:59.195Z,22.484,82,chunk_20260701-1030-Marcos,chunk_20260701-1030-Marcos,False,within_chunk,1,M1-F-1
ses_20260701-103853-Marcos,29,2026-07-01T10:54:59.844Z,2026-07-01T10:54:59.903Z,0.059,4,chunk_20260701-1030-Marcos,chunk_20260701-1030-Marcos,False,within_chunk,1,M1-C-3
ses_20260701-103853-Marcos,30,2026-07-01T10:54:59.940Z,2026-07-01T10:55:33.154Z,33.214,89,chunk_20260701-1030-Marcos,chunk_20260701-1030-Marcos,False,within_chunk,1,M1-C-3
ses_20260701-103853-Marcos,31,2026-07-01T10:55:35.807Z,2026-07-01T10:55:59.610Z,23.803,83,chunk_20260701-1030-Marcos,chunk_20260701-1030-Marcos,False,within_chunk,2,M1-K-4
ses_20260701-103853-Marcos,32,2026-07-01T10:56:00.096Z,2026-07-01T10:57:51.013Z,110.917,264,chunk_20260701-1030-Marcos,chunk_20260701-1030-Marcos,False,within_chunk,4,M1-F-4
ses_20260701-103853-Marcos,33,2026-07-01T10:57:51.052Z,2026-07-01T10:58:20.115Z,29.063,86,chunk_20260701-1030-Marcos,chunk_20260701-1030-Marcos,False,within_chunk,1,M1-O-3
ses_20260701-103853-Marcos,34,2026-07-01T10:58:20.612Z,2026-07-01T11:00:18.565Z,117.953,181,chunk_20260701-1030-Marcos,chunk_20260701-1100-Marcos,True,continuation_across_chunk,1,M1-J-3
ses_20260701-110548-LAPTOP-0IM1OHQH,1,2026-07-01T11:05:48.720Z,2026-07-01T11:06:30.898Z,42.178,79,chunk_20260701-1100-LAPTOP-0IM1OHQH,chunk_20260701-1100-LAPTOP-0IM1OHQH,False,within_chunk,1,M1-L-1
ses_20260701-110548-LAPTOP-0IM1OHQH,2,2026-07-01T11:07:07.235Z,2026-07-01T11:07:31.988Z,24.753,70,chunk_20260701-1100-LAPTOP-0IM1OHQH,chunk_20260701-1100-LAPTOP-0IM1OHQH,False,within_chunk,2,M1-B-1
ses_20260701-110548-LAPTOP-0IM1OHQH,3,2026-07-01T11:07:34.539Z,2026-07-01T11:07:58.433Z,23.894,78,chunk_20260701-1100-LAPTOP-0IM1OHQH,chunk_20260701-1100-LAPTOP-0IM1OHQH,False,within_chunk,2,M1-G-1
ses_20260701-110548-LAPTOP-0IM1OHQH,4,2026-07-01T11:08:02.298Z,2026-07-01T11:08:10.225Z,7.927,9,chunk_20260701-1100-LAPTOP-0IM1OHQH,chunk_20260701-1100-LAPTOP-0IM1OHQH,False,within_chunk,1,M1-I-1
ses_20260701-110548-LAPTOP-0IM1OHQH,5,2026-07-01T11:08:12.574Z,2026-07-01T11:08:17.449Z,4.875,12,chunk_20260701-1100-LAPTOP-0IM1OHQH,chunk_20260701-1100-LAPTOP-0IM1OHQH,False,within_chunk,1,M1-I-1
ses_20260701-110548-LAPTOP-0IM1OHQH,6,2026-07-01T11:08:35.285Z,2026-07-01T11:09:41.068Z,65.783,107,chunk_20260701-1100-LAPTOP-0IM1OHQH,chunk_20260701-1100-LAPTOP-0IM1OHQH,False,within_chunk,2,M1-L-2
ses_20260701-110548-LAPTOP-0IM1OHQH,7,2026-07-01T11:10:11.564Z,2026-07-01T11:10:38.113Z,26.549,97,chunk_20260701-1100-LAPTOP-0IM1OHQH,chunk_20260701-1100-LAPTOP-0IM1OHQH,False,within_chunk,1,M1-E-1
ses_20260701-110548-LAPTOP-0IM1OHQH,8,2026-07-01T11:10:38.452Z,2026-07-01T11:10:38.593Z,0.141,4,chunk_20260701-1100-LAPTOP-0IM1OHQH,chunk_20260701-1100-LAPTOP-0IM1OHQH,False,within_chunk,1,M1-J-1
ses_20260701-110548-LAPTOP-0IM1OHQH,9,2026-07-01T11:10:38.631Z,2026-07-01T11:11:17.029Z,38.398,94,chunk_20260701-1100-LAPTOP-0IM1OHQH,chunk_20260701-1100-LAPTOP-0IM1OHQH,False,within_chunk,1,M1-J-1
ses_20260701-110548-LAPTOP-0IM1OHQH,10,2026-07-01T11:11:20.953Z,2026-07-01T11:11:48.111Z,27.158,79,chunk_20260701-1100-LAPTOP-0IM1OHQH,chunk_20260701-1100-LAPTOP-0IM1OHQH,False,within_chunk,1,M1-H-1
ses_20260701-110548-LAPTOP-0IM1OHQH,11,2026-07-01T11:11:48.596Z,2026-07-01T11:12:19.200Z,30.604,85,chunk_20260701-1100-LAPTOP-0IM1OHQH,chunk_20260701-1100-LAPTOP-0IM1OHQH,False,within_chunk,1,M1-E-2
ses_20260701-110548-LAPTOP-0IM1OHQH,12,2026-07-01T11:12:19.691Z,2026-07-01T11:12:44.535Z,24.844,51,chunk_20260701-1100-LAPTOP-0IM1OHQH,chunk_20260701-1100-LAPTOP-0IM1OHQH,False,within_chunk,1,M1-I-2
ses_20260701-110548-LAPTOP-0IM1OHQH,13,2026-07-01T11:13:00.176Z,2026-07-01T11:13:43.505Z,43.329,59,chunk_20260701-1100-LAPTOP-0IM1OHQH,chunk_20260701-1100-LAPTOP-0IM1OHQH,False,within_chunk,2,M1-I-2
ses_20260701-110548-LAPTOP-0IM1OHQH,14,2026-07-01T11:13:43.506Z,2026-07-01T11:14:01.364Z,17.858,60,chunk_20260701-1100-LAPTOP-0IM1OHQH,chunk_20260701-1100-LAPTOP-0IM1OHQH,False,within_chunk,1,M1-L-3
ses_20260701-110548-LAPTOP-0IM1OHQH,15,2026-07-01T11:14:30.607Z,2026-07-01T11:14:31.281Z,0.674,6,chunk_20260701-1100-LAPTOP-0IM1OHQH,chunk_20260701-1100-LAPTOP-0IM1OHQH,False,within_chunk,2,M1-G-2
ses_20260701-110548-LAPTOP-0IM1OHQH,16,2026-07-01T11:14:31.332Z,2026-07-01T11:14:53.763Z,22.431,72,chunk_20260701-1100-LAPTOP-0IM1OHQH,chunk_20260701-1100-LAPTOP-0IM1OHQH,False,within_chunk,1,M1-G-2
ses_20260701-110548-LAPTOP-0IM1OHQH,17,2026-07-01T11:14:54.285Z,2026-07-01T11:15:22.458Z,28.173,100,chunk_20260701-1100-LAPTOP-0IM1OHQH,chunk_20260701-1100-LAPTOP-0IM1OHQH,False,within_chunk,1,M1-L-4
ses_20260701-110548-LAPTOP-0IM1OHQH,18,2026-07-01T11:15:51.994Z,2026-07-01T11:16:31.971Z,39.977,162,chunk_20260701-1100-LAPTOP-0IM1OHQH,chunk_20260701-1100-LAPTOP-0IM1OHQH,False,within_chunk,2,M1-G-3
ses_20260701-110548-LAPTOP-0IM1OHQH,19,2026-07-01T11:16:33.686Z,2026-07-01T11:16:34.349Z,0.663,6,chunk_20260701-1100-LAPTOP-0IM1OHQH,chunk_20260701-1100-LAPTOP-0IM1OHQH,False,within_chunk,2,M1-B-2
ses_20260701-110548-LAPTOP-0IM1OHQH,20,2026-07-01T11:16:34.354Z,2026-07-01T11:16:54.921Z,20.567,74,chunk_20260701-1100-LAPTOP-0IM1OHQH,chunk_20260701-1100-LAPTOP-0IM1OHQH,False,within_chunk,1,M1-B-2
ses_20260701-110548-LAPTOP-0IM1OHQH,21,2026-07-01T11:17:10.438Z,2026-07-01T11:17:36.289Z,25.851,62,chunk_20260701-1100-LAPTOP-0IM1OHQH,chunk_20260701-1100-LAPTOP-0IM1OHQH,False,within_chunk,2,M1-I-3
ses_20260701-110548-LAPTOP-0IM1OHQH,22,2026-07-01T11:17:48.760Z,2026-07-01T11:17:50.127Z,1.367,7,chunk_20260701-1100-LAPTOP-0IM1OHQH,chunk_20260701-1100-LAPTOP-0IM1OHQH,False,within_chunk,1,M1-I-3
ses_20260701-110548-LAPTOP-0IM1OHQH,23,2026-07-01T11:18:19.075Z,2026-07-01T11:18:28.532Z,9.457,42,chunk_20260701-1100-LAPTOP-0IM1OHQH,chunk_20260701-1100-LAPTOP-0IM1OHQH,False,within_chunk,1,M1-I-3
ses_20260701-110548-LAPTOP-0IM1OHQH,24,2026-07-01T11:19:29.746Z,2026-07-01T11:20:12.135Z,42.389,73,chunk_20260701-1100-LAPTOP-0IM1OHQH,chunk_20260701-1100-LAPTOP-0IM1OHQH,False,within_chunk,2,M1-B-3
ses_20260701-110548-LAPTOP-0IM1OHQH,25,2026-07-01T11:20:15.096Z,2026-07-01T11:21:00.101Z,45.005,109,chunk_20260701-1100-LAPTOP-0IM1OHQH,chunk_20260701-1100-LAPTOP-0IM1OHQH,False,within_chunk,2,M1-J-2
ses_20260701-110548-LAPTOP-0IM1OHQH,26,2026-07-01T11:21:05.129Z,2026-07-01T11:21:09.609Z,4.48,8,chunk_20260701-1100-LAPTOP-0IM1OHQH,chunk_20260701-1100-LAPTOP-0IM1OHQH,False,within_chunk,1,M1-J-2
ses_20260701-110548-LAPTOP-0IM1OHQH,27,2026-07-01T11:21:09.613Z,2026-07-01T11:22:07.744Z,58.131,85,chunk_20260701-1100-LAPTOP-0IM1OHQH,chunk_20260701-1100-LAPTOP-0IM1OHQH,False,within_chunk,0,
ses_20260701-110548-LAPTOP-0IM1OHQH,28,2026-07-01T11:22:24.499Z,2026-07-01T11:23:00.006Z,35.507,56,chunk_20260701-1100-LAPTOP-0IM1OHQH,chunk_20260701-1100-LAPTOP-0IM1OHQH,False,within_chunk,1,M1-N-3
ses_20260701-110548-LAPTOP-0IM1OHQH,29,2026-07-01T11:23:27.782Z,2026-07-01T11:23:39.035Z,11.253,45,chunk_20260701-1100-LAPTOP-0IM1OHQH,chunk_20260701-1100-LAPTOP-0IM1OHQH,False,within_chunk,1,M1-N-3
ses_20260701-110548-LAPTOP-0IM1OHQH,30,2026-07-01T11:23:39.550Z,2026-07-01T11:24:05.278Z,25.728,78,chunk_20260701-1100-LAPTOP-0IM1OHQH,chunk_20260701-1100-LAPTOP-0IM1OHQH,False,within_chunk,1,M1-E-3
ses_20260701-110548-LAPTOP-0IM1OHQH,31,2026-07-01T11:24:05.827Z,2026-07-01T11:24:33.633Z,27.806,98,chunk_20260701-1100-LAPTOP-0IM1OHQH,chunk_20260701-1100-LAPTOP-0IM1OHQH,False,within_chunk,1,M1-H-2
ses_20260701-110548-LAPTOP-0IM1OHQH,32,2026-07-01T11:24:38.228Z,2026-07-01T11:24:55.924Z,17.696,50,chunk_20260701-1100-LAPTOP-0IM1OHQH,chunk_20260701-1100-LAPTOP-0IM1OHQH,False,within_chunk,1,M1-G-4
ses_20260701-110548-LAPTOP-0IM1OHQH,33,2026-07-01T11:24:59.783Z,2026-07-01T11:25:22.848Z,23.065,75,chunk_20260701-1100-LAPTOP-0IM1OHQH,chunk_20260701-1100-LAPTOP-0IM1OHQH,False,within_chunk,1,M1-H-3
ses_20260701-110548-LAPTOP-0IM1OHQH,34,2026-07-01T11:25:26.558Z,2026-07-01T11:25:45.882Z,19.324,46,chunk_20260701-1100-LAPTOP-0IM1OHQH,chunk_20260701-1100-LAPTOP-0IM1OHQH,False,within_chunk,1,M1-J-3
ses_20260701-110548-LAPTOP-0IM1OHQH,35,2026-07-01T11:25:46.005Z,2026-07-01T11:26:45.321Z,59.316,88,chunk_20260701-1100-LAPTOP-0IM1OHQH,chunk_20260701-1100-LAPTOP-0IM1OHQH,False,within_chunk,2,M1-H-4
ses_20260701-110917-Marcos,1,2026-07-01T11:09:17.034Z,2026-07-01T11:10:06.723Z,49.689,80,chunk_20260701-1100-Marcos,chunk_20260701-1100-Marcos,False,within_chunk,1,M1-G-1
ses_20260701-110917-Marcos,2,2026-07-01T11:10:09.534Z,2026-07-01T11:11:24.818Z,75.284,225,chunk_20260701-1100-Marcos,chunk_20260701-1100-Marcos,False,within_chunk,3,M1-M-1
ses_20260701-110917-Marcos,3,2026-07-01T11:11:27.592Z,2026-07-01T11:11:51.398Z,23.806,98,chunk_20260701-1100-Marcos,chunk_20260701-1100-Marcos,False,within_chunk,2,M1-H-1
ses_20260701-110917-Marcos,4,2026-07-01T11:11:55.352Z,2026-07-01T11:12:24.208Z,28.856,92,chunk_20260701-1100-Marcos,chunk_20260701-1100-Marcos,False,within_chunk,2,M1-E-1
ses_20260701-110917-Marcos,5,2026-07-01T11:12:24.252Z,2026-07-01T11:12:43.696Z,19.444,62,chunk_20260701-1100-Marcos,chunk_20260701-1100-Marcos,False,within_chunk,1,M1-L-2
ses_20260701-110917-Marcos,6,2026-07-01T11:12:43.813Z,2026-07-01T11:13:13.234Z,29.421,74,chunk_20260701-1100-Marcos,chunk_20260701-1100-Marcos,False,within_chunk,2,M1-O-1
ses_20260701-110917-Marcos,7,2026-07-01T11:13:17.142Z,2026-07-01T11:14:45.774Z,88.632,60,chunk_20260701-1100-Marcos,chunk_20260701-1100-Marcos,False,within_chunk,1,M1-L-3
ses_20260701-110917-Marcos,8,2026-07-01T11:14:45.835Z,2026-07-01T11:14:46.961Z,1.126,15,chunk_20260701-1100-Marcos,chunk_20260701-1100-Marcos,False,within_chunk,1,M1-L-3
ses_20260701-110917-Marcos,9,2026-07-01T11:14:49.106Z,2026-07-01T11:16:09.462Z,80.356,169,chunk_20260701-1100-Marcos,chunk_20260701-1100-Marcos,False,within_chunk,2,M1-H-3
ses_20260701-110917-Marcos,10,2026-07-01T11:16:22.387Z,2026-07-01T11:17:15.847Z,53.46,58,chunk_20260701-1100-Marcos,chunk_20260701-1100-Marcos,False,within_chunk,1,M1-I-1
ses_20260701-110917-Marcos,11,2026-07-01T11:17:16.333Z,2026-07-01T11:17:40.768Z,24.435,79,chunk_20260701-1100-Marcos,chunk_20260701-1100-Marcos,False,within_chunk,1,M1-L-4
ses_20260701-110917-Marcos,12,2026-07-01T11:17:41.213Z,2026-07-01T11:18:01.934Z,20.721,73,chunk_20260701-1100-Marcos,chunk_20260701-1100-Marcos,False,within_chunk,1,M1-G-2
ses_20260701-110917-Marcos,13,2026-07-01T11:18:05.822Z,2026-07-01T11:19:24.603Z,78.781,127,chunk_20260701-1100-Marcos,chunk_20260701-1100-Marcos,False,within_chunk,1,M1-J-2
ses_20260701-110917-Marcos,14,2026-07-01T11:19:26.924Z,2026-07-01T11:19:53.450Z,26.526,90,chunk_20260701-1100-Marcos,chunk_20260701-1100-Marcos,False,within_chunk,2,M1-O-2
ses_20260701-110917-Marcos,15,2026-07-01T11:19:57.425Z,2026-07-01T11:20:36.007Z,38.582,71,chunk_20260701-1100-Marcos,chunk_20260701-1100-Marcos,False,within_chunk,1,M1-M-2
ses_20260701-110917-Marcos,16,2026-07-01T11:20:36.499Z,2026-07-01T11:20:57.422Z,20.923,72,chunk_20260701-1100-Marcos,chunk_20260701-1100-Marcos,False,within_chunk,1,M1-G-3
ses_20260701-110917-Marcos,17,2026-07-01T11:20:57.423Z,2026-07-01T11:21:19.706Z,22.283,51,chunk_20260701-1100-Marcos,chunk_20260701-1100-Marcos,False,within_chunk,2,M1-F-1
ses_20260701-110917-Marcos,18,2026-07-01T11:23:44.444Z,2026-07-01T11:24:20.325Z,35.881,93,chunk_20260701-1100-Marcos,chunk_20260701-1100-Marcos,False,within_chunk,2,M1-M-3
ses_20260701-110917-Marcos,19,2026-07-01T11:24:48.051Z,2026-07-01T11:25:09.659Z,21.608,81,chunk_20260701-1100-Marcos,chunk_20260701-1100-Marcos,False,within_chunk,2,M1-J-3
ses_20260701-110917-Marcos,20,2026-07-01T11:25:13.375Z,2026-07-01T11:25:35.828Z,22.453,74,chunk_20260701-1100-Marcos,chunk_20260701-1100-Marcos,False,within_chunk,1,M1-F-2
ses_20260701-110917-Marcos,21,2026-07-01T11:26:24.249Z,2026-07-01T11:27:51.946Z,87.697,88,chunk_20260701-1100-Marcos,chunk_20260701-1100-Marcos,False,within_chunk,1,M1-I-3
ses_20260701-110917-Marcos,22,2026-07-01T11:27:54.964Z,2026-07-01T11:27:58.367Z,3.403,6,chunk_20260701-1100-Marcos,chunk_20260701-1100-Marcos,False,within_chunk,1,M1-I-3
ses_20260701-110917-Marcos,23,2026-07-01T11:28:00.005Z,2026-07-01T11:29:04.652Z,64.647,66,chunk_20260701-1100-Marcos,chunk_20260701-1100-Marcos,False,within_chunk,1,M1-I-3
ses_20260701-110917-Marcos,24,2026-07-01T11:29:34.336Z,2026-07-01T11:30:00.187Z,25.851,82,chunk_20260701-1100-Marcos,chunk_20260701-1130-Marcos,True,continuation_across_chunk,3,M1-E-2
ses_20260701-110917-Marcos,25,2026-07-01T11:30:00.217Z,2026-07-01T11:30:26.240Z,26.023,102,chunk_20260701-1130-Marcos,chunk_20260701-1130-Marcos,False,within_chunk,1,M1-F-3
ses_20260701-110917-Marcos,26,2026-07-01T11:31:09.469Z,2026-07-01T11:31:10.071Z,0.602,5,chunk_20260701-1130-Marcos,chunk_20260701-1130-Marcos,False,within_chunk,2,M1-E-3
ses_20260701-110917-Marcos,27,2026-07-01T11:31:10.173Z,2026-07-01T11:31:38.355Z,28.182,82,chunk_20260701-1130-Marcos,chunk_20260701-1130-Marcos,False,within_chunk,1,M1-E-3
ses_20260701-110917-Marcos,28,2026-07-01T11:31:38.833Z,2026-07-01T11:32:55.891Z,77.058,104,chunk_20260701-1130-Marcos,chunk_20260701-1130-Marcos,False,within_chunk,1,M1-F-4
ses_20260701-110917-Marcos,29,2026-07-01T11:32:56.381Z,2026-07-01T11:33:30.580Z,34.199,78,chunk_20260701-1130-Marcos,chunk_20260701-1130-Marcos,False,within_chunk,1,M1-M-4
ses_20260701-110917-Marcos,30,2026-07-01T11:33:34.524Z,2026-07-01T11:34:14.169Z,39.645,84,chunk_20260701-1130-Marcos,chunk_20260701-1130-Marcos,False,within_chunk,1,M1-O-3
ses_20260701-115141-SIDDHIGUPTAB00B,1,2026-07-01T11:51:41.548Z,2026-07-01T11:53:04.344Z,82.796,120,chunk_20260701-1130-SIDDHIGUPTAB00B,chunk_20260701-1130-SIDDHIGUPTAB00B,False,within_chunk,1,M1-A-1
ses_20260701-115141-SIDDHIGUPTAB00B,2,2026-07-01T11:53:04.356Z,2026-07-01T11:53:28.665Z,24.309,46,chunk_20260701-1130-SIDDHIGUPTAB00B,chunk_20260701-1130-SIDDHIGUPTAB00B,False,within_chunk,2,M1-B-1
ses_20260701-115141-SIDDHIGUPTAB00B,3,2026-07-01T11:53:28.668Z,2026-07-01T11:53:57.031Z,28.363,85,chunk_20260701-1130-SIDDHIGUPTAB00B,chunk_20260701-1130-SIDDHIGUPTAB00B,False,within_chunk,2,M1-A-2
ses_20260701-115141-SIDDHIGUPTAB00B,4,2026-07-01T11:53:59.337Z,2026-07-01T11:53:59.962Z,0.625,6,chunk_20260701-1130-SIDDHIGUPTAB00B,chunk_20260701-1130-SIDDHIGUPTAB00B,False,within_chunk,2,M1-I-1
ses_20260701-115141-SIDDHIGUPTAB00B,5,2026-07-01T11:53:59.990Z,2026-07-01T11:54:26.354Z,26.364,48,chunk_20260701-1130-SIDDHIGUPTAB00B,chunk_20260701-1130-SIDDHIGUPTAB00B,False,within_chunk,1,M1-I-1
ses_20260701-115141-SIDDHIGUPTAB00B,6,2026-07-01T11:54:40.171Z,2026-07-01T11:55:26.530Z,46.359,56,chunk_20260701-1130-SIDDHIGUPTAB00B,chunk_20260701-1130-SIDDHIGUPTAB00B,False,within_chunk,1,M1-I-1
ses_20260701-115141-SIDDHIGUPTAB00B,7,2026-07-01T11:55:30.434Z,2026-07-01T11:55:58.897Z,28.463,91,chunk_20260701-1130-SIDDHIGUPTAB00B,chunk_20260701-1130-SIDDHIGUPTAB00B,False,within_chunk,1,M1-K-1
ses_20260701-115141-SIDDHIGUPTAB00B,8,2026-07-01T11:55:59.339Z,2026-07-01T11:57:04.699Z,65.36,101,chunk_20260701-1130-SIDDHIGUPTAB00B,chunk_20260701-1130-SIDDHIGUPTAB00B,False,within_chunk,1,M1-I-2
ses_20260701-115141-SIDDHIGUPTAB00B,9,2026-07-01T11:57:07.717Z,2026-07-01T11:57:48.151Z,40.434,108,chunk_20260701-1130-SIDDHIGUPTAB00B,chunk_20260701-1130-SIDDHIGUPTAB00B,False,within_chunk,2,M1-B-3
ses_20260701-115141-SIDDHIGUPTAB00B,10,2026-07-01T11:57:48.153Z,2026-07-01T11:57:51.539Z,3.386,8,chunk_20260701-1130-SIDDHIGUPTAB00B,chunk_20260701-1130-SIDDHIGUPTAB00B,False,within_chunk,2,M1-J-1
ses_20260701-115141-SIDDHIGUPTAB00B,11,2026-07-01T11:57:51.574Z,2026-07-01T11:58:42.163Z,50.589,98,chunk_20260701-1130-SIDDHIGUPTAB00B,chunk_20260701-1130-SIDDHIGUPTAB00B,False,within_chunk,2,M1-J-1
ses_20260701-115141-SIDDHIGUPTAB00B,12,2026-07-01T12:10:29.180Z,2026-07-01T12:11:01.575Z,32.395,63,chunk_20260701-1200-SIDDHIGUPTAB00B,chunk_20260701-1200-SIDDHIGUPTAB00B,False,within_chunk,1,M1-C-1
ses_20260701-115141-SIDDHIGUPTAB00B,13,2026-07-01T12:11:05.641Z,2026-07-01T12:11:26.980Z,21.339,55,chunk_20260701-1200-SIDDHIGUPTAB00B,chunk_20260701-1200-SIDDHIGUPTAB00B,False,within_chunk,1,M1-A-3
ses_20260701-115141-SIDDHIGUPTAB00B,14,2026-07-01T12:11:27.382Z,2026-07-01T12:11:27.494Z,0.112,4,chunk_20260701-1200-SIDDHIGUPTAB00B,chunk_20260701-1200-SIDDHIGUPTAB00B,False,within_chunk,1,M1-J-2
ses_20260701-115141-SIDDHIGUPTAB00B,15,2026-07-01T12:11:27.572Z,2026-07-01T12:12:05.758Z,38.186,95,chunk_20260701-1200-SIDDHIGUPTAB00B,chunk_20260701-1200-SIDDHIGUPTAB00B,False,within_chunk,1,M1-J-2
ses_20260701-115141-SIDDHIGUPTAB00B,16,2026-07-01T12:12:08.070Z,2026-07-01T12:12:32.729Z,24.659,86,chunk_20260701-1200-SIDDHIGUPTAB00B,chunk_20260701-1200-SIDDHIGUPTAB00B,False,within_chunk,2,M1-B-4
ses_20260701-115141-SIDDHIGUPTAB00B,17,2026-07-01T12:12:33.395Z,2026-07-01T12:12:33.535Z,0.14,5,chunk_20260701-1200-SIDDHIGUPTAB00B,chunk_20260701-1200-SIDDHIGUPTAB00B,False,within_chunk,1,M1-F-1
ses_20260701-115141-SIDDHIGUPTAB00B,18,2026-07-01T12:12:33.554Z,2026-07-01T12:12:59.130Z,25.576,88,chunk_20260701-1200-SIDDHIGUPTAB00B,chunk_20260701-1200-SIDDHIGUPTAB00B,False,within_chunk,1,M1-F-1
ses_20260701-115141-SIDDHIGUPTAB00B,19,2026-07-01T12:12:59.617Z,2026-07-01T12:13:00.218Z,0.601,12,chunk_20260701-1200-SIDDHIGUPTAB00B,chunk_20260701-1200-SIDDHIGUPTAB00B,False,within_chunk,1,M1-L-1
ses_20260701-115141-SIDDHIGUPTAB00B,20,2026-07-01T12:13:00.953Z,2026-07-01T12:13:19.509Z,18.556,62,chunk_20260701-1200-SIDDHIGUPTAB00B,chunk_20260701-1200-SIDDHIGUPTAB00B,False,within_chunk,1,M1-L-1
ses_20260701-115141-SIDDHIGUPTAB00B,21,2026-07-01T12:13:22.198Z,2026-07-01T12:13:45.398Z,23.2,85,chunk_20260701-1200-SIDDHIGUPTAB00B,chunk_20260701-1200-SIDDHIGUPTAB00B,False,within_chunk,2,M1-J-3
ses_20260701-115141-SIDDHIGUPTAB00B,22,2026-07-01T12:13:45.831Z,2026-07-01T12:15:02.492Z,76.661,146,chunk_20260701-1200-SIDDHIGUPTAB00B,chunk_20260701-1200-SIDDHIGUPTAB00B,False,within_chunk,2,M1-M-1
ses_20260701-115141-SIDDHIGUPTAB00B,23,2026-07-01T12:15:06.477Z,2026-07-01T12:15:28.327Z,21.85,54,chunk_20260701-1200-SIDDHIGUPTAB00B,chunk_20260701-1200-SIDDHIGUPTAB00B,False,within_chunk,1,M1-K-2
ses_20260701-115141-SIDDHIGUPTAB00B,24,2026-07-01T12:15:28.435Z,2026-07-01T12:15:55.633Z,27.198,103,chunk_20260701-1200-SIDDHIGUPTAB00B,chunk_20260701-1200-SIDDHIGUPTAB00B,False,within_chunk,1,M1-F-2
ses_20260701-115141-SIDDHIGUPTAB00B,25,2026-07-01T12:15:59.262Z,2026-07-01T12:15:59.314Z,0.052,4,chunk_20260701-1200-SIDDHIGUPTAB00B,chunk_20260701-1200-SIDDHIGUPTAB00B,False,within_chunk,1,M1-C-2
ses_20260701-115141-SIDDHIGUPTAB00B,26,2026-07-01T12:15:59.332Z,2026-07-01T12:16:37.341Z,38.009,75,chunk_20260701-1200-SIDDHIGUPTAB00B,chunk_20260701-1200-SIDDHIGUPTAB00B,False,within_chunk,2,M1-C-2
ses_20260701-115141-SIDDHIGUPTAB00B,27,2026-07-01T12:16:37.430Z,2026-07-01T12:16:59.392Z,21.962,93,chunk_20260701-1200-SIDDHIGUPTAB00B,chunk_20260701-1200-SIDDHIGUPTAB00B,False,within_chunk,1,M1-F-3
ses_20260701-115141-SIDDHIGUPTAB00B,28,2026-07-01T12:17:01.941Z,2026-07-01T12:17:42.611Z,40.67,82,chunk_20260701-1200-SIDDHIGUPTAB00B,chunk_20260701-1200-SIDDHIGUPTAB00B,False,within_chunk,2,M1-M-2
ses_20260701-115141-SIDDHIGUPTAB00B,29,2026-07-01T12:17:43.054Z,2026-07-01T12:17:43.178Z,0.124,4,chunk_20260701-1200-SIDDHIGUPTAB00B,chunk_20260701-1200-SIDDHIGUPTAB00B,False,within_chunk,0,
ses_20260701-115141-SIDDHIGUPTAB00B,30,2026-07-01T12:17:43.225Z,2026-07-01T12:18:57.856Z,74.631,141,chunk_20260701-1200-SIDDHIGUPTAB00B,chunk_20260701-1200-SIDDHIGUPTAB00B,False,within_chunk,1,M1-C-4
ses_20260701-115141-SIDDHIGUPTAB00B,31,2026-07-01T12:19:01.538Z,2026-07-01T12:19:24.242Z,22.704,70,chunk_20260701-1200-SIDDHIGUPTAB00B,chunk_20260701-1200-SIDDHIGUPTAB00B,False,within_chunk,1,M1-E-1
ses_20260701-115141-SIDDHIGUPTAB00B,32,2026-07-01T12:19:50.696Z,2026-07-01T12:19:50.767Z,0.071,6,chunk_20260701-1200-SIDDHIGUPTAB00B,chunk_20260701-1200-SIDDHIGUPTAB00B,False,within_chunk,1,M1-I-3
ses_20260701-115141-SIDDHIGUPTAB00B,33,2026-07-01T12:19:50.767Z,2026-07-01T12:20:15.519Z,24.752,49,chunk_20260701-1200-SIDDHIGUPTAB00B,chunk_20260701-1200-SIDDHIGUPTAB00B,False,within_chunk,1,M1-I-3
ses_20260701-115141-SIDDHIGUPTAB00B,34,2026-07-01T12:20:31.467Z,2026-07-01T12:20:32.922Z,1.455,8,chunk_20260701-1200-SIDDHIGUPTAB00B,chunk_20260701-1200-SIDDHIGUPTAB00B,False,within_chunk,1,M1-I-3
ses_20260701-115141-SIDDHIGUPTAB00B,35,2026-07-01T12:21:05.379Z,2026-07-01T12:21:14.024Z,8.645,44,chunk_20260701-1200-SIDDHIGUPTAB00B,chunk_20260701-1200-SIDDHIGUPTAB00B,False,within_chunk,1,M1-I-3
ses_20260701-115141-SIDDHIGUPTAB00B,36,2026-07-01T12:21:18.363Z,2026-07-01T12:22:24.627Z,66.264,153,chunk_20260701-1200-SIDDHIGUPTAB00B,chunk_20260701-1200-SIDDHIGUPTAB00B,False,within_chunk,2,M1-F-4
ses_20260701-115141-SIDDHIGUPTAB00B,37,2026-07-01T12:22:28.922Z,2026-07-01T12:22:50.600Z,21.678,72,chunk_20260701-1200-SIDDHIGUPTAB00B,chunk_20260701-1200-SIDDHIGUPTAB00B,False,within_chunk,1,M1-K-3
ses_20260701-115141-SIDDHIGUPTAB00B,38,2026-07-01T12:22:51.150Z,2026-07-01T12:23:38.610Z,47.46,167,chunk_20260701-1200-SIDDHIGUPTAB00B,chunk_20260701-1200-SIDDHIGUPTAB00B,False,within_chunk,2,M1-E-2
ses_20260701-115141-SIDDHIGUPTAB00B,39,2026-07-01T12:23:42.264Z,2026-07-01T12:23:42.296Z,0.032,5,chunk_20260701-1200-SIDDHIGUPTAB00B,chunk_20260701-1200-SIDDHIGUPTAB00B,False,within_chunk,1,M1-N-2
ses_20260701-115141-SIDDHIGUPTAB00B,40,2026-07-01T12:23:42.316Z,2026-07-01T12:24:33.072Z,50.756,81,chunk_20260701-1200-SIDDHIGUPTAB00B,chunk_20260701-1200-SIDDHIGUPTAB00B,False,within_chunk,1,M1-N-2
ses_20260701-115141-SIDDHIGUPTAB00B,41,2026-07-01T12:24:33.525Z,2026-07-01T12:24:57.997Z,24.472,89,chunk_20260701-1200-SIDDHIGUPTAB00B,chunk_20260701-1200-SIDDHIGUPTAB00B,False,within_chunk,1,M1-H-1
ses_20260701-115141-SIDDHIGUPTAB00B,42,2026-07-01T12:25:00.549Z,2026-07-01T12:25:18.078Z,17.529,68,chunk_20260701-1200-SIDDHIGUPTAB00B,chunk_20260701-1200-SIDDHIGUPTAB00B,False,within_chunk,2,M1-L-2
ses_20260701-115141-SIDDHIGUPTAB00B,43,2026-07-01T12:25:18.080Z,2026-07-01T12:26:38.107Z,80.027,64,chunk_20260701-1200-SIDDHIGUPTAB00B,chunk_20260701-1200-SIDDHIGUPTAB00B,False,within_chunk,2,M1-N-3
ses_20260701-115141-SIDDHIGUPTAB00B,44,2026-07-01T12:26:42.683Z,2026-07-01T12:27:03.776Z,21.093,55,chunk_20260701-1200-SIDDHIGUPTAB00B,chunk_20260701-1200-SIDDHIGUPTAB00B,False,within_chunk,1,M1-O-1
ses_20260701-115141-SIDDHIGUPTAB00B,45,2026-07-01T12:27:34.097Z,2026-07-01T12:28:01.323Z,27.226,103,chunk_20260701-1200-SIDDHIGUPTAB00B,chunk_20260701-1200-SIDDHIGUPTAB00B,False,within_chunk,2,M1-H-2
ses_20260701-115141-SIDDHIGUPTAB00B,46,2026-07-01T12:28:01.714Z,2026-07-01T12:28:01.850Z,0.136,4,chunk_20260701-1200-SIDDHIGUPTAB00B,chunk_20260701-1200-SIDDHIGUPTAB00B,False,within_chunk,1,M1-O-2
ses_20260701-115141-SIDDHIGUPTAB00B,47,2026-07-01T12:28:01.867Z,2026-07-01T12:28:27.762Z,25.895,77,chunk_20260701-1200-SIDDHIGUPTAB00B,chunk_20260701-1200-SIDDHIGUPTAB00B,False,within_chunk,1,M1-O-2
ses_20260701-115141-SIDDHIGUPTAB00B,48,2026-07-01T12:28:43.375Z,2026-07-01T12:28:45.866Z,2.491,5,chunk_20260701-1200-SIDDHIGUPTAB00B,chunk_20260701-1200-SIDDHIGUPTAB00B,False,within_chunk,1,M1-O-2
ses_20260701-115141-SIDDHIGUPTAB00B,49,2026-07-01T12:30:37.559Z,2026-07-01T12:30:53.112Z,15.553,41,chunk_20260701-1200-SIDDHIGUPTAB00B,chunk_20260701-1230-SIDDHIGUPTAB00B,True,continuation_across_chunk,1,M1-L-3
ses_20260701-115141-SIDDHIGUPTAB00B,50,2026-07-01T12:30:56.255Z,2026-07-01T12:31:18.087Z,21.832,99,chunk_20260701-1230-SIDDHIGUPTAB00B,chunk_20260701-1230-SIDDHIGUPTAB00B,False,within_chunk,2,M1-E-3
ses_20260701-115141-SIDDHIGUPTAB00B,51,2026-07-01T12:31:21.057Z,2026-07-01T12:31:50.454Z,29.397,95,chunk_20260701-1230-SIDDHIGUPTAB00B,chunk_20260701-1230-SIDDHIGUPTAB00B,False,within_chunk,2,M1-O-3
ses_20260701-115141-SIDDHIGUPTAB00B,52,2026-07-01T12:31:50.935Z,2026-07-01T12:34:51.897Z,180.962,178,chunk_20260701-1230-SIDDHIGUPTAB00B,chunk_20260701-1230-SIDDHIGUPTAB00B,False,within_chunk,1,M1-H-4
ses_20260701-120612-Marcos,1,2026-07-01T12:06:12.794Z,2026-07-01T12:07:06.574Z,53.78,91,chunk_20260701-1200-Marcos,chunk_20260701-1200-Marcos,False,within_chunk,1,M1-H-1
ses_20260701-120612-Marcos,2,2026-07-01T12:07:31.351Z,2026-07-01T12:08:49.879Z,78.528,148,chunk_20260701-1200-Marcos,chunk_20260701-1200-Marcos,False,within_chunk,3,M1-K-1
ses_20260701-120612-Marcos,3,2026-07-01T12:08:54.058Z,2026-07-01T12:09:32.318Z,38.26,82,chunk_20260701-1200-Marcos,chunk_20260701-1200-Marcos,False,within_chunk,1,M1-L-2
ses_20260701-120612-Marcos,4,2026-07-01T12:09:34.869Z,2026-07-01T12:10:08.292Z,33.423,84,chunk_20260701-1200-Marcos,chunk_20260701-1200-Marcos,False,within_chunk,1,M1-C-1
ses_20260701-120612-Marcos,5,2026-07-01T12:10:08.797Z,2026-07-01T12:11:05.795Z,56.998,142,chunk_20260701-1200-Marcos,chunk_20260701-1200-Marcos,False,within_chunk,2,M1-M-1
ses_20260701-120612-Marcos,6,2026-07-01T12:11:06.262Z,2026-07-01T12:11:33.499Z,27.237,84,chunk_20260701-1200-Marcos,chunk_20260701-1200-Marcos,False,within_chunk,1,M1-H-2
ses_20260701-120612-Marcos,7,2026-07-01T12:11:33.592Z,2026-07-01T12:12:12.155Z,38.563,98,chunk_20260701-1200-Marcos,chunk_20260701-1200-Marcos,False,within_chunk,2,M1-M-2
ses_20260701-120612-Marcos,8,2026-07-01T12:13:14.510Z,2026-07-01T12:13:15.630Z,1.12,4,chunk_20260701-1200-Marcos,chunk_20260701-1200-Marcos,False,within_chunk,1,M1-M-2
ses_20260701-120612-Marcos,9,2026-07-01T12:13:33.682Z,2026-07-01T12:14:04.192Z,30.51,93,chunk_20260701-1200-Marcos,chunk_20260701-1200-Marcos,False,within_chunk,2,M1-F-1
ses_20260701-120612-Marcos,10,2026-07-01T12:14:04.631Z,2026-07-01T12:14:30.469Z,25.838,102,chunk_20260701-1200-Marcos,chunk_20260701-1200-Marcos,False,within_chunk,1,M1-K-2
ses_20260701-120612-Marcos,11,2026-07-01T12:14:58.716Z,2026-07-01T12:15:04.224Z,5.508,13,chunk_20260701-1200-Marcos,chunk_20260701-1200-Marcos,False,within_chunk,1,M1-N-2
ses_20260701-120612-Marcos,12,2026-07-01T12:15:20.307Z,2026-07-01T12:15:50.566Z,30.259,46,chunk_20260701-1200-Marcos,chunk_20260701-1200-Marcos,False,within_chunk,1,M1-N-2
ses_20260701-120612-Marcos,13,2026-07-01T12:15:51.067Z,2026-07-01T12:16:14.902Z,23.835,81,chunk_20260701-1200-Marcos,chunk_20260701-1200-Marcos,False,within_chunk,1,M1-H-3
ses_20260701-120612-Marcos,14,2026-07-01T12:16:15.333Z,2026-07-01T12:16:45.358Z,30.025,105,chunk_20260701-1200-Marcos,chunk_20260701-1200-Marcos,False,within_chunk,1,M1-K-3
ses_20260701-120612-Marcos,15,2026-07-01T12:16:45.810Z,2026-07-01T12:17:07.259Z,21.449,52,chunk_20260701-1200-Marcos,chunk_20260701-1200-Marcos,False,within_chunk,1,M1-I-1
ses_20260701-120612-Marcos,16,2026-07-01T12:17:21.473Z,2026-07-01T12:17:23.124Z,1.651,8,chunk_20260701-1200-Marcos,chunk_20260701-1200-Marcos,False,within_chunk,1,M1-I-1
ses_20260701-120612-Marcos,17,2026-07-01T12:17:53.497Z,2026-07-01T12:18:29.515Z,36.018,119,chunk_20260701-1200-Marcos,chunk_20260701-1200-Marcos,False,within_chunk,2,M1-H-4
ses_20260701-120612-Marcos,18,2026-07-01T12:18:33.737Z,2026-07-01T12:19:00.986Z,27.249,59,chunk_20260701-1200-Marcos,chunk_20260701-1200-Marcos,False,within_chunk,1,M1-F-2
ses_20260701-120612-Marcos,19,2026-07-01T12:19:01.465Z,2026-07-01T12:19:38.734Z,37.269,80,chunk_20260701-1200-Marcos,chunk_20260701-1200-Marcos,False,within_chunk,1,M1-M-3
ses_20260701-120612-Marcos,20,2026-07-01T12:19:41.904Z,2026-07-01T12:20:57.558Z,75.654,129,chunk_20260701-1200-Marcos,chunk_20260701-1200-Marcos,False,within_chunk,3,M1-K-4
ses_20260701-120612-Marcos,21,2026-07-01T12:20:57.571Z,2026-07-01T12:21:23.652Z,26.081,82,chunk_20260701-1200-Marcos,chunk_20260701-1200-Marcos,False,within_chunk,1,M1-F-3
ses_20260701-120612-Marcos,22,2026-07-01T12:21:45.140Z,2026-07-01T12:22:15.239Z,30.099,107,chunk_20260701-1200-Marcos,chunk_20260701-1200-Marcos,False,within_chunk,2,M1-K-5
ses_20260701-120612-Marcos,23,2026-07-01T12:22:15.712Z,2026-07-01T12:24:01.540Z,105.828,195,chunk_20260701-1200-Marcos,chunk_20260701-1200-Marcos,False,within_chunk,1,M1-C-4
ses_20260701-120612-Marcos,24,2026-07-01T12:24:02.018Z,2026-07-01T12:24:19.796Z,17.778,49,chunk_20260701-1200-Marcos,chunk_20260701-1200-Marcos,False,within_chunk,1,M1-I-2
ses_20260701-120612-Marcos,25,2026-07-01T12:24:38.872Z,2026-07-01T12:25:16.959Z,38.087,54,chunk_20260701-1200-Marcos,chunk_20260701-1200-Marcos,False,within_chunk,1,M1-I-2
ses_20260701-120612-Marcos,26,2026-07-01T12:25:20.843Z,2026-07-01T12:26:28.236Z,67.393,92,chunk_20260701-1200-Marcos,chunk_20260701-1200-Marcos,False,within_chunk,2,M1-F-4
ses_20260701-120612-Marcos,27,2026-07-01T12:27:04.597Z,2026-07-01T12:27:13.986Z,9.389,41,chunk_20260701-1200-Marcos,chunk_20260701-1200-Marcos,False,within_chunk,1,M1-I-3
ses_20260701-120612-Marcos,28,2026-07-01T12:27:29.654Z,2026-07-01T12:28:24.431Z,54.777,101,chunk_20260701-1200-Marcos,chunk_20260701-1200-Marcos,False,within_chunk,2,M1-M-4
ses_20260701-120828-LAPTOP-0IM1OHQH,1,2026-07-01T12:08:28.693Z,2026-07-01T12:09:13.572Z,44.879,82,chunk_20260701-1200-LAPTOP-0IM1OHQH,chunk_20260701-1200-LAPTOP-0IM1OHQH,False,within_chunk,1,M1-F-1
ses_20260701-120828-LAPTOP-0IM1OHQH,2,2026-07-01T12:09:13.606Z,2026-07-01T12:10:56.671Z,103.065,191,chunk_20260701-1200-LAPTOP-0IM1OHQH,chunk_20260701-1200-LAPTOP-0IM1OHQH,False,within_chunk,3,M1-M-1
ses_20260701-120828-LAPTOP-0IM1OHQH,3,2026-07-01T12:10:56.805Z,2026-07-01T12:10:57.334Z,0.529,7,chunk_20260701-1200-LAPTOP-0IM1OHQH,chunk_20260701-1200-LAPTOP-0IM1OHQH,False,within_chunk,2,M1-A-1
ses_20260701-120828-LAPTOP-0IM1OHQH,4,2026-07-01T12:10:57.353Z,2026-07-01T12:11:54.184Z,56.831,164,chunk_20260701-1200-LAPTOP-0IM1OHQH,chunk_20260701-1200-LAPTOP-0IM1OHQH,False,within_chunk,2,M1-A-1
ses_20260701-120828-LAPTOP-0IM1OHQH,5,2026-07-01T12:11:54.696Z,2026-07-01T12:12:10.104Z,15.408,45,chunk_20260701-1200-LAPTOP-0IM1OHQH,chunk_20260701-1200-LAPTOP-0IM1OHQH,False,within_chunk,1,M1-M-2
ses_20260701-120828-LAPTOP-0IM1OHQH,6,2026-07-01T12:12:30.522Z,2026-07-01T12:12:39.028Z,8.506,28,chunk_20260701-1200-LAPTOP-0IM1OHQH,chunk_20260701-1200-LAPTOP-0IM1OHQH,False,within_chunk,1,M1-M-2
ses_20260701-120828-LAPTOP-0IM1OHQH,7,2026-07-01T12:13:06.849Z,2026-07-01T12:13:31.583Z,24.734,74,chunk_20260701-1200-LAPTOP-0IM1OHQH,chunk_20260701-1200-LAPTOP-0IM1OHQH,False,within_chunk,2,M1-G-1
ses_20260701-120828-LAPTOP-0IM1OHQH,8,2026-07-01T12:13:32.099Z,2026-07-01T12:14:09.669Z,37.57,93,chunk_20260701-1200-LAPTOP-0IM1OHQH,chunk_20260701-1200-LAPTOP-0IM1OHQH,False,within_chunk,1,M1-M-3
ses_20260701-120828-LAPTOP-0IM1OHQH,9,2026-07-01T12:14:09.674Z,2026-07-01T12:14:43.774Z,34.1,75,chunk_20260701-1200-LAPTOP-0IM1OHQH,chunk_20260701-1200-LAPTOP-0IM1OHQH,False,within_chunk,2,M1-A-2
ses_20260701-120828-LAPTOP-0IM1OHQH,10,2026-07-01T12:14:47.310Z,2026-07-01T12:15:31.608Z,44.298,71,chunk_20260701-1200-LAPTOP-0IM1OHQH,chunk_20260701-1200-LAPTOP-0IM1OHQH,False,within_chunk,1,M1-C-1
ses_20260701-120828-LAPTOP-0IM1OHQH,11,2026-07-01T12:15:34.053Z,2026-07-01T12:16:02.459Z,28.406,87,chunk_20260701-1200-LAPTOP-0IM1OHQH,chunk_20260701-1200-LAPTOP-0IM1OHQH,False,within_chunk,2,M1-F-3
ses_20260701-120828-LAPTOP-0IM1OHQH,12,2026-07-01T12:16:02.787Z,2026-07-01T12:16:57.026Z,54.239,74,chunk_20260701-1200-LAPTOP-0IM1OHQH,chunk_20260701-1200-LAPTOP-0IM1OHQH,False,within_chunk,1,M1-D-2
ses_20260701-120828-LAPTOP-0IM1OHQH,13,2026-07-01T12:16:57.038Z,2026-07-01T12:17:40.909Z,43.871,52,chunk_20260701-1200-LAPTOP-0IM1OHQH,chunk_20260701-1200-LAPTOP-0IM1OHQH,False,within_chunk,2,M1-C-2
ses_20260701-120828-LAPTOP-0IM1OHQH,14,2026-07-01T12:18:03.594Z,2026-07-01T12:18:10.616Z,7.022,26,chunk_20260701-1200-LAPTOP-0IM1OHQH,chunk_20260701-1200-LAPTOP-0IM1OHQH,False,within_chunk,1,M1-C-2
ses_20260701-120828-LAPTOP-0IM1OHQH,15,2026-07-01T12:18:13.282Z,2026-07-01T12:18:15.143Z,1.861,10,chunk_20260701-1200-LAPTOP-0IM1OHQH,chunk_20260701-1200-LAPTOP-0IM1OHQH,False,within_chunk,2,M1-J-1
ses_20260701-120828-LAPTOP-0IM1OHQH,16,2026-07-01T12:18:15.222Z,2026-07-01T12:18:49.723Z,34.501,79,chunk_20260701-1200-LAPTOP-0IM1OHQH,chunk_20260701-1200-LAPTOP-0IM1OHQH,False,within_chunk,1,M1-J-1
ses_20260701-120828-LAPTOP-0IM1OHQH,17,2026-07-01T12:18:49.725Z,2026-07-01T12:21:03.102Z,133.377,109,chunk_20260701-1200-LAPTOP-0IM1OHQH,chunk_20260701-1200-LAPTOP-0IM1OHQH,False,within_chunk,2,M1-G-3
ses_20260701-120828-LAPTOP-0IM1OHQH,18,2026-07-01T12:21:04.004Z,2026-07-01T12:22:04.948Z,60.944,76,chunk_20260701-1200-LAPTOP-0IM1OHQH,chunk_20260701-1200-LAPTOP-0IM1OHQH,False,within_chunk,1,M1-D-3
ses_20260701-120828-LAPTOP-0IM1OHQH,19,2026-07-01T12:22:08.350Z,2026-07-01T12:22:34.053Z,25.703,67,chunk_20260701-1200-LAPTOP-0IM1OHQH,chunk_20260701-1200-LAPTOP-0IM1OHQH,False,within_chunk,2,M1-E-1
ses_20260701-120828-LAPTOP-0IM1OHQH,20,2026-07-01T12:22:34.479Z,2026-07-01T12:23:31.399Z,56.92,177,chunk_20260701-1200-LAPTOP-0IM1OHQH,chunk_20260701-1200-LAPTOP-0IM1OHQH,False,within_chunk,2,M1-E-2
ses_20260701-120828-LAPTOP-0IM1OHQH,21,2026-07-01T12:23:31.881Z,2026-07-01T12:23:58.100Z,26.219,80,chunk_20260701-1200-LAPTOP-0IM1OHQH,chunk_20260701-1200-LAPTOP-0IM1OHQH,False,within_chunk,2,M1-F-4
ses_20260701-120828-LAPTOP-0IM1OHQH,22,2026-07-01T12:23:58.123Z,2026-07-01T12:24:55.085Z,56.962,81,chunk_20260701-1200-LAPTOP-0IM1OHQH,chunk_20260701-1200-LAPTOP-0IM1OHQH,False,within_chunk,1,M1-C-3
ses_20260701-120828-LAPTOP-0IM1OHQH,23,2026-07-01T12:25:41.532Z,2026-07-01T12:26:22.014Z,40.482,63,chunk_20260701-1200-LAPTOP-0IM1OHQH,chunk_20260701-1200-LAPTOP-0IM1OHQH,False,within_chunk,2,M1-E-3
ses_20260701-120828-LAPTOP-0IM1OHQH,24,2026-07-01T12:26:25.437Z,2026-07-01T12:27:11.174Z,45.737,115,chunk_20260701-1200-LAPTOP-0IM1OHQH,chunk_20260701-1200-LAPTOP-0IM1OHQH,False,within_chunk,1,M1-A-4
ses_20260701-120828-LAPTOP-0IM1OHQH,25,2026-07-01T12:27:13.322Z,2026-07-01T12:28:44.869Z,91.547,202,chunk_20260701-1200-LAPTOP-0IM1OHQH,chunk_20260701-1200-LAPTOP-0IM1OHQH,False,within_chunk,2,M1-J-3
ses_20260701-120828-LAPTOP-0IM1OHQH,26,2026-07-01T12:28:44.869Z,2026-07-01T12:30:43.397Z,118.528,218,chunk_20260701-1200-LAPTOP-0IM1OHQH,chunk_20260701-1230-LAPTOP-0IM1OHQH,True,continuation_across_chunk,1,M1-H-4
ses_20260701-123729-Marcos,1,2026-07-01T12:37:29.139Z,2026-07-01T12:38:48.223Z,79.084,91,chunk_20260701-1230-Marcos,chunk_20260701-1230-Marcos,False,within_chunk,1,M1-N-1
ses_20260701-123729-Marcos,2,2026-07-01T12:38:52.014Z,2026-07-01T12:39:23.959Z,31.945,56,chunk_20260701-1230-Marcos,chunk_20260701-1230-Marcos,False,within_chunk,1,M1-M-1
ses_20260701-123729-Marcos,3,2026-07-01T12:39:24.403Z,2026-07-01T12:40:01.960Z,37.557,97,chunk_20260701-1230-Marcos,chunk_20260701-1230-Marcos,False,within_chunk,1,M1-C-1
ses_20260701-123729-Marcos,4,2026-07-01T12:40:02.452Z,2026-07-01T12:40:22.808Z,20.356,76,chunk_20260701-1230-Marcos,chunk_20260701-1230-Marcos,False,within_chunk,1,M1-F-1
ses_20260701-123729-Marcos,5,2026-07-01T12:40:26.662Z,2026-07-01T12:40:42.472Z,15.81,39,chunk_20260701-1230-Marcos,chunk_20260701-1230-Marcos,False,within_chunk,1,M1-G-1
ses_20260701-123729-Marcos,6,2026-07-01T12:40:44.451Z,2026-07-01T12:41:06.639Z,22.188,75,chunk_20260701-1230-Marcos,chunk_20260701-1230-Marcos,False,within_chunk,2,M1-L-1
ses_20260701-123729-Marcos,7,2026-07-01T12:41:38.766Z,2026-07-01T12:42:06.950Z,28.184,103,chunk_20260701-1230-Marcos,chunk_20260701-1230-Marcos,False,within_chunk,2,M1-A-1
ses_20260701-123729-Marcos,8,2026-07-01T12:42:10.522Z,2026-07-01T12:42:40.842Z,30.32,53,chunk_20260701-1230-Marcos,chunk_20260701-1230-Marcos,False,within_chunk,1,M1-C-2
ses_20260701-123729-Marcos,9,2026-07-01T12:42:41.277Z,2026-07-01T12:42:41.385Z,0.108,4,chunk_20260701-1230-Marcos,chunk_20260701-1230-Marcos,False,within_chunk,1,M1-G-2
ses_20260701-123729-Marcos,10,2026-07-01T12:42:41.434Z,2026-07-01T12:42:59.013Z,17.579,60,chunk_20260701-1230-Marcos,chunk_20260701-1230-Marcos,False,within_chunk,1,M1-G-2
ses_20260701-123729-Marcos,11,2026-07-01T12:43:01.331Z,2026-07-01T12:43:38.275Z,36.944,100,chunk_20260701-1230-Marcos,chunk_20260701-1230-Marcos,False,within_chunk,2,M1-M-2
ses_20260701-123729-Marcos,12,2026-07-01T12:43:38.859Z,2026-07-01T12:43:59.822Z,20.963,69,chunk_20260701-1230-Marcos,chunk_20260701-1230-Marcos,False,within_chunk,1,M1-G-3
ses_20260701-123729-Marcos,13,2026-07-01T12:44:02.192Z,2026-07-01T12:44:22.918Z,20.726,76,chunk_20260701-1230-Marcos,chunk_20260701-1230-Marcos,False,within_chunk,2,M1-L-2
ses_20260701-123729-Marcos,14,2026-07-01T12:45:10.485Z,2026-07-01T12:45:38.285Z,27.8,90,chunk_20260701-1230-Marcos,chunk_20260701-1230-Marcos,False,within_chunk,1,M1-A-2
ses_20260701-123729-Marcos,15,2026-07-01T12:45:49.826Z,2026-07-01T12:46:22.979Z,33.153,71,chunk_20260701-1230-Marcos,chunk_20260701-1230-Marcos,False,within_chunk,1,M1-C-3
ses_20260701-123729-Marcos,16,2026-07-01T12:46:23.453Z,2026-07-01T12:46:47.326Z,23.873,80,chunk_20260701-1230-Marcos,chunk_20260701-1230-Marcos,False,within_chunk,1,M1-F-2
ses_20260701-123729-Marcos,17,2026-07-01T12:46:47.414Z,2026-07-01T12:47:15.130Z,27.716,99,chunk_20260701-1230-Marcos,chunk_20260701-1230-Marcos,False,within_chunk,2,M1-A-3
ses_20260701-123729-Marcos,18,2026-07-01T12:47:32.602Z,2026-07-01T12:49:53.005Z,140.403,171,chunk_20260701-1230-Marcos,chunk_20260701-1230-Marcos,False,within_chunk,3,M1-H-1
ses_20260701-123729-Marcos,19,2026-07-01T12:50:35.739Z,2026-07-01T12:51:01.896Z,26.157,104,chunk_20260701-1230-Marcos,chunk_20260701-1230-Marcos,False,within_chunk,3,M1-F-3
ses_20260701-123729-Marcos,20,2026-07-01T12:51:01.936Z,2026-07-01T12:51:31.803Z,29.867,82,chunk_20260701-1230-Marcos,chunk_20260701-1230-Marcos,False,within_chunk,1,M1-A-4
ses_20260701-123729-Marcos,21,2026-07-01T12:51:32.244Z,2026-07-01T12:51:57.792Z,25.548,102,chunk_20260701-1230-Marcos,chunk_20260701-1230-Marcos,False,within_chunk,1,M1-L-4
ses_20260701-123729-Marcos,22,2026-07-01T12:52:49.608Z,2026-07-01T12:53:23.629Z,34.021,50,chunk_20260701-1230-Marcos,chunk_20260701-1230-Marcos,False,within_chunk,1,M1-M-3
ses_20260701-123729-Marcos,23,2026-07-01T12:53:23.630Z,2026-07-01T12:53:35.098Z,11.468,10,chunk_20260701-1230-Marcos,chunk_20260701-1230-Marcos,False,within_chunk,2,M1-M-3
ses_20260701-123729-Marcos,24,2026-07-01T12:53:35.134Z,2026-07-01T12:54:05.231Z,30.097,103,chunk_20260701-1230-Marcos,chunk_20260701-1230-Marcos,False,within_chunk,1,M1-E-1
ses_20260701-123729-Marcos,25,2026-07-01T12:54:05.246Z,2026-07-01T12:55:00.658Z,55.412,67,chunk_20260701-1230-Marcos,chunk_20260701-1230-Marcos,False,within_chunk,1,M1-N-3
ses_20260701-123729-Marcos,26,2026-07-01T12:55:01.645Z,2026-07-01T12:55:41.668Z,40.023,54,chunk_20260701-1230-Marcos,chunk_20260701-1230-Marcos,False,within_chunk,1,M1-N-3
ses_20260701-123729-Marcos,27,2026-07-01T12:55:42.183Z,2026-07-01T12:57:15.089Z,92.906,213,chunk_20260701-1230-Marcos,chunk_20260701-1230-Marcos,False,within_chunk,2,M1-H-3
ses_20260701-123729-Marcos,28,2026-07-01T12:57:52.858Z,2026-07-01T12:58:14.729Z,21.871,68,chunk_20260701-1230-Marcos,chunk_20260701-1230-Marcos,False,within_chunk,1,M1-H-4
ses_20260701-123729-Marcos,29,2026-07-01T12:58:15.258Z,2026-07-01T12:59:04.271Z,49.013,143,chunk_20260701-1230-Marcos,chunk_20260701-1230-Marcos,False,within_chunk,1,M1-E-3
ses_20260701-123729-Marcos,30,2026-07-01T12:59:04.780Z,2026-07-01T13:02:27.933Z,203.153,171,chunk_20260701-1230-Marcos,chunk_20260701-1300-Marcos,True,continuation_across_chunk,1,M1-J-3
ses_20260701-124033-SIDDHIGUPTAB00B,1,2026-07-01T12:40:33.775Z,2026-07-01T12:41:29.011Z,55.236,71,chunk_20260701-1230-SIDDHIGUPTAB00B,chunk_20260701-1230-SIDDHIGUPTAB00B,False,within_chunk,1,M1-K-1
ses_20260701-124033-SIDDHIGUPTAB00B,2,2026-07-01T12:41:29.528Z,2026-07-01T12:41:57.434Z,27.906,110,chunk_20260701-1230-SIDDHIGUPTAB00B,chunk_20260701-1230-SIDDHIGUPTAB00B,False,within_chunk,1,M1-F-1
ses_20260701-124033-SIDDHIGUPTAB00B,3,2026-07-01T12:42:27.017Z,2026-07-01T12:42:27.669Z,0.652,6,chunk_20260701-1230-SIDDHIGUPTAB00B,chunk_20260701-1230-SIDDHIGUPTAB00B,False,within_chunk,2,M1-K-2
ses_20260701-124033-SIDDHIGUPTAB00B,4,2026-07-01T12:42:27.673Z,2026-07-01T12:42:51.497Z,23.824,75,chunk_20260701-1230-SIDDHIGUPTAB00B,chunk_20260701-1230-SIDDHIGUPTAB00B,False,within_chunk,1,M1-K-2
ses_20260701-124033-SIDDHIGUPTAB00B,5,2026-07-01T12:42:51.955Z,2026-07-01T12:43:17.131Z,25.176,106,chunk_20260701-1230-SIDDHIGUPTAB00B,chunk_20260701-1230-SIDDHIGUPTAB00B,False,within_chunk,1,M1-H-1
ses_20260701-124033-SIDDHIGUPTAB00B,6,2026-07-01T12:43:20.727Z,2026-07-01T12:43:43.579Z,22.852,62,chunk_20260701-1230-SIDDHIGUPTAB00B,chunk_20260701-1230-SIDDHIGUPTAB00B,False,within_chunk,1,M1-F-2
ses_20260701-124033-SIDDHIGUPTAB00B,7,2026-07-01T12:43:47.119Z,2026-07-01T12:43:52.671Z,5.552,7,chunk_20260701-1230-SIDDHIGUPTAB00B,chunk_20260701-1230-SIDDHIGUPTAB00B,False,within_chunk,1,M1-I-1
ses_20260701-124033-SIDDHIGUPTAB00B,8,2026-07-01T12:43:54.983Z,2026-07-01T12:44:07.805Z,12.822,19,chunk_20260701-1230-SIDDHIGUPTAB00B,chunk_20260701-1230-SIDDHIGUPTAB00B,False,within_chunk,1,M1-I-1
ses_20260701-124033-SIDDHIGUPTAB00B,9,2026-07-01T12:44:25.625Z,2026-07-01T12:45:02.987Z,37.362,54,chunk_20260701-1230-SIDDHIGUPTAB00B,chunk_20260701-1230-SIDDHIGUPTAB00B,False,within_chunk,1,M1-I-1
ses_20260701-124033-SIDDHIGUPTAB00B,10,2026-07-01T12:45:07.059Z,2026-07-01T12:45:28.403Z,21.344,56,chunk_20260701-1230-SIDDHIGUPTAB00B,chunk_20260701-1230-SIDDHIGUPTAB00B,False,within_chunk,1,M1-F-3
ses_20260701-124033-SIDDHIGUPTAB00B,11,2026-07-01T12:45:55.749Z,2026-07-01T12:46:52.118Z,56.369,95,chunk_20260701-1230-SIDDHIGUPTAB00B,chunk_20260701-1230-SIDDHIGUPTAB00B,False,within_chunk,2,M1-N-1
ses_20260701-124033-SIDDHIGUPTAB00B,12,2026-07-01T12:46:52.607Z,2026-07-01T12:47:20.921Z,28.314,90,chunk_20260701-1230-SIDDHIGUPTAB00B,chunk_20260701-1230-SIDDHIGUPTAB00B,False,within_chunk,1,M1-F-4
ses_20260701-124033-SIDDHIGUPTAB00B,13,2026-07-01T12:47:21.389Z,2026-07-01T12:47:38.253Z,16.864,66,chunk_20260701-1230-SIDDHIGUPTAB00B,chunk_20260701-1230-SIDDHIGUPTAB00B,False,within_chunk,1,M1-L-1
ses_20260701-124033-SIDDHIGUPTAB00B,14,2026-07-01T12:47:38.255Z,2026-07-01T12:48:24.990Z,46.735,15,chunk_20260701-1230-SIDDHIGUPTAB00B,chunk_20260701-1230-SIDDHIGUPTAB00B,False,within_chunk,2,M1-N-2
ses_20260701-124033-SIDDHIGUPTAB00B,15,2026-07-01T12:48:53.148Z,2026-07-01T12:50:12.292Z,79.144,273,chunk_20260701-1230-SIDDHIGUPTAB00B,chunk_20260701-1230-SIDDHIGUPTAB00B,False,within_chunk,2,M1-N-2
ses_20260701-124033-SIDDHIGUPTAB00B,16,2026-07-01T12:50:15.480Z,2026-07-01T12:50:37.462Z,21.982,74,chunk_20260701-1230-SIDDHIGUPTAB00B,chunk_20260701-1230-SIDDHIGUPTAB00B,False,within_chunk,1,M1-L-2
ses_20260701-124033-SIDDHIGUPTAB00B,17,2026-07-01T12:51:02.633Z,2026-07-01T12:51:31.047Z,28.414,92,chunk_20260701-1230-SIDDHIGUPTAB00B,chunk_20260701-1230-SIDDHIGUPTAB00B,False,within_chunk,1,M1-H-2
ses_20260701-124033-SIDDHIGUPTAB00B,18,2026-07-01T12:51:33.832Z,2026-07-01T12:52:21.207Z,47.375,92,chunk_20260701-1230-SIDDHIGUPTAB00B,chunk_20260701-1230-SIDDHIGUPTAB00B,False,within_chunk,2,M1-N-3
ses_20260701-124033-SIDDHIGUPTAB00B,19,2026-07-01T12:52:24.923Z,2026-07-01T12:52:44.256Z,19.333,48,chunk_20260701-1230-SIDDHIGUPTAB00B,chunk_20260701-1230-SIDDHIGUPTAB00B,False,within_chunk,1,M1-L-3
ses_20260701-124033-SIDDHIGUPTAB00B,20,2026-07-01T12:53:17.757Z,2026-07-01T12:54:06.521Z,48.764,87,chunk_20260701-1230-SIDDHIGUPTAB00B,chunk_20260701-1230-SIDDHIGUPTAB00B,False,within_chunk,2,M1-D-1
ses_20260701-124033-SIDDHIGUPTAB00B,21,2026-07-01T12:54:09.970Z,2026-07-01T12:54:35.537Z,25.567,89,chunk_20260701-1230-SIDDHIGUPTAB00B,chunk_20260701-1230-SIDDHIGUPTAB00B,False,within_chunk,1,M1-D-1
ses_20260701-124033-SIDDHIGUPTAB00B,22,2026-07-01T12:54:35.539Z,2026-07-01T12:55:08.473Z,32.934,76,chunk_20260701-1230-SIDDHIGUPTAB00B,chunk_20260701-1230-SIDDHIGUPTAB00B,False,within_chunk,1,M1-K-4
ses_20260701-124033-SIDDHIGUPTAB00B,23,2026-07-01T12:55:08.999Z,2026-07-01T12:55:31.577Z,22.578,83,chunk_20260701-1230-SIDDHIGUPTAB00B,chunk_20260701-1230-SIDDHIGUPTAB00B,False,within_chunk,1,M1-H-3
ses_20260701-124033-SIDDHIGUPTAB00B,24,2026-07-01T12:55:58.754Z,2026-07-01T12:56:27.301Z,28.547,111,chunk_20260701-1230-SIDDHIGUPTAB00B,chunk_20260701-1230-SIDDHIGUPTAB00B,False,within_chunk,2,M1-L-4
ses_20260701-124033-SIDDHIGUPTAB00B,25,2026-07-01T12:56:58.438Z,2026-07-01T12:57:20.721Z,22.283,55,chunk_20260701-1230-SIDDHIGUPTAB00B,chunk_20260701-1230-SIDDHIGUPTAB00B,False,within_chunk,1,M1-K-5
ses_20260701-124033-SIDDHIGUPTAB00B,26,2026-07-01T12:57:21.179Z,2026-07-01T12:58:22.744Z,61.565,97,chunk_20260701-1230-SIDDHIGUPTAB00B,chunk_20260701-1230-SIDDHIGUPTAB00B,False,within_chunk,1,M1-D-3
ses_20260701-124033-SIDDHIGUPTAB00B,27,2026-07-01T12:58:40.956Z,2026-07-01T12:59:10.778Z,29.822,34,chunk_20260701-1230-SIDDHIGUPTAB00B,chunk_20260701-1230-SIDDHIGUPTAB00B,False,within_chunk,1,M1-D-3
ses_20260701-124033-SIDDHIGUPTAB00B,28,2026-07-01T12:59:10.966Z,2026-07-01T13:00:04.343Z,53.377,79,chunk_20260701-1230-SIDDHIGUPTAB00B,chunk_20260701-1300-SIDDHIGUPTAB00B,True,continuation_across_chunk,2,M1-C-1
ses_20260701-124033-SIDDHIGUPTAB00B,29,2026-07-01T13:00:07.536Z,2026-07-01T13:00:30.283Z,22.747,56,chunk_20260701-1300-SIDDHIGUPTAB00B,chunk_20260701-1300-SIDDHIGUPTAB00B,False,within_chunk,2,M1-I-2
ses_20260701-124033-SIDDHIGUPTAB00B,30,2026-07-01T13:00:47.793Z,2026-07-01T13:01:36.329Z,48.536,65,chunk_20260701-1300-SIDDHIGUPTAB00B,chunk_20260701-1300-SIDDHIGUPTAB00B,False,within_chunk,2,M1-I-2
ses_20260701-124033-SIDDHIGUPTAB00B,31,2026-07-01T13:01:36.367Z,2026-07-01T13:02:17.932Z,41.565,74,chunk_20260701-1300-SIDDHIGUPTAB00B,chunk_20260701-1300-SIDDHIGUPTAB00B,False,within_chunk,1,M1-C-2
ses_20260701-124033-SIDDHIGUPTAB00B,32,2026-07-01T13:03:08.420Z,2026-07-01T13:03:10.053Z,1.633,6,chunk_20260701-1300-SIDDHIGUPTAB00B,chunk_20260701-1300-SIDDHIGUPTAB00B,False,within_chunk,1,M1-C-2
ses_20260701-124033-SIDDHIGUPTAB00B,33,2026-07-01T13:03:28.135Z,2026-07-01T13:03:53.329Z,25.194,56,chunk_20260701-1300-SIDDHIGUPTAB00B,chunk_20260701-1300-SIDDHIGUPTAB00B,False,within_chunk,2,M1-I-3
ses_20260701-124033-SIDDHIGUPTAB00B,34,2026-07-01T13:04:10.034Z,2026-07-01T13:04:52.820Z,42.786,59,chunk_20260701-1300-SIDDHIGUPTAB00B,chunk_20260701-1300-SIDDHIGUPTAB00B,False,within_chunk,1,M1-I-3
ses_20260701-124033-SIDDHIGUPTAB00B,35,2026-07-01T13:04:53.283Z,2026-07-01T13:05:30.538Z,37.255,96,chunk_20260701-1300-SIDDHIGUPTAB00B,chunk_20260701-1300-SIDDHIGUPTAB00B,False,within_chunk,0,
ses_20260701-124033-SIDDHIGUPTAB00B,36,2026-07-01T13:05:52.093Z,2026-07-01T13:06:22.588Z,30.495,67,chunk_20260701-1300-SIDDHIGUPTAB00B,chunk_20260701-1300-SIDDHIGUPTAB00B,False,within_chunk,1,M1-C-4
ses_20260701-124033-SIDDHIGUPTAB00B,37,2026-07-01T13:06:22.995Z,2026-07-01T13:06:23.101Z,0.106,4,chunk_20260701-1300-SIDDHIGUPTAB00B,chunk_20260701-1300-SIDDHIGUPTAB00B,False,within_chunk,1,M1-H-4
ses_20260701-124033-SIDDHIGUPTAB00B,38,2026-07-01T13:06:23.166Z,2026-07-01T13:07:34.821Z,71.655,99,chunk_20260701-1300-SIDDHIGUPTAB00B,chunk_20260701-1300-SIDDHIGUPTAB00B,False,within_chunk,1,M1-H-4
ses_20260701-124550-LAPTOP-0IM1OHQH,1,2026-07-01T12:45:50.894Z,2026-07-01T12:46:54.981Z,64.087,109,chunk_20260701-1230-LAPTOP-0IM1OHQH,chunk_20260701-1230-LAPTOP-0IM1OHQH,False,within_chunk,1,M1-J-1
ses_20260701-124550-LAPTOP-0IM1OHQH,2,2026-07-01T12:46:58.411Z,2026-07-01T12:47:47.774Z,49.363,93,chunk_20260701-1230-LAPTOP-0IM1OHQH,chunk_20260701-1230-LAPTOP-0IM1OHQH,False,within_chunk,3,M1-D-1
ses_20260701-124550-LAPTOP-0IM1OHQH,3,2026-07-01T12:47:47.807Z,2026-07-01T12:48:24.406Z,36.599,76,chunk_20260701-1230-LAPTOP-0IM1OHQH,chunk_20260701-1230-LAPTOP-0IM1OHQH,False,within_chunk,1,M1-J-2
ses_20260701-124550-LAPTOP-0IM1OHQH,4,2026-07-01T12:48:28.230Z,2026-07-01T12:48:46.893Z,18.663,60,chunk_20260701-1230-LAPTOP-0IM1OHQH,chunk_20260701-1230-LAPTOP-0IM1OHQH,False,within_chunk,1,M1-F-1
ses_20260701-124550-LAPTOP-0IM1OHQH,5,2026-07-01T12:48:49.684Z,2026-07-01T12:49:36.139Z,46.455,88,chunk_20260701-1230-LAPTOP-0IM1OHQH,chunk_20260701-1230-LAPTOP-0IM1OHQH,False,within_chunk,2,M1-M-1
ses_20260701-124550-LAPTOP-0IM1OHQH,6,2026-07-01T12:50:00.007Z,2026-07-01T12:50:23.959Z,23.952,94,chunk_20260701-1230-LAPTOP-0IM1OHQH,chunk_20260701-1230-LAPTOP-0IM1OHQH,False,within_chunk,2,M1-A-1
ses_20260701-124550-LAPTOP-0IM1OHQH,7,2026-07-01T12:50:23.966Z,2026-07-01T12:50:33.126Z,9.16,8,chunk_20260701-1230-LAPTOP-0IM1OHQH,chunk_20260701-1230-LAPTOP-0IM1OHQH,False,within_chunk,1,M1-A-1
ses_20260701-124550-LAPTOP-0IM1OHQH,8,2026-07-01T12:50:33.658Z,2026-07-01T12:50:59.573Z,25.915,73,chunk_20260701-1230-LAPTOP-0IM1OHQH,chunk_20260701-1230-LAPTOP-0IM1OHQH,False,within_chunk,2,M1-G-1
ses_20260701-124550-LAPTOP-0IM1OHQH,9,2026-07-01T12:50:59.642Z,2026-07-01T12:51:26.306Z,26.664,77,chunk_20260701-1230-LAPTOP-0IM1OHQH,chunk_20260701-1230-LAPTOP-0IM1OHQH,False,within_chunk,1,M1-K-1
ses_20260701-124550-LAPTOP-0IM1OHQH,10,2026-07-01T12:51:59.698Z,2026-07-01T12:52:23.717Z,24.019,94,chunk_20260701-1230-LAPTOP-0IM1OHQH,chunk_20260701-1230-LAPTOP-0IM1OHQH,False,within_chunk,2,M1-F-2
ses_20260701-124550-LAPTOP-0IM1OHQH,11,2026-07-01T12:52:23.722Z,2026-07-01T12:52:33.971Z,10.249,10,chunk_20260701-1230-LAPTOP-0IM1OHQH,chunk_20260701-1230-LAPTOP-0IM1OHQH,False,within_chunk,2,M1-I-1
ses_20260701-124550-LAPTOP-0IM1OHQH,12,2026-07-01T12:52:34.943Z,2026-07-01T12:52:47.662Z,12.719,19,chunk_20260701-1230-LAPTOP-0IM1OHQH,chunk_20260701-1230-LAPTOP-0IM1OHQH,False,within_chunk,1,M1-I-1
ses_20260701-124550-LAPTOP-0IM1OHQH,13,2026-07-01T12:53:03.898Z,2026-07-01T12:53:05.538Z,1.64,8,chunk_20260701-1230-LAPTOP-0IM1OHQH,chunk_20260701-1230-LAPTOP-0IM1OHQH,False,within_chunk,1,M1-I-1
ses_20260701-124550-LAPTOP-0IM1OHQH,14,2026-07-01T12:53:39.636Z,2026-07-01T12:53:52.787Z,13.151,44,chunk_20260701-1230-LAPTOP-0IM1OHQH,chunk_20260701-1230-LAPTOP-0IM1OHQH,False,within_chunk,2,M1-I-1
ses_20260701-124550-LAPTOP-0IM1OHQH,15,2026-07-01T12:53:52.865Z,2026-07-01T12:54:49.604Z,56.739,129,chunk_20260701-1230-LAPTOP-0IM1OHQH,chunk_20260701-1230-LAPTOP-0IM1OHQH,False,within_chunk,2,M1-A-2
ses_20260701-124550-LAPTOP-0IM1OHQH,16,2026-07-01T12:54:59.436Z,2026-07-01T12:55:21.621Z,22.185,9,chunk_20260701-1230-LAPTOP-0IM1OHQH,chunk_20260701-1230-LAPTOP-0IM1OHQH,False,within_chunk,1,M1-I-2
ses_20260701-124550-LAPTOP-0IM1OHQH,17,2026-07-01T12:55:41.430Z,2026-07-01T12:55:51.169Z,9.739,39,chunk_20260701-1230-LAPTOP-0IM1OHQH,chunk_20260701-1230-LAPTOP-0IM1OHQH,False,within_chunk,1,M1-I-2
ses_20260701-124550-LAPTOP-0IM1OHQH,18,2026-07-01T12:55:55.018Z,2026-07-01T12:56:20.817Z,25.799,63,chunk_20260701-1230-LAPTOP-0IM1OHQH,chunk_20260701-1230-LAPTOP-0IM1OHQH,False,within_chunk,2,M1-J-3
ses_20260701-124550-LAPTOP-0IM1OHQH,19,2026-07-01T12:56:20.835Z,2026-07-01T12:56:46.578Z,25.743,83,chunk_20260701-1230-LAPTOP-0IM1OHQH,chunk_20260701-1230-LAPTOP-0IM1OHQH,False,within_chunk,1,M1-A-3
ses_20260701-124550-LAPTOP-0IM1OHQH,20,2026-07-01T12:56:47.146Z,2026-07-01T12:56:47.848Z,0.702,6,chunk_20260701-1230-LAPTOP-0IM1OHQH,chunk_20260701-1230-LAPTOP-0IM1OHQH,False,within_chunk,1,M1-I-3
ses_20260701-124550-LAPTOP-0IM1OHQH,21,2026-07-01T12:56:47.849Z,2026-07-01T12:57:08.210Z,20.361,44,chunk_20260701-1230-LAPTOP-0IM1OHQH,chunk_20260701-1230-LAPTOP-0IM1OHQH,False,within_chunk,1,M1-I-3
ses_20260701-124550-LAPTOP-0IM1OHQH,22,2026-07-01T12:57:28.867Z,2026-07-01T12:57:30.097Z,1.23,9,chunk_20260701-1230-LAPTOP-0IM1OHQH,chunk_20260701-1230-LAPTOP-0IM1OHQH,False,within_chunk,1,M1-I-3
ses_20260701-124550-LAPTOP-0IM1OHQH,23,2026-07-01T12:57:58.748Z,2026-07-01T12:58:31.491Z,32.743,86,chunk_20260701-1230-LAPTOP-0IM1OHQH,chunk_20260701-1230-LAPTOP-0IM1OHQH,False,within_chunk,2,M1-G-2
ses_20260701-124550-LAPTOP-0IM1OHQH,24,2026-07-01T12:58:34.032Z,2026-07-01T12:58:51.297Z,17.265,48,chunk_20260701-1230-LAPTOP-0IM1OHQH,chunk_20260701-1230-LAPTOP-0IM1OHQH,False,within_chunk,2,M1-M-2
ses_20260701-124550-LAPTOP-0IM1OHQH,25,2026-07-01T12:59:09.508Z,2026-07-01T12:59:17.944Z,8.436,26,chunk_20260701-1230-LAPTOP-0IM1OHQH,chunk_20260701-1230-LAPTOP-0IM1OHQH,False,within_chunk,1,M1-M-2
ses_20260701-124550-LAPTOP-0IM1OHQH,26,2026-07-01T12:59:21.036Z,2026-07-01T13:00:06.262Z,45.226,89,chunk_20260701-1230-LAPTOP-0IM1OHQH,chunk_20260701-1300-LAPTOP-0IM1OHQH,True,continuation_across_chunk,2,M1-D-2
ses_20260701-124550-LAPTOP-0IM1OHQH,27,2026-07-01T13:00:09.084Z,2026-07-01T13:00:32.115Z,23.031,81,chunk_20260701-1300-LAPTOP-0IM1OHQH,chunk_20260701-1300-LAPTOP-0IM1OHQH,False,within_chunk,2,M1-K-2
ses_20260701-124550-LAPTOP-0IM1OHQH,28,2026-07-01T13:01:02.919Z,2026-07-01T13:02:50.704Z,107.785,172,chunk_20260701-1300-LAPTOP-0IM1OHQH,chunk_20260701-1300-LAPTOP-0IM1OHQH,False,within_chunk,2,M1-G-3
ses_20260701-124550-LAPTOP-0IM1OHQH,29,2026-07-01T13:02:53.078Z,2026-07-01T13:03:20.172Z,27.094,99,chunk_20260701-1300-LAPTOP-0IM1OHQH,chunk_20260701-1300-LAPTOP-0IM1OHQH,False,within_chunk,2,M1-K-3
ses_20260701-124550-LAPTOP-0IM1OHQH,30,2026-07-01T13:03:56.919Z,2026-07-01T13:04:18.771Z,21.852,84,chunk_20260701-1300-LAPTOP-0IM1OHQH,chunk_20260701-1300-LAPTOP-0IM1OHQH,False,within_chunk,2,M1-F-3
ses_20260701-124550-LAPTOP-0IM1OHQH,31,2026-07-01T13:05:10.967Z,2026-07-01T13:05:25.769Z,14.802,7,chunk_20260701-1300-LAPTOP-0IM1OHQH,chunk_20260701-1300-LAPTOP-0IM1OHQH,False,within_chunk,1,M1-F-3
ses_20260701-124550-LAPTOP-0IM1OHQH,32,2026-07-01T13:05:26.314Z,2026-07-01T13:06:46.075Z,79.761,155,chunk_20260701-1300-LAPTOP-0IM1OHQH,chunk_20260701-1300-LAPTOP-0IM1OHQH,False,within_chunk,2,M1-F-4
ses_20260701-124550-LAPTOP-0IM1OHQH,33,2026-07-01T13:06:46.599Z,2026-07-01T13:07:16.483Z,29.884,80,chunk_20260701-1300-LAPTOP-0IM1OHQH,chunk_20260701-1300-LAPTOP-0IM1OHQH,False,within_chunk,1,M1-O-1
ses_20260701-124550-LAPTOP-0IM1OHQH,34,2026-07-01T13:07:16.893Z,2026-07-01T13:07:48.705Z,31.812,107,chunk_20260701-1300-LAPTOP-0IM1OHQH,chunk_20260701-1300-LAPTOP-0IM1OHQH,False,within_chunk,1,M1-E-1
ses_20260701-124550-LAPTOP-0IM1OHQH,35,2026-07-01T13:07:48.756Z,2026-07-01T13:08:41.801Z,53.045,124,chunk_20260701-1300-LAPTOP-0IM1OHQH,chunk_20260701-1300-LAPTOP-0IM1OHQH,False,within_chunk,1,M1-O-3
ses_20260701-124550-LAPTOP-0IM1OHQH,36,2026-07-01T13:08:42.198Z,2026-07-01T13:08:42.351Z,0.153,5,chunk_20260701-1300-LAPTOP-0IM1OHQH,chunk_20260701-1300-LAPTOP-0IM1OHQH,False,within_chunk,0,
ses_20260701-124550-LAPTOP-0IM1OHQH,37,2026-07-01T13:08:42.408Z,2026-07-01T13:09:03.229Z,20.821,84,chunk_20260701-1300-LAPTOP-0IM1OHQH,chunk_20260701-1300-LAPTOP-0IM1OHQH,False,within_chunk,0,
ses_20260701-124550-LAPTOP-0IM1OHQH,38,2026-07-01T13:09:03.230Z,2026-07-01T13:09:55.009Z,51.779,68,chunk_20260701-1300-LAPTOP-0IM1OHQH,chunk_20260701-1300-LAPTOP-0IM1OHQH,False,within_chunk,1,M1-E-3
ses_20260701-124636-MSI,1,2026-07-01T12:46:36.674Z,2026-07-01T12:46:52.489Z,15.815,50,chunk_20260701-1230-MSI,chunk_20260701-1230-MSI,False,within_chunk,0,
ses_20260701-124636-MSI,2,2026-07-01T12:47:48.397Z,2026-07-01T12:47:49.665Z,1.268,16,chunk_20260701-1230-MSI,chunk_20260701-1230-MSI,False,within_chunk,1,M1-A-1
ses_20260701-124636-MSI,3,2026-07-01T12:47:50.369Z,2026-07-01T12:48:11.966Z,21.597,67,chunk_20260701-1230-MSI,chunk_20260701-1230-MSI,False,within_chunk,1,M1-A-1
ses_20260701-124636-MSI,4,2026-07-01T12:48:15.382Z,2026-07-01T12:48:34.158Z,18.776,46,chunk_20260701-1230-MSI,chunk_20260701-1230-MSI,False,within_chunk,1,M1-B-1
ses_20260701-124636-MSI,5,2026-07-01T12:48:37.692Z,2026-07-01T12:48:58.045Z,20.353,72,chunk_20260701-1230-MSI,chunk_20260701-1230-MSI,False,within_chunk,1,M1-A-2
ses_20260701-124636-MSI,6,2026-07-01T12:49:01.545Z,2026-07-01T12:49:33.519Z,31.974,77,chunk_20260701-1230-MSI,chunk_20260701-1230-MSI,False,within_chunk,1,M1-C-1
ses_20260701-124636-MSI,7,2026-07-01T12:49:33.522Z,2026-07-01T12:49:44.430Z,10.908,9,chunk_20260701-1230-MSI,chunk_20260701-1230-MSI,False,within_chunk,1,M1-C-1
ses_20260701-124636-MSI,8,2026-07-01T12:49:44.881Z,2026-07-01T12:50:09.312Z,24.431,99,chunk_20260701-1230-MSI,chunk_20260701-1230-MSI,False,within_chunk,1,M1-F-1
ses_20260701-124636-MSI,9,2026-07-01T12:50:09.803Z,2026-07-01T12:50:35.813Z,26.01,85,chunk_20260701-1230-MSI,chunk_20260701-1230-MSI,False,within_chunk,1,M1-A-3
ses_20260701-124636-MSI,10,2026-07-01T12:50:36.334Z,2026-07-01T12:51:01.177Z,24.843,99,chunk_20260701-1230-MSI,chunk_20260701-1230-MSI,False,within_chunk,1,M1-F-2
ses_20260701-124636-MSI,11,2026-07-01T12:51:01.244Z,2026-07-01T12:52:09.473Z,68.229,169,chunk_20260701-1230-MSI,chunk_20260701-1230-MSI,False,within_chunk,2,M1-O-1
ses_20260701-124636-MSI,12,2026-07-01T12:52:10.004Z,2026-07-01T12:52:37.907Z,27.903,108,chunk_20260701-1230-MSI,chunk_20260701-1230-MSI,False,within_chunk,1,M1-E-1
ses_20260701-124636-MSI,13,2026-07-01T12:52:41.401Z,2026-07-01T12:53:14.772Z,33.371,54,chunk_20260701-1230-MSI,chunk_20260701-1230-MSI,False,within_chunk,1,M1-C-2
ses_20260701-124636-MSI,14,2026-07-01T12:53:38.679Z,2026-07-01T12:53:39.992Z,1.313,6,chunk_20260701-1230-MSI,chunk_20260701-1230-MSI,False,within_chunk,1,M1-C-2
ses_20260701-124636-MSI,15,2026-07-01T12:53:56.902Z,2026-07-01T12:54:10.687Z,13.785,7,chunk_20260701-1230-MSI,chunk_20260701-1230-MSI,False,within_chunk,1,M1-C-2
ses_20260701-124636-MSI,16,2026-07-01T12:54:30.288Z,2026-07-01T12:54:53.481Z,23.193,89,chunk_20260701-1230-MSI,chunk_20260701-1230-MSI,False,within_chunk,2,M1-F-3
ses_20260701-124636-MSI,17,2026-07-01T12:54:56.571Z,2026-07-01T12:55:21.126Z,24.555,99,chunk_20260701-1230-MSI,chunk_20260701-1230-MSI,False,within_chunk,2,M1-E-2
ses_20260701-124636-MSI,18,2026-07-01T12:55:24.571Z,2026-07-01T12:55:47.527Z,22.956,62,chunk_20260701-1230-MSI,chunk_20260701-1230-MSI,False,within_chunk,1,M1-A-4
ses_20260701-124636-MSI,19,2026-07-01T12:55:49.616Z,2026-07-01T12:56:26.955Z,37.339,94,chunk_20260701-1230-MSI,chunk_20260701-1230-MSI,False,within_chunk,2,M1-N-1
ses_20260701-124636-MSI,20,2026-07-01T12:56:27.476Z,2026-07-01T12:56:50.242Z,22.766,78,chunk_20260701-1230-MSI,chunk_20260701-1230-MSI,False,within_chunk,1,M1-B-2
ses_20260701-124636-MSI,21,2026-07-01T12:57:25.598Z,2026-07-01T12:57:26.822Z,1.224,6,chunk_20260701-1230-MSI,chunk_20260701-1230-MSI,False,within_chunk,0,
ses_20260701-124636-MSI,22,2026-07-01T12:57:41.122Z,2026-07-01T12:58:03.343Z,22.221,7,chunk_20260701-1230-MSI,chunk_20260701-1230-MSI,False,within_chunk,0,
ses_20260701-124636-MSI,23,2026-07-01T12:58:18.150Z,2026-07-01T12:58:34.718Z,16.568,12,chunk_20260701-1230-MSI,chunk_20260701-1230-MSI,False,within_chunk,1,M1-C-3
ses_20260701-124636-MSI,24,2026-07-01T12:58:34.790Z,2026-07-01T12:59:13.747Z,38.957,92,chunk_20260701-1230-MSI,chunk_20260701-1230-MSI,False,within_chunk,1,M1-C-3
ses_20260701-124636-MSI,25,2026-07-01T12:59:17.777Z,2026-07-01T12:59:42.538Z,24.761,62,chunk_20260701-1230-MSI,chunk_20260701-1230-MSI,False,within_chunk,1,M1-E-3
ses_20260701-124636-MSI,26,2026-07-01T12:59:46.148Z,2026-07-01T13:00:16.140Z,29.992,69,chunk_20260701-1230-MSI,chunk_20260701-1300-MSI,True,continuation_across_chunk,1,M1-C-4
ses_20260701-124636-MSI,27,2026-07-01T13:00:19.411Z,2026-07-01T13:00:56.733Z,37.322,83,chunk_20260701-1300-MSI,chunk_20260701-1300-MSI,False,within_chunk,2,M1-M-2
ses_20260701-124636-MSI,28,2026-07-01T13:00:57.192Z,2026-07-01T13:01:29.951Z,32.759,107,chunk_20260701-1300-MSI,chunk_20260701-1300-MSI,False,within_chunk,1,M1-F-4
ses_20260701-124636-MSI,29,2026-07-01T13:01:30.177Z,2026-07-01T13:03:39.319Z,129.142,221,chunk_20260701-1300-MSI,chunk_20260701-1300-MSI,False,within_chunk,2,M1-D-3
ses_20260701-124636-MSI,30,2026-07-01T13:03:43.278Z,2026-07-01T13:04:18.086Z,34.808,128,chunk_20260701-1300-MSI,chunk_20260701-1300-MSI,False,within_chunk,1,M1-B-3
ses_20260701-124636-MSI,31,2026-07-01T13:04:18.129Z,2026-07-01T13:04:21.442Z,3.313,5,chunk_20260701-1300-MSI,chunk_20260701-1300-MSI,False,within_chunk,1,M1-B-3
ses_20260701-124636-MSI,32,2026-07-01T13:04:21.972Z,2026-07-01T13:04:46.291Z,24.319,85,chunk_20260701-1300-MSI,chunk_20260701-1300-MSI,False,within_chunk,1,M1-O-2
ses_20260701-124636-MSI,33,2026-07-01T13:04:46.763Z,2026-07-01T13:05:17.442Z,30.679,107,chunk_20260701-1300-MSI,chunk_20260701-1300-MSI,False,within_chunk,1,M1-B-4
ses_20260701-124636-MSI,34,2026-07-01T13:05:17.528Z,2026-07-01T13:05:52.212Z,34.684,92,chunk_20260701-1300-MSI,chunk_20260701-1300-MSI,False,within_chunk,3,M1-N-2
ses_20260701-124636-MSI,35,2026-07-01T13:05:52.223Z,2026-07-01T13:06:14.028Z,21.805,78,chunk_20260701-1300-MSI,chunk_20260701-1300-MSI,False,within_chunk,1,M1-F-5
ses_20260701-124636-MSI,36,2026-07-01T13:06:17.032Z,2026-07-01T13:06:49.487Z,32.455,101,chunk_20260701-1300-MSI,chunk_20260701-1300-MSI,False,within_chunk,2,M1-M-3
ses_20260701-124636-MSI,37,2026-07-01T13:06:53.598Z,2026-07-01T13:07:21.709Z,28.111,39,chunk_20260701-1300-MSI,chunk_20260701-1300-MSI,False,within_chunk,1,M1-N-3
ses_20260701-124636-MSI,38,2026-07-01T13:07:26.096Z,2026-07-01T13:07:46.652Z,20.556,70,chunk_20260701-1300-MSI,chunk_20260701-1300-MSI,False,within_chunk,1,M1-O-3
ses_20260701-124636-MSI,39,2026-07-01T13:07:50.872Z,2026-07-01T13:10:27.595Z,156.723,77,chunk_20260701-1300-MSI,chunk_20260701-1300-MSI,False,within_chunk,1,M1-M-4
ses_20260701-131015-SIDDHIGUPTAB00B,1,2026-07-01T13:10:15.664Z,2026-07-01T13:11:07.868Z,52.204,90,chunk_20260701-1300-SIDDHIGUPTAB00B,chunk_20260701-1300-SIDDHIGUPTAB00B,False,within_chunk,1,M1-A-1
ses_20260701-131015-SIDDHIGUPTAB00B,2,2026-07-01T13:11:07.870Z,2026-07-01T13:11:14.915Z,7.045,11,chunk_20260701-1300-SIDDHIGUPTAB00B,chunk_20260701-1300-SIDDHIGUPTAB00B,False,within_chunk,2,M1-A-1
ses_20260701-131015-SIDDHIGUPTAB00B,3,2026-07-01T13:11:14.935Z,2026-07-01T13:12:12.566Z,57.631,90,chunk_20260701-1300-SIDDHIGUPTAB00B,chunk_20260701-1300-SIDDHIGUPTAB00B,False,within_chunk,1,M1-N-1
ses_20260701-131015-SIDDHIGUPTAB00B,4,2026-07-01T13:12:15.843Z,2026-07-01T13:13:15.837Z,59.994,137,chunk_20260701-1300-SIDDHIGUPTAB00B,chunk_20260701-1300-SIDDHIGUPTAB00B,False,within_chunk,2,M1-J-2
ses_20260701-131015-SIDDHIGUPTAB00B,5,2026-07-01T13:13:34.766Z,2026-07-01T13:13:41.614Z,6.848,33,chunk_20260701-1300-SIDDHIGUPTAB00B,chunk_20260701-1300-SIDDHIGUPTAB00B,False,within_chunk,1,M1-J-2
ses_20260701-131015-SIDDHIGUPTAB00B,6,2026-07-01T13:14:06.709Z,2026-07-01T13:14:36.091Z,29.382,96,chunk_20260701-1300-SIDDHIGUPTAB00B,chunk_20260701-1300-SIDDHIGUPTAB00B,False,within_chunk,2,M1-K-1
ses_20260701-131015-SIDDHIGUPTAB00B,7,2026-07-01T13:14:36.568Z,2026-07-01T13:15:20.315Z,43.747,107,chunk_20260701-1300-SIDDHIGUPTAB00B,chunk_20260701-1300-SIDDHIGUPTAB00B,False,within_chunk,1,M1-C-1
ses_20260701-131015-SIDDHIGUPTAB00B,8,2026-07-01T13:15:20.745Z,2026-07-01T13:16:12.563Z,51.818,90,chunk_20260701-1300-SIDDHIGUPTAB00B,chunk_20260701-1300-SIDDHIGUPTAB00B,False,within_chunk,1,M1-N-2
ses_20260701-131015-SIDDHIGUPTAB00B,9,2026-07-01T13:16:12.985Z,2026-07-01T13:18:04.310Z,111.325,92,chunk_20260701-1300-SIDDHIGUPTAB00B,chunk_20260701-1300-SIDDHIGUPTAB00B,False,within_chunk,1,M1-C-2
ses_20260701-131015-SIDDHIGUPTAB00B,10,2026-07-01T13:18:04.693Z,2026-07-01T13:18:34.283Z,29.59,110,chunk_20260701-1300-SIDDHIGUPTAB00B,chunk_20260701-1300-SIDDHIGUPTAB00B,False,within_chunk,1,M1-K-2
ses_20260701-131015-SIDDHIGUPTAB00B,11,2026-07-01T13:18:34.746Z,2026-07-01T13:18:59.063Z,24.317,78,chunk_20260701-1300-SIDDHIGUPTAB00B,chunk_20260701-1300-SIDDHIGUPTAB00B,False,within_chunk,1,M1-G-1
ses_20260701-131015-SIDDHIGUPTAB00B,12,2026-07-01T13:18:59.517Z,2026-07-01T13:19:56.370Z,56.853,170,chunk_20260701-1300-SIDDHIGUPTAB00B,chunk_20260701-1300-SIDDHIGUPTAB00B,False,within_chunk,2,M1-C-3
ses_20260701-131015-SIDDHIGUPTAB00B,13,2026-07-01T13:19:58.894Z,2026-07-01T13:20:38.792Z,39.898,107,chunk_20260701-1300-SIDDHIGUPTAB00B,chunk_20260701-1300-SIDDHIGUPTAB00B,False,within_chunk,2,M1-M-1
ses_20260701-131015-SIDDHIGUPTAB00B,14,2026-07-01T13:20:39.162Z,2026-07-01T13:20:39.284Z,0.122,4,chunk_20260701-1300-SIDDHIGUPTAB00B,chunk_20260701-1300-SIDDHIGUPTAB00B,False,within_chunk,1,M1-G-3
ses_20260701-131015-SIDDHIGUPTAB00B,15,2026-07-01T13:20:39.337Z,2026-07-01T13:20:57.043Z,17.706,61,chunk_20260701-1300-SIDDHIGUPTAB00B,chunk_20260701-1300-SIDDHIGUPTAB00B,False,within_chunk,1,M1-G-3
ses_20260701-131015-SIDDHIGUPTAB00B,16,2026-07-01T13:20:57.045Z,2026-07-01T13:21:19.276Z,22.231,73,chunk_20260701-1300-SIDDHIGUPTAB00B,chunk_20260701-1300-SIDDHIGUPTAB00B,False,within_chunk,2,M1-B-1
ses_20260701-131015-SIDDHIGUPTAB00B,17,2026-07-01T13:22:00.969Z,2026-07-01T13:22:28.140Z,27.171,50,chunk_20260701-1300-SIDDHIGUPTAB00B,chunk_20260701-1300-SIDDHIGUPTAB00B,False,within_chunk,1,M1-C-4
ses_20260701-131015-SIDDHIGUPTAB00B,18,2026-07-01T13:22:31.089Z,2026-07-01T13:22:31.653Z,0.564,6,chunk_20260701-1300-SIDDHIGUPTAB00B,chunk_20260701-1300-SIDDHIGUPTAB00B,False,within_chunk,2,M1-G-4
ses_20260701-131015-SIDDHIGUPTAB00B,19,2026-07-01T13:22:31.661Z,2026-07-01T13:22:53.695Z,22.034,94,chunk_20260701-1300-SIDDHIGUPTAB00B,chunk_20260701-1300-SIDDHIGUPTAB00B,False,within_chunk,1,M1-G-4
ses_20260701-131015-SIDDHIGUPTAB00B,20,2026-07-01T13:22:56.284Z,2026-07-01T13:23:45.430Z,49.146,92,chunk_20260701-1300-SIDDHIGUPTAB00B,chunk_20260701-1300-SIDDHIGUPTAB00B,False,within_chunk,2,M1-N-3
ses_20260701-131015-SIDDHIGUPTAB00B,21,2026-07-01T13:23:48.491Z,2026-07-01T13:24:09.146Z,20.655,79,chunk_20260701-1300-SIDDHIGUPTAB00B,chunk_20260701-1300-SIDDHIGUPTAB00B,False,within_chunk,2,M1-B-2
ses_20260701-131015-SIDDHIGUPTAB00B,22,2026-07-01T13:24:09.214Z,2026-07-01T13:25:01.674Z,52.46,8,chunk_20260701-1300-SIDDHIGUPTAB00B,chunk_20260701-1300-SIDDHIGUPTAB00B,False,within_chunk,1,M1-B-2
ses_20260701-131015-SIDDHIGUPTAB00B,23,2026-07-01T13:25:01.678Z,2026-07-01T13:26:14.493Z,72.815,159,chunk_20260701-1300-SIDDHIGUPTAB00B,chunk_20260701-1300-SIDDHIGUPTAB00B,False,within_chunk,1,M1-M-3
ses_20260701-131015-SIDDHIGUPTAB00B,24,2026-07-01T13:26:15.010Z,2026-07-01T13:26:40.313Z,25.303,91,chunk_20260701-1300-SIDDHIGUPTAB00B,chunk_20260701-1300-SIDDHIGUPTAB00B,False,within_chunk,1,M1-A-2
ses_20260701-131015-SIDDHIGUPTAB00B,25,2026-07-01T13:26:43.262Z,2026-07-01T13:27:10.426Z,27.164,105,chunk_20260701-1300-SIDDHIGUPTAB00B,chunk_20260701-1300-SIDDHIGUPTAB00B,False,within_chunk,2,M1-K-3
ses_20260701-131015-SIDDHIGUPTAB00B,26,2026-07-01T13:27:10.820Z,2026-07-01T13:27:10.928Z,0.108,4,chunk_20260701-1300-SIDDHIGUPTAB00B,chunk_20260701-1300-SIDDHIGUPTAB00B,False,within_chunk,1,M1-A-3
ses_20260701-131015-SIDDHIGUPTAB00B,27,2026-07-01T13:27:10.974Z,2026-07-01T13:27:37.026Z,26.052,83,chunk_20260701-1300-SIDDHIGUPTAB00B,chunk_20260701-1300-SIDDHIGUPTAB00B,False,within_chunk,1,M1-A-3
ses_20260701-131015-SIDDHIGUPTAB00B,28,2026-07-01T13:27:40.708Z,2026-07-01T13:27:55.657Z,14.949,37,chunk_20260701-1300-SIDDHIGUPTAB00B,chunk_20260701-1300-SIDDHIGUPTAB00B,False,within_chunk,1,M1-B-3
ses_20260701-131015-SIDDHIGUPTAB00B,29,2026-07-01T13:28:26.176Z,2026-07-01T13:28:28.054Z,1.878,6,chunk_20260701-1300-SIDDHIGUPTAB00B,chunk_20260701-1300-SIDDHIGUPTAB00B,False,within_chunk,1,M1-B-3
ses_20260701-131015-SIDDHIGUPTAB00B,30,2026-07-01T13:28:40.977Z,2026-07-01T13:29:40.181Z,59.204,146,chunk_20260701-1300-SIDDHIGUPTAB00B,chunk_20260701-1300-SIDDHIGUPTAB00B,False,within_chunk,3,M1-K-4
ses_20260701-131015-SIDDHIGUPTAB00B,31,2026-07-01T13:29:42.951Z,2026-07-01T13:29:43.565Z,0.614,7,chunk_20260701-1300-SIDDHIGUPTAB00B,chunk_20260701-1300-SIDDHIGUPTAB00B,False,within_chunk,2,M1-H-1
ses_20260701-131015-SIDDHIGUPTAB00B,32,2026-07-01T13:29:43.602Z,2026-07-01T13:30:09.980Z,26.378,103,chunk_20260701-1300-SIDDHIGUPTAB00B,chunk_20260701-1330-SIDDHIGUPTAB00B,True,continuation_across_chunk,1,M1-H-1
ses_20260701-131015-SIDDHIGUPTAB00B,33,2026-07-01T13:30:13.711Z,2026-07-01T13:30:32.819Z,19.108,53,chunk_20260701-1330-SIDDHIGUPTAB00B,chunk_20260701-1330-SIDDHIGUPTAB00B,False,within_chunk,1,M1-J-3
ses_20260701-131015-SIDDHIGUPTAB00B,34,2026-07-01T13:30:51.269Z,2026-07-01T13:31:29.807Z,38.538,22,chunk_20260701-1330-SIDDHIGUPTAB00B,chunk_20260701-1330-SIDDHIGUPTAB00B,False,within_chunk,2,M1-J-3
ses_20260701-131015-SIDDHIGUPTAB00B,35,2026-07-01T13:34:27.880Z,2026-07-01T13:34:57.852Z,29.972,63,chunk_20260701-1330-SIDDHIGUPTAB00B,chunk_20260701-1330-SIDDHIGUPTAB00B,False,within_chunk,1,M1-B-4
ses_20260701-131015-SIDDHIGUPTAB00B,36,2026-07-01T13:35:14.623Z,2026-07-01T13:36:49.910Z,95.287,241,chunk_20260701-1330-SIDDHIGUPTAB00B,chunk_20260701-1330-SIDDHIGUPTAB00B,False,within_chunk,2,M1-H-4
ses_20260701-131247-MSI,1,2026-07-01T13:12:47.847Z,2026-07-01T13:13:16.950Z,29.103,81,chunk_20260701-1300-MSI,chunk_20260701-1300-MSI,False,within_chunk,0,
ses_20260701-131247-MSI,2,2026-07-01T13:14:13.188Z,2026-07-01T13:14:44.575Z,31.387,81,chunk_20260701-1300-MSI,chunk_20260701-1300-MSI,False,within_chunk,1,M1-C-1
ses_20260701-131247-MSI,3,2026-07-01T13:14:47.398Z,2026-07-01T13:15:24.908Z,37.51,90,chunk_20260701-1300-MSI,chunk_20260701-1300-MSI,False,within_chunk,2,M1-N-1
ses_20260701-131247-MSI,4,2026-07-01T13:15:24.909Z,2026-07-01T13:15:57.350Z,32.441,91,chunk_20260701-1300-MSI,chunk_20260701-1300-MSI,False,within_chunk,2,M1-F-1
ses_20260701-131247-MSI,5,2026-07-01T13:16:00.376Z,2026-07-01T13:16:23.009Z,22.633,76,chunk_20260701-1300-MSI,chunk_20260701-1300-MSI,False,within_chunk,2,M1-B-1
ses_20260701-131247-MSI,6,2026-07-01T13:16:27.716Z,2026-07-01T13:16:34.718Z,7.002,13,chunk_20260701-1300-MSI,chunk_20260701-1300-MSI,False,within_chunk,1,M1-D-1
ses_20260701-131247-MSI,7,2026-07-01T13:16:55.468Z,2026-07-01T13:17:06.696Z,11.228,48,chunk_20260701-1300-MSI,chunk_20260701-1300-MSI,False,within_chunk,1,M1-D-1
ses_20260701-131247-MSI,8,2026-07-01T13:17:07.178Z,2026-07-01T13:17:52.472Z,45.294,87,chunk_20260701-1300-MSI,chunk_20260701-1300-MSI,False,within_chunk,1,M1-N-2
ses_20260701-131247-MSI,9,2026-07-01T13:17:54.609Z,2026-07-01T13:17:55.279Z,0.67,6,chunk_20260701-1300-MSI,chunk_20260701-1300-MSI,False,within_chunk,2,M1-A-1
ses_20260701-131247-MSI,10,2026-07-01T13:17:55.331Z,2026-07-01T13:18:17.390Z,22.059,77,chunk_20260701-1300-MSI,chunk_20260701-1300-MSI,False,within_chunk,1,M1-A-1
ses_20260701-131247-MSI,11,2026-07-01T13:18:19.901Z,2026-07-01T13:18:59.913Z,40.012,100,chunk_20260701-1300-MSI,chunk_20260701-1300-MSI,False,within_chunk,2,M1-M-1
ses_20260701-131247-MSI,12,2026-07-01T13:19:00.431Z,2026-07-01T13:19:28.990Z,28.559,90,chunk_20260701-1300-MSI,chunk_20260701-1300-MSI,False,within_chunk,1,M1-A-2
ses_20260701-131247-MSI,13,2026-07-01T13:19:29.494Z,2026-07-01T13:19:53.568Z,24.074,98,chunk_20260701-1300-MSI,chunk_20260701-1300-MSI,False,within_chunk,1,M1-F-2
ses_20260701-131247-MSI,14,2026-07-01T13:19:54.034Z,2026-07-01T13:20:21.630Z,27.596,88,chunk_20260701-1300-MSI,chunk_20260701-1300-MSI,False,within_chunk,1,M1-A-3
ses_20260701-131247-MSI,15,2026-07-01T13:20:26.270Z,2026-07-01T13:20:43.988Z,17.718,46,chunk_20260701-1300-MSI,chunk_20260701-1300-MSI,False,within_chunk,1,M1-B-2
ses_20260701-131247-MSI,16,2026-07-01T13:20:44.121Z,2026-07-01T13:21:47.661Z,63.54,139,chunk_20260701-1300-MSI,chunk_20260701-1300-MSI,False,within_chunk,3,M1-A-4
ses_20260701-131247-MSI,17,2026-07-01T13:21:48.153Z,2026-07-01T13:22:58.529Z,70.376,136,chunk_20260701-1300-MSI,chunk_20260701-1300-MSI,False,within_chunk,2,M1-M-2
ses_20260701-131247-MSI,18,2026-07-01T13:23:01.494Z,2026-07-01T13:23:19.980Z,18.486,69,chunk_20260701-1300-MSI,chunk_20260701-1300-MSI,False,within_chunk,2,M1-B-3
ses_20260701-131247-MSI,19,2026-07-01T13:23:22.508Z,2026-07-01T13:23:47.049Z,24.541,85,chunk_20260701-1300-MSI,chunk_20260701-1300-MSI,False,within_chunk,2,M1-F-3
ses_20260701-131247-MSI,20,2026-07-01T13:23:47.555Z,2026-07-01T13:24:46.434Z,58.879,221,chunk_20260701-1300-MSI,chunk_20260701-1300-MSI,False,within_chunk,1,M1-O-1
ses_20260701-131247-MSI,21,2026-07-01T13:24:49.287Z,2026-07-01T13:25:14.118Z,24.831,86,chunk_20260701-1300-MSI,chunk_20260701-1300-MSI,False,within_chunk,2,M1-E-1
ses_20260701-131247-MSI,22,2026-07-01T13:25:14.574Z,2026-07-01T13:26:08.350Z,53.776,165,chunk_20260701-1300-MSI,chunk_20260701-1300-MSI,False,within_chunk,1,M1-F-5
ses_20260701-131247-MSI,23,2026-07-01T13:26:10.495Z,2026-07-01T13:26:37.332Z,26.837,105,chunk_20260701-1300-MSI,chunk_20260701-1300-MSI,False,within_chunk,2,M1-B-4
ses_20260701-131247-MSI,24,2026-07-01T13:26:37.785Z,2026-07-01T13:27:06.060Z,28.275,90,chunk_20260701-1300-MSI,chunk_20260701-1300-MSI,False,within_chunk,1,M1-O-2
ses_20260701-131247-MSI,25,2026-07-01T13:27:06.513Z,2026-07-01T13:27:39.744Z,33.231,103,chunk_20260701-1300-MSI,chunk_20260701-1300-MSI,False,within_chunk,1,M1-C-2
ses_20260701-131247-MSI,26,2026-07-01T13:27:54.647Z,2026-07-01T13:28:23.643Z,28.996,95,chunk_20260701-1300-MSI,chunk_20260701-1300-MSI,False,within_chunk,2,M1-O-3
ses_20260701-131247-MSI,27,2026-07-01T13:28:27.880Z,2026-07-01T13:29:03.818Z,35.938,69,chunk_20260701-1300-MSI,chunk_20260701-1300-MSI,False,within_chunk,1,M1-M-3
ses_20260701-131247-MSI,28,2026-07-01T13:29:04.269Z,2026-07-01T13:29:40.521Z,36.252,80,chunk_20260701-1300-MSI,chunk_20260701-1300-MSI,False,within_chunk,1,M1-C-3
ses_20260701-131247-MSI,29,2026-07-01T13:29:41.037Z,2026-07-01T13:30:16.311Z,35.274,97,chunk_20260701-1300-MSI,chunk_20260701-1330-MSI,True,continuation_across_chunk,1,M1-M-4
ses_20260701-131247-MSI,30,2026-07-01T13:30:41.903Z,2026-07-01T13:30:43.228Z,1.325,6,chunk_20260701-1330-MSI,chunk_20260701-1330-MSI,False,within_chunk,1,M1-M-4
ses_20260701-131247-MSI,31,2026-07-01T13:30:54.724Z,2026-07-01T13:31:10.903Z,16.179,7,chunk_20260701-1330-MSI,chunk_20260701-1330-MSI,False,within_chunk,1,M1-M-4
ses_20260701-131247-MSI,32,2026-07-01T13:31:30.737Z,2026-07-01T13:32:08.847Z,38.11,94,chunk_20260701-1330-MSI,chunk_20260701-1330-MSI,False,within_chunk,2,M1-D-3
ses_20260701-131247-MSI,33,2026-07-01T13:32:13.000Z,2026-07-01T13:32:48.030Z,35.03,52,chunk_20260701-1330-MSI,chunk_20260701-1330-MSI,False,within_chunk,1,M1-C-4
ses_20260701-131247-MSI,34,2026-07-01T13:32:51.920Z,2026-07-01T13:34:52.951Z,121.031,158,chunk_20260701-1330-MSI,chunk_20260701-1330-MSI,False,within_chunk,1,M1-E-3
ses_20260701-134215-SIDDHIGUPTAB00B,1,2026-07-01T13:42:15.810Z,2026-07-01T13:43:40.861Z,85.051,149,chunk_20260701-1330-SIDDHIGUPTAB00B,chunk_20260701-1330-SIDDHIGUPTAB00B,False,within_chunk,2,M1-K-1
ses_20260701-134215-SIDDHIGUPTAB00B,2,2026-07-01T13:43:44.712Z,2026-07-01T13:43:44.803Z,0.091,5,chunk_20260701-1330-SIDDHIGUPTAB00B,chunk_20260701-1330-SIDDHIGUPTAB00B,False,within_chunk,1,M1-F-1
ses_20260701-134215-SIDDHIGUPTAB00B,3,2026-07-01T13:43:44.805Z,2026-07-01T13:44:09.895Z,25.09,83,chunk_20260701-1330-SIDDHIGUPTAB00B,chunk_20260701-1330-SIDDHIGUPTAB00B,False,within_chunk,1,M1-F-1
ses_20260701-134215-SIDDHIGUPTAB00B,4,2026-07-01T13:44:12.530Z,2026-07-01T13:44:13.414Z,0.884,6,chunk_20260701-1330-SIDDHIGUPTAB00B,chunk_20260701-1330-SIDDHIGUPTAB00B,False,within_chunk,1,M1-F-1
ses_20260701-134215-SIDDHIGUPTAB00B,5,2026-07-01T13:44:13.468Z,2026-07-01T13:44:58.650Z,45.182,114,chunk_20260701-1330-SIDDHIGUPTAB00B,chunk_20260701-1330-SIDDHIGUPTAB00B,False,within_chunk,1,M1-B-2
ses_20260701-134215-SIDDHIGUPTAB00B,6,2026-07-01T13:44:58.651Z,2026-07-01T13:45:28.995Z,30.344,112,chunk_20260701-1330-SIDDHIGUPTAB00B,chunk_20260701-1330-SIDDHIGUPTAB00B,False,within_chunk,2,M1-H-1
ses_20260701-134215-SIDDHIGUPTAB00B,7,2026-07-01T13:45:32.590Z,2026-07-01T13:46:10.726Z,38.136,78,chunk_20260701-1330-SIDDHIGUPTAB00B,chunk_20260701-1330-SIDDHIGUPTAB00B,False,within_chunk,1,M1-M-2
ses_20260701-134215-SIDDHIGUPTAB00B,8,2026-07-01T13:46:36.447Z,2026-07-01T13:46:55.746Z,19.299,47,chunk_20260701-1330-SIDDHIGUPTAB00B,chunk_20260701-1330-SIDDHIGUPTAB00B,False,within_chunk,1,M1-L-1
ses_20260701-134215-SIDDHIGUPTAB00B,9,2026-07-01T13:47:33.899Z,2026-07-01T13:47:35.938Z,2.039,6,chunk_20260701-1330-SIDDHIGUPTAB00B,chunk_20260701-1330-SIDDHIGUPTAB00B,False,within_chunk,1,M1-L-1
ses_20260701-134215-SIDDHIGUPTAB00B,10,2026-07-01T13:47:52.240Z,2026-07-01T13:51:07.841Z,195.601,75,chunk_20260701-1330-SIDDHIGUPTAB00B,chunk_20260701-1330-SIDDHIGUPTAB00B,False,within_chunk,3,M1-K-2
ses_20260701-134215-SIDDHIGUPTAB00B,11,2026-07-01T13:51:07.906Z,2026-07-01T13:51:25.763Z,17.857,59,chunk_20260701-1330-SIDDHIGUPTAB00B,chunk_20260701-1330-SIDDHIGUPTAB00B,False,within_chunk,1,M1-B-3
ses_20260701-134215-SIDDHIGUPTAB00B,12,2026-07-01T13:51:25.769Z,2026-07-01T13:51:29.979Z,4.21,17,chunk_20260701-1330-SIDDHIGUPTAB00B,chunk_20260701-1330-SIDDHIGUPTAB00B,False,within_chunk,1,M1-B-3
ses_20260701-134215-SIDDHIGUPTAB00B,13,2026-07-01T13:51:30.624Z,2026-07-01T13:51:47.929Z,17.305,53,chunk_20260701-1330-SIDDHIGUPTAB00B,chunk_20260701-1330-SIDDHIGUPTAB00B,False,within_chunk,0,
ses_20260701-134215-SIDDHIGUPTAB00B,14,2026-07-01T13:51:54.751Z,2026-07-01T13:52:11.174Z,16.423,42,chunk_20260701-1330-SIDDHIGUPTAB00B,chunk_20260701-1330-SIDDHIGUPTAB00B,False,within_chunk,1,M1-G-2
ses_20260701-134215-SIDDHIGUPTAB00B,15,2026-07-01T13:52:11.181Z,2026-07-01T13:52:54.076Z,42.895,62,chunk_20260701-1330-SIDDHIGUPTAB00B,chunk_20260701-1330-SIDDHIGUPTAB00B,False,within_chunk,2,M1-J-1
ses_20260701-134215-SIDDHIGUPTAB00B,16,2026-07-01T13:53:12.733Z,2026-07-01T13:53:15.494Z,2.761,6,chunk_20260701-1330-SIDDHIGUPTAB00B,chunk_20260701-1330-SIDDHIGUPTAB00B,False,within_chunk,1,M1-J-1
ses_20260701-134215-SIDDHIGUPTAB00B,17,2026-07-01T13:53:15.511Z,2026-07-01T13:55:00.267Z,104.756,313,chunk_20260701-1330-SIDDHIGUPTAB00B,chunk_20260701-1330-SIDDHIGUPTAB00B,False,within_chunk,2,M1-K-4
ses_20260701-134215-SIDDHIGUPTAB00B,18,2026-07-01T13:55:13.761Z,2026-07-01T13:55:13.896Z,0.135,5,chunk_20260701-1330-SIDDHIGUPTAB00B,chunk_20260701-1330-SIDDHIGUPTAB00B,False,within_chunk,0,
ses_20260701-134215-SIDDHIGUPTAB00B,19,2026-07-01T13:55:30.415Z,2026-07-01T13:55:50.957Z,20.542,48,chunk_20260701-1330-SIDDHIGUPTAB00B,chunk_20260701-1330-SIDDHIGUPTAB00B,False,within_chunk,1,M1-I-1
ses_20260701-134215-SIDDHIGUPTAB00B,20,2026-07-01T13:56:11.111Z,2026-07-01T13:56:24.864Z,13.753,9,chunk_20260701-1330-SIDDHIGUPTAB00B,chunk_20260701-1330-SIDDHIGUPTAB00B,False,within_chunk,1,M1-I-1
ses_20260701-134215-SIDDHIGUPTAB00B,21,2026-07-01T13:56:38.045Z,2026-07-01T13:56:46.948Z,8.903,45,chunk_20260701-1330-SIDDHIGUPTAB00B,chunk_20260701-1330-SIDDHIGUPTAB00B,False,within_chunk,1,M1-I-1
ses_20260701-134215-SIDDHIGUPTAB00B,22,2026-07-01T13:56:50.818Z,2026-07-01T13:57:13.202Z,22.384,60,chunk_20260701-1330-SIDDHIGUPTAB00B,chunk_20260701-1330-SIDDHIGUPTAB00B,False,within_chunk,1,M1-F-2
ses_20260701-134215-SIDDHIGUPTAB00B,23,2026-07-01T13:57:17.065Z,2026-07-01T13:58:05.905Z,48.84,99,chunk_20260701-1330-SIDDHIGUPTAB00B,chunk_20260701-1330-SIDDHIGUPTAB00B,False,within_chunk,1,M1-H-2
ses_20260701-134215-SIDDHIGUPTAB00B,24,2026-07-01T13:58:25.818Z,2026-07-01T13:58:27.485Z,1.667,8,chunk_20260701-1330-SIDDHIGUPTAB00B,chunk_20260701-1330-SIDDHIGUPTAB00B,False,within_chunk,0,
ses_20260701-134215-SIDDHIGUPTAB00B,25,2026-07-01T13:58:55.438Z,2026-07-01T13:59:27.436Z,31.998,65,chunk_20260701-1330-SIDDHIGUPTAB00B,chunk_20260701-1330-SIDDHIGUPTAB00B,False,within_chunk,1,M1-I-3
ses_20260701-134215-SIDDHIGUPTAB00B,26,2026-07-01T13:59:27.545Z,2026-07-01T13:59:29.442Z,1.897,5,chunk_20260701-1330-SIDDHIGUPTAB00B,chunk_20260701-1330-SIDDHIGUPTAB00B,False,within_chunk,1,M1-I-3
ses_20260701-134215-SIDDHIGUPTAB00B,27,2026-07-01T13:59:49.313Z,2026-07-01T13:59:50.804Z,1.491,8,chunk_20260701-1330-SIDDHIGUPTAB00B,chunk_20260701-1330-SIDDHIGUPTAB00B,False,within_chunk,1,M1-I-3
ses_20260701-134215-SIDDHIGUPTAB00B,28,2026-07-01T14:00:10.126Z,2026-07-01T14:00:33.640Z,23.514,50,chunk_20260701-1400-SIDDHIGUPTAB00B,chunk_20260701-1400-SIDDHIGUPTAB00B,False,within_chunk,1,M1-I-3
ses_20260701-134215-SIDDHIGUPTAB00B,29,2026-07-01T14:00:36.530Z,2026-07-01T14:01:15.795Z,39.265,101,chunk_20260701-1400-SIDDHIGUPTAB00B,chunk_20260701-1400-SIDDHIGUPTAB00B,False,within_chunk,1,M1-C-1
ses_20260701-134215-SIDDHIGUPTAB00B,30,2026-07-01T14:01:16.273Z,2026-07-01T14:02:12.601Z,56.328,207,chunk_20260701-1400-SIDDHIGUPTAB00B,chunk_20260701-1400-SIDDHIGUPTAB00B,False,within_chunk,1,M1-J-2
ses_20260701-134215-SIDDHIGUPTAB00B,31,2026-07-01T14:02:12.677Z,2026-07-01T14:02:38.259Z,25.582,61,chunk_20260701-1400-SIDDHIGUPTAB00B,chunk_20260701-1400-SIDDHIGUPTAB00B,False,within_chunk,3,M1-F-3
ses_20260701-134215-SIDDHIGUPTAB00B,32,2026-07-01T14:02:38.341Z,2026-07-01T14:03:11.797Z,33.456,90,chunk_20260701-1400-SIDDHIGUPTAB00B,chunk_20260701-1400-SIDDHIGUPTAB00B,False,within_chunk,1,M1-C-2
ses_20260701-134215-SIDDHIGUPTAB00B,33,2026-07-01T14:03:12.274Z,2026-07-01T14:03:28.820Z,16.546,65,chunk_20260701-1400-SIDDHIGUPTAB00B,chunk_20260701-1400-SIDDHIGUPTAB00B,False,within_chunk,1,M1-G-3
ses_20260701-134215-SIDDHIGUPTAB00B,34,2026-07-01T14:03:28.821Z,2026-07-01T14:03:56.345Z,27.524,58,chunk_20260701-1400-SIDDHIGUPTAB00B,chunk_20260701-1400-SIDDHIGUPTAB00B,False,within_chunk,2,M1-H-3
ses_20260701-134215-SIDDHIGUPTAB00B,35,2026-07-01T14:03:56.890Z,2026-07-01T14:04:37.833Z,40.943,99,chunk_20260701-1400-SIDDHIGUPTAB00B,chunk_20260701-1400-SIDDHIGUPTAB00B,False,within_chunk,1,M1-M-3
ses_20260701-134215-SIDDHIGUPTAB00B,36,2026-07-01T14:04:38.278Z,2026-07-01T14:05:16.155Z,37.877,78,chunk_20260701-1400-SIDDHIGUPTAB00B,chunk_20260701-1400-SIDDHIGUPTAB00B,False,within_chunk,1,M1-C-3
ses_20260701-134215-SIDDHIGUPTAB00B,37,2026-07-01T14:05:19.108Z,2026-07-01T14:05:19.658Z,0.55,6,chunk_20260701-1400-SIDDHIGUPTAB00B,chunk_20260701-1400-SIDDHIGUPTAB00B,False,within_chunk,2,M1-L-3
ses_20260701-134215-SIDDHIGUPTAB00B,38,2026-07-01T14:05:19.696Z,2026-07-01T14:05:42.363Z,22.667,74,chunk_20260701-1400-SIDDHIGUPTAB00B,chunk_20260701-1400-SIDDHIGUPTAB00B,False,within_chunk,1,M1-L-3
ses_20260701-134215-SIDDHIGUPTAB00B,39,2026-07-01T14:06:07.233Z,2026-07-01T14:06:29.264Z,22.031,100,chunk_20260701-1400-SIDDHIGUPTAB00B,chunk_20260701-1400-SIDDHIGUPTAB00B,False,within_chunk,2,M1-F-4
ses_20260701-134215-SIDDHIGUPTAB00B,40,2026-07-01T14:06:33.227Z,2026-07-01T14:07:28.392Z,55.165,139,chunk_20260701-1400-SIDDHIGUPTAB00B,chunk_20260701-1400-SIDDHIGUPTAB00B,False,within_chunk,3,M1-J-3
ses_20260701-134215-SIDDHIGUPTAB00B,41,2026-07-01T14:07:28.403Z,2026-07-01T14:07:59.836Z,31.433,71,chunk_20260701-1400-SIDDHIGUPTAB00B,chunk_20260701-1400-SIDDHIGUPTAB00B,False,within_chunk,1,M1-M-4
ses_20260701-134215-SIDDHIGUPTAB00B,42,2026-07-01T14:08:02.705Z,2026-07-01T14:08:46.635Z,43.93,114,chunk_20260701-1400-SIDDHIGUPTAB00B,chunk_20260701-1400-SIDDHIGUPTAB00B,False,within_chunk,2,M1-F-5
ses_20260701-141430-SIDDHIGUPTAB00B,1,2026-07-01T14:14:30.282Z,2026-07-01T14:15:29.916Z,59.634,101,chunk_20260701-1400-SIDDHIGUPTAB00B,chunk_20260701-1400-SIDDHIGUPTAB00B,False,within_chunk,1,M1-A-1
ses_20260701-141430-SIDDHIGUPTAB00B,2,2026-07-01T14:15:29.934Z,2026-07-01T14:15:52.796Z,22.862,92,chunk_20260701-1400-SIDDHIGUPTAB00B,chunk_20260701-1400-SIDDHIGUPTAB00B,False,within_chunk,0,
ses_20260701-141430-SIDDHIGUPTAB00B,3,2026-07-01T14:16:41.713Z,2026-07-01T14:18:06.807Z,85.094,164,chunk_20260701-1400-SIDDHIGUPTAB00B,chunk_20260701-1400-SIDDHIGUPTAB00B,False,within_chunk,1,M1-K-2
ses_20260701-141430-SIDDHIGUPTAB00B,4,2026-07-01T14:18:08.615Z,2026-07-01T14:18:09.255Z,0.64,6,chunk_20260701-1400-SIDDHIGUPTAB00B,chunk_20260701-1400-SIDDHIGUPTAB00B,False,within_chunk,0,
ses_20260701-141430-SIDDHIGUPTAB00B,5,2026-07-01T14:18:09.261Z,2026-07-01T14:18:48.754Z,39.493,109,chunk_20260701-1400-SIDDHIGUPTAB00B,chunk_20260701-1400-SIDDHIGUPTAB00B,False,within_chunk,1,M1-B-2
ses_20260701-141430-SIDDHIGUPTAB00B,6,2026-07-01T14:18:51.494Z,2026-07-01T14:18:52.462Z,0.968,9,chunk_20260701-1400-SIDDHIGUPTAB00B,chunk_20260701-1400-SIDDHIGUPTAB00B,False,within_chunk,2,M1-N-1
ses_20260701-141430-SIDDHIGUPTAB00B,7,2026-07-01T14:18:52.553Z,2026-07-01T14:20:00.604Z,68.051,165,chunk_20260701-1400-SIDDHIGUPTAB00B,chunk_20260701-1400-SIDDHIGUPTAB00B,False,within_chunk,1,M1-N-1
ses_20260701-141430-SIDDHIGUPTAB00B,8,2026-07-01T14:20:01.114Z,2026-07-01T14:20:01.185Z,0.071,4,chunk_20260701-1400-SIDDHIGUPTAB00B,chunk_20260701-1400-SIDDHIGUPTAB00B,False,within_chunk,1,M1-A-2
ses_20260701-141430-SIDDHIGUPTAB00B,9,2026-07-01T14:20:01.194Z,2026-07-01T14:20:30.071Z,28.877,89,chunk_20260701-1400-SIDDHIGUPTAB00B,chunk_20260701-1400-SIDDHIGUPTAB00B,False,within_chunk,1,M1-A-2
ses_20260701-141430-SIDDHIGUPTAB00B,10,2026-07-01T14:20:30.505Z,2026-07-01T14:21:11.900Z,41.395,118,chunk_20260701-1400-SIDDHIGUPTAB00B,chunk_20260701-1400-SIDDHIGUPTAB00B,False,within_chunk,1,M1-G-2
ses_20260701-141430-SIDDHIGUPTAB00B,11,2026-07-01T14:21:11.901Z,2026-07-01T14:21:53.190Z,41.289,174,chunk_20260701-1400-SIDDHIGUPTAB00B,chunk_20260701-1400-SIDDHIGUPTAB00B,False,within_chunk,2,M1-H-1
ses_20260701-141430-SIDDHIGUPTAB00B,12,2026-07-01T14:21:54.575Z,2026-07-01T14:21:55.205Z,0.63,6,chunk_20260701-1400-SIDDHIGUPTAB00B,chunk_20260701-1400-SIDDHIGUPTAB00B,False,within_chunk,2,M1-B-3
ses_20260701-141430-SIDDHIGUPTAB00B,13,2026-07-01T14:21:55.230Z,2026-07-01T14:23:46.446Z,111.216,173,chunk_20260701-1400-SIDDHIGUPTAB00B,chunk_20260701-1400-SIDDHIGUPTAB00B,False,within_chunk,2,M1-K-3
ses_20260701-141430-SIDDHIGUPTAB00B,14,2026-07-01T14:24:30.892Z,2026-07-01T14:24:31.607Z,0.715,6,chunk_20260701-1400-SIDDHIGUPTAB00B,chunk_20260701-1400-SIDDHIGUPTAB00B,False,within_chunk,2,M1-G-3
ses_20260701-141430-SIDDHIGUPTAB00B,15,2026-07-01T14:24:31.649Z,2026-07-01T14:24:48.297Z,16.648,61,chunk_20260701-1400-SIDDHIGUPTAB00B,chunk_20260701-1400-SIDDHIGUPTAB00B,False,within_chunk,1,M1-G-3
ses_20260701-141430-SIDDHIGUPTAB00B,16,2026-07-01T14:24:48.937Z,2026-07-01T14:25:17.712Z,28.775,113,chunk_20260701-1400-SIDDHIGUPTAB00B,chunk_20260701-1400-SIDDHIGUPTAB00B,False,within_chunk,2,M1-A-3
ses_20260701-141430-SIDDHIGUPTAB00B,17,2026-07-01T14:25:47.561Z,2026-07-01T14:25:48.178Z,0.617,6,chunk_20260701-1400-SIDDHIGUPTAB00B,chunk_20260701-1400-SIDDHIGUPTAB00B,False,within_chunk,2,M1-O-1
ses_20260701-141430-SIDDHIGUPTAB00B,18,2026-07-01T14:25:48.206Z,2026-07-01T14:26:13.706Z,25.5,83,chunk_20260701-1400-SIDDHIGUPTAB00B,chunk_20260701-1400-SIDDHIGUPTAB00B,False,within_chunk,2,M1-O-1
ses_20260701-141430-SIDDHIGUPTAB00B,19,2026-07-01T14:26:13.710Z,2026-07-01T14:26:42.305Z,28.595,105,chunk_20260701-1400-SIDDHIGUPTAB00B,chunk_20260701-1400-SIDDHIGUPTAB00B,False,within_chunk,1,M1-H-2
ses_20260701-141430-SIDDHIGUPTAB00B,20,2026-07-01T14:27:10.180Z,2026-07-01T14:27:48.416Z,38.236,100,chunk_20260701-1400-SIDDHIGUPTAB00B,chunk_20260701-1400-SIDDHIGUPTAB00B,False,within_chunk,2,M1-M-1
ses_20260701-141430-SIDDHIGUPTAB00B,21,2026-07-01T14:27:52.167Z,2026-07-01T14:28:10.838Z,18.671,15,chunk_20260701-1400-SIDDHIGUPTAB00B,chunk_20260701-1400-SIDDHIGUPTAB00B,False,within_chunk,1,M1-N-2
ses_20260701-141430-SIDDHIGUPTAB00B,22,2026-07-01T14:28:30.651Z,2026-07-01T14:28:55.213Z,24.562,55,chunk_20260701-1400-SIDDHIGUPTAB00B,chunk_20260701-1400-SIDDHIGUPTAB00B,False,within_chunk,1,M1-N-2
ses_20260701-141430-SIDDHIGUPTAB00B,23,2026-07-01T14:30:49.916Z,2026-07-01T14:31:19.712Z,29.796,90,chunk_20260701-1430-SIDDHIGUPTAB00B,chunk_20260701-1430-SIDDHIGUPTAB00B,False,within_chunk,2,M1-A-4
ses_20260701-141430-SIDDHIGUPTAB00B,24,2026-07-01T14:31:20.142Z,2026-07-01T14:31:20.255Z,0.113,4,chunk_20260701-1430-SIDDHIGUPTAB00B,chunk_20260701-1430-SIDDHIGUPTAB00B,False,within_chunk,1,M1-N-3
ses_20260701-141430-SIDDHIGUPTAB00B,25,2026-07-01T14:31:20.293Z,2026-07-01T14:32:14.152Z,53.859,88,chunk_20260701-1430-SIDDHIGUPTAB00B,chunk_20260701-1430-SIDDHIGUPTAB00B,False,within_chunk,1,M1-N-3
ses_20260701-141430-SIDDHIGUPTAB00B,26,2026-07-01T14:32:14.627Z,2026-07-01T14:32:44.646Z,30.019,94,chunk_20260701-1430-SIDDHIGUPTAB00B,chunk_20260701-1430-SIDDHIGUPTAB00B,False,within_chunk,1,M1-A-5
ses_20260701-141430-SIDDHIGUPTAB00B,27,2026-07-01T14:32:44.696Z,2026-07-01T14:33:37.468Z,52.772,156,chunk_20260701-1430-SIDDHIGUPTAB00B,chunk_20260701-1430-SIDDHIGUPTAB00B,False,within_chunk,1,M1-O-3
ses_20260701-141430-SIDDHIGUPTAB00B,28,2026-07-01T14:33:37.952Z,2026-07-01T14:35:18.232Z,100.28,124,chunk_20260701-1430-SIDDHIGUPTAB00B,chunk_20260701-1430-SIDDHIGUPTAB00B,False,within_chunk,1,M1-I-2
ses_20260701-141430-SIDDHIGUPTAB00B,29,2026-07-01T14:35:20.118Z,2026-07-01T14:36:17.154Z,57.036,62,chunk_20260701-1430-SIDDHIGUPTAB00B,chunk_20260701-1430-SIDDHIGUPTAB00B,False,within_chunk,1,M1-I-2
ses_20260701-141430-SIDDHIGUPTAB00B,30,2026-07-01T14:36:20.883Z,2026-07-01T14:36:47.289Z,26.406,63,chunk_20260701-1430-SIDDHIGUPTAB00B,chunk_20260701-1430-SIDDHIGUPTAB00B,False,within_chunk,1,M1-H-3
ses_20260701-141430-SIDDHIGUPTAB00B,31,2026-07-01T14:36:47.684Z,2026-07-01T14:36:47.801Z,0.117,4,chunk_20260701-1430-SIDDHIGUPTAB00B,chunk_20260701-1430-SIDDHIGUPTAB00B,False,within_chunk,1,M1-M-2
ses_20260701-141430-SIDDHIGUPTAB00B,32,2026-07-01T14:36:47.834Z,2026-07-01T14:37:27.485Z,39.651,95,chunk_20260701-1430-SIDDHIGUPTAB00B,chunk_20260701-1430-SIDDHIGUPTAB00B,False,within_chunk,1,M1-M-2
ses_20260701-141430-SIDDHIGUPTAB00B,33,2026-07-01T14:37:27.905Z,2026-07-01T14:37:48.897Z,20.992,78,chunk_20260701-1430-SIDDHIGUPTAB00B,chunk_20260701-1430-SIDDHIGUPTAB00B,False,within_chunk,1,M1-H-4
ses_20260701-141430-SIDDHIGUPTAB00B,34,2026-07-01T14:37:53.249Z,2026-07-01T14:38:52.103Z,58.854,146,chunk_20260701-1430-SIDDHIGUPTAB00B,chunk_20260701-1430-SIDDHIGUPTAB00B,False,within_chunk,2,M1-M-3
ses_20260701-141430-SIDDHIGUPTAB00B,35,2026-07-01T14:38:55.069Z,2026-07-01T14:40:13.066Z,77.997,113,chunk_20260701-1430-SIDDHIGUPTAB00B,chunk_20260701-1430-SIDDHIGUPTAB00B,False,within_chunk,3,M1-J-1
ses_20260701-141430-SIDDHIGUPTAB00B,36,2026-07-01T14:40:32.958Z,2026-07-01T14:40:56.767Z,23.809,47,chunk_20260701-1430-SIDDHIGUPTAB00B,chunk_20260701-1430-SIDDHIGUPTAB00B,False,within_chunk,1,M1-I-3
ses_20260701-141430-SIDDHIGUPTAB00B,37,2026-07-01T14:41:00.536Z,2026-07-01T14:41:19.706Z,19.17,52,chunk_20260701-1430-SIDDHIGUPTAB00B,chunk_20260701-1430-SIDDHIGUPTAB00B,False,within_chunk,1,M1-J-2
ses_20260701-141430-SIDDHIGUPTAB00B,38,2026-07-01T14:41:36.500Z,2026-07-01T14:41:44.433Z,7.933,36,chunk_20260701-1430-SIDDHIGUPTAB00B,chunk_20260701-1430-SIDDHIGUPTAB00B,False,within_chunk,2,M1-J-2
ses_20260701-141430-SIDDHIGUPTAB00B,39,2026-07-01T14:41:44.527Z,2026-07-01T14:42:30.291Z,45.764,87,chunk_20260701-1430-SIDDHIGUPTAB00B,chunk_20260701-1430-SIDDHIGUPTAB00B,False,within_chunk,2,M1-M-4
ses_20260701-141430-SIDDHIGUPTAB00B,40,2026-07-01T14:42:30.306Z,2026-07-01T14:43:09.434Z,39.128,107,chunk_20260701-1430-SIDDHIGUPTAB00B,chunk_20260701-1430-SIDDHIGUPTAB00B,False,within_chunk,1,M1-J-3
ses_20260701-145907-MSI,1,2026-07-01T14:59:07.332Z,2026-07-01T14:59:25.735Z,18.403,40,chunk_20260701-1430-MSI,chunk_20260701-1430-MSI,False,within_chunk,0,
ses_20260701-145907-MSI,2,2026-07-01T15:00:20.634Z,2026-07-01T15:00:42.987Z,22.353,74,chunk_20260701-1500-MSI,chunk_20260701-1500-MSI,False,within_chunk,1,M1-B-1
ses_20260701-145907-MSI,3,2026-07-01T15:00:42.994Z,2026-07-01T15:01:20.334Z,37.34,87,chunk_20260701-1500-MSI,chunk_20260701-1500-MSI,False,within_chunk,2,M1-M-1
ses_20260701-145907-MSI,4,2026-07-01T15:01:20.779Z,2026-07-01T15:01:38.181Z,17.402,63,chunk_20260701-1500-MSI,chunk_20260701-1500-MSI,False,within_chunk,1,M1-B-2
ses_20260701-145907-MSI,5,2026-07-01T15:01:38.182Z,2026-07-01T15:02:03.159Z,24.977,74,chunk_20260701-1500-MSI,chunk_20260701-1500-MSI,False,within_chunk,2,M1-E-1
ses_20260701-145907-MSI,6,2026-07-01T15:02:04.623Z,2026-07-01T15:02:10.723Z,6.1,6,chunk_20260701-1500-MSI,chunk_20260701-1500-MSI,False,within_chunk,1,M1-E-1
ses_20260701-145907-MSI,7,2026-07-01T15:02:33.929Z,2026-07-01T15:02:54.708Z,20.779,8,chunk_20260701-1500-MSI,chunk_20260701-1500-MSI,False,within_chunk,1,M1-E-1
ses_20260701-145907-MSI,8,2026-07-01T15:03:11.880Z,2026-07-01T15:03:13.087Z,1.207,5,chunk_20260701-1500-MSI,chunk_20260701-1500-MSI,False,within_chunk,1,M1-E-1
ses_20260701-145907-MSI,9,2026-07-01T15:03:28.111Z,2026-07-01T15:04:50.282Z,82.171,148,chunk_20260701-1500-MSI,chunk_20260701-1500-MSI,False,within_chunk,2,M1-N-2
ses_20260701-145907-MSI,10,2026-07-01T15:04:50.370Z,2026-07-01T15:05:14.571Z,24.201,84,chunk_20260701-1500-MSI,chunk_20260701-1500-MSI,False,within_chunk,2,M1-F-1
ses_20260701-145907-MSI,11,2026-07-01T15:05:15.052Z,2026-07-01T15:05:57.171Z,42.119,184,chunk_20260701-1500-MSI,chunk_20260701-1500-MSI,False,within_chunk,1,M1-E-2
ses_20260701-145907-MSI,12,2026-07-01T15:05:57.209Z,2026-07-01T15:06:40.184Z,42.975,55,chunk_20260701-1500-MSI,chunk_20260701-1500-MSI,False,within_chunk,2,M1-C-1
ses_20260701-145907-MSI,13,2026-07-01T15:06:40.643Z,2026-07-01T15:07:14.167Z,33.524,89,chunk_20260701-1500-MSI,chunk_20260701-1500-MSI,False,within_chunk,1,M1-N-3
ses_20260701-145907-MSI,14,2026-07-01T15:07:14.612Z,2026-07-01T15:08:25.887Z,71.275,185,chunk_20260701-1500-MSI,chunk_20260701-1500-MSI,False,within_chunk,1,M1-C-2
ses_20260701-145907-MSI,15,2026-07-01T15:08:26.107Z,2026-07-01T15:08:27.583Z,1.476,5,chunk_20260701-1500-MSI,chunk_20260701-1500-MSI,False,within_chunk,1,M1-C-2
ses_20260701-145907-MSI,16,2026-07-01T15:08:28.138Z,2026-07-01T15:09:35.766Z,67.628,148,chunk_20260701-1500-MSI,chunk_20260701-1500-MSI,False,within_chunk,1,M1-D-2
ses_20260701-145907-MSI,17,2026-07-01T15:09:35.767Z,2026-07-01T15:10:09.645Z,33.878,96,chunk_20260701-1500-MSI,chunk_20260701-1500-MSI,False,within_chunk,2,M1-F-2
ses_20260701-145907-MSI,18,2026-07-01T15:10:12.179Z,2026-07-01T15:10:40.539Z,28.36,111,chunk_20260701-1500-MSI,chunk_20260701-1500-MSI,False,within_chunk,1,M1-A-1
ses_20260701-145907-MSI,19,2026-07-01T15:10:41.001Z,2026-07-01T15:12:03.302Z,82.301,261,chunk_20260701-1500-MSI,chunk_20260701-1500-MSI,False,within_chunk,2,M1-M-2
ses_20260701-145907-MSI,20,2026-07-01T15:12:11.898Z,2026-07-01T15:12:50.481Z,38.583,56,chunk_20260701-1500-MSI,chunk_20260701-1500-MSI,False,within_chunk,2,M1-M-3
ses_20260701-145907-MSI,21,2026-07-01T15:13:02.158Z,2026-07-01T15:13:31.635Z,29.477,110,chunk_20260701-1500-MSI,chunk_20260701-1500-MSI,False,within_chunk,2,M1-E-3
ses_20260701-145907-MSI,22,2026-07-01T15:13:35.593Z,2026-07-01T15:13:57.511Z,21.918,62,chunk_20260701-1500-MSI,chunk_20260701-1500-MSI,False,within_chunk,1,M1-A-2
ses_20260701-145907-MSI,23,2026-07-01T15:14:00.536Z,2026-07-01T15:14:49.639Z,49.103,126,chunk_20260701-1500-MSI,chunk_20260701-1500-MSI,False,within_chunk,1,M1-B-4
ses_20260701-145907-MSI,24,2026-07-01T15:14:50.430Z,2026-07-01T15:15:22.347Z,31.917,84,chunk_20260701-1500-MSI,chunk_20260701-1500-MSI,False,within_chunk,2,M1-A-3
ses_20260701-145907-MSI,25,2026-07-01T15:15:25.890Z,2026-07-01T15:15:55.473Z,29.583,54,chunk_20260701-1500-MSI,chunk_20260701-1500-MSI,False,within_chunk,1,M1-C-3
ses_20260701-145907-MSI,26,2026-07-01T15:15:55.971Z,2026-07-01T15:16:29.402Z,33.431,95,chunk_20260701-1500-MSI,chunk_20260701-1500-MSI,False,within_chunk,1,M1-M-4
ses_20260701-145907-MSI,27,2026-07-01T15:16:30.050Z,2026-07-01T15:16:30.112Z,0.062,4,chunk_20260701-1500-MSI,chunk_20260701-1500-MSI,False,within_chunk,1,M1-A-4
ses_20260701-145907-MSI,28,2026-07-01T15:16:30.149Z,2026-07-01T15:16:51.558Z,21.409,75,chunk_20260701-1500-MSI,chunk_20260701-1500-MSI,False,within_chunk,1,M1-A-4
ses_20260701-145907-MSI,29,2026-07-01T15:16:55.723Z,2026-07-01T15:17:34.439Z,38.716,74,chunk_20260701-1500-MSI,chunk_20260701-1500-MSI,False,within_chunk,1,M1-C-4
ses_20260701-145907-MSI,30,2026-07-01T15:17:54.275Z,2026-07-01T15:18:51.751Z,57.476,165,chunk_20260701-1500-MSI,chunk_20260701-1500-MSI,False,within_chunk,2,M1-O-3
ses_20260701-145907-MSI,31,2026-07-01T15:18:52.264Z,2026-07-01T15:19:42.328Z,50.064,157,chunk_20260701-1500-MSI,chunk_20260701-1500-MSI,False,within_chunk,1,M1-F-4
ses_20260701-145907-MSI,32,2026-07-01T15:19:42.851Z,2026-07-01T15:20:15.277Z,32.426,88,chunk_20260701-1500-MSI,chunk_20260701-1500-MSI,False,within_chunk,1,M1-D-3
ses_20260701-145907-MSI,33,2026-07-01T15:20:15.797Z,2026-07-01T15:24:22.468Z,246.671,114,chunk_20260701-1500-MSI,chunk_20260701-1500-MSI,False,within_chunk,1,M1-F-5
ses_20260701-152030-CHAITANYA0BCF,1,2026-07-01T15:20:30.551Z,2026-07-01T15:21:58.731Z,88.18,170,chunk_20260701-1500-CHAITANYA0BCF,chunk_20260701-1500-CHAITANYA0BCF,False,within_chunk,1,M1-H-2
ses_20260701-152030-CHAITANYA0BCF,2,2026-07-01T15:21:59.166Z,2026-07-01T15:22:56.270Z,57.104,89,chunk_20260701-1500-CHAITANYA0BCF,chunk_20260701-1500-CHAITANYA0BCF,False,within_chunk,1,M1-N-1
ses_20260701-152030-CHAITANYA0BCF,3,2026-07-01T15:22:59.057Z,2026-07-01T15:23:21.152Z,22.095,79,chunk_20260701-1500-CHAITANYA0BCF,chunk_20260701-1500-CHAITANYA0BCF,False,within_chunk,2,M1-G-1
ses_20260701-152030-CHAITANYA0BCF,4,2026-07-01T15:23:24.882Z,2026-07-01T15:23:51.529Z,26.647,64,chunk_20260701-1500-CHAITANYA0BCF,chunk_20260701-1500-CHAITANYA0BCF,False,within_chunk,1,M1-H-3
ses_20260701-152030-CHAITANYA0BCF,5,2026-07-01T15:23:51.962Z,2026-07-01T15:24:44.154Z,52.192,94,chunk_20260701-1500-CHAITANYA0BCF,chunk_20260701-1500-CHAITANYA0BCF,False,within_chunk,0,
ses_20260701-152030-CHAITANYA0BCF,6,2026-07-01T15:25:52.919Z,2026-07-01T15:26:49.250Z,56.331,59,chunk_20260701-1500-CHAITANYA0BCF,chunk_20260701-1500-CHAITANYA0BCF,False,within_chunk,1,M1-N-3
ses_20260701-152030-CHAITANYA0BCF,7,2026-07-01T15:26:53.076Z,2026-07-01T15:27:16.859Z,23.783,62,chunk_20260701-1500-CHAITANYA0BCF,chunk_20260701-1500-CHAITANYA0BCF,False,within_chunk,1,M1-O-1
ses_20260701-152030-CHAITANYA0BCF,8,2026-07-01T15:27:20.491Z,2026-07-01T15:27:57.738Z,37.247,108,chunk_20260701-1500-CHAITANYA0BCF,chunk_20260701-1500-CHAITANYA0BCF,False,within_chunk,2,M1-C-1
ses_20260701-152030-CHAITANYA0BCF,9,2026-07-01T15:28:01.722Z,2026-07-01T15:28:01.735Z,0.013,4,chunk_20260701-1500-CHAITANYA0BCF,chunk_20260701-1500-CHAITANYA0BCF,False,within_chunk,1,M1-I-1
ses_20260701-152030-CHAITANYA0BCF,10,2026-07-01T15:28:01.765Z,2026-07-01T15:29:19.677Z,77.912,113,chunk_20260701-1500-CHAITANYA0BCF,chunk_20260701-1500-CHAITANYA0BCF,False,within_chunk,1,M1-I-1
ses_20260701-152030-CHAITANYA0BCF,11,2026-07-01T15:29:20.123Z,2026-07-01T15:29:59.864Z,39.741,103,chunk_20260701-1500-CHAITANYA0BCF,chunk_20260701-1500-CHAITANYA0BCF,False,within_chunk,1,M1-M-1
ses_20260701-155031-CHAITANYA0BCF,1,2026-07-01T15:50:31.796Z,2026-07-01T15:51:30.300Z,58.504,99,chunk_20260701-1530-CHAITANYA0BCF,chunk_20260701-1530-CHAITANYA0BCF,False,within_chunk,1,M1-F-1
ses_20260701-155031-CHAITANYA0BCF,2,2026-07-01T15:51:34.000Z,2026-07-01T15:53:19.121Z,105.121,243,chunk_20260701-1530-CHAITANYA0BCF,chunk_20260701-1530-CHAITANYA0BCF,False,within_chunk,3,M1-B-1
ses_20260701-155031-CHAITANYA0BCF,3,2026-07-01T15:53:19.202Z,2026-07-01T15:53:31.101Z,11.899,17,chunk_20260701-1530-CHAITANYA0BCF,chunk_20260701-1530-CHAITANYA0BCF,False,within_chunk,2,M1-D-1
ses_20260701-155031-CHAITANYA0BCF,4,2026-07-01T15:53:48.281Z,2026-07-01T15:54:14.396Z,26.115,51,chunk_20260701-1530-CHAITANYA0BCF,chunk_20260701-1530-CHAITANYA0BCF,False,within_chunk,1,M1-D-1
ses_20260701-155031-CHAITANYA0BCF,5,2026-07-01T15:54:14.807Z,2026-07-01T15:54:37.201Z,22.394,98,chunk_20260701-1530-CHAITANYA0BCF,chunk_20260701-1530-CHAITANYA0BCF,False,within_chunk,1,M1-F-2
ses_20260701-155031-CHAITANYA0BCF,6,2026-07-01T15:54:39.967Z,2026-07-01T15:54:40.752Z,0.785,6,chunk_20260701-1530-CHAITANYA0BCF,chunk_20260701-1530-CHAITANYA0BCF,False,within_chunk,2,M1-C-2
ses_20260701-155031-CHAITANYA0BCF,7,2026-07-01T15:54:40.763Z,2026-07-01T15:54:41.253Z,0.49,10,chunk_20260701-1530-CHAITANYA0BCF,chunk_20260701-1530-CHAITANYA0BCF,False,within_chunk,1,M1-C-2
ses_20260701-155031-CHAITANYA0BCF,8,2026-07-01T15:54:42.014Z,2026-07-01T15:55:11.349Z,29.335,70,chunk_20260701-1530-CHAITANYA0BCF,chunk_20260701-1530-CHAITANYA0BCF,False,within_chunk,1,M1-C-2
ses_20260701-155031-CHAITANYA0BCF,9,2026-07-01T15:55:15.562Z,2026-07-01T15:55:34.995Z,19.433,70,chunk_20260701-1530-CHAITANYA0BCF,chunk_20260701-1530-CHAITANYA0BCF,False,within_chunk,1,M1-A-1
ses_20260701-155031-CHAITANYA0BCF,10,2026-07-01T15:55:39.279Z,2026-07-01T15:56:26.592Z,47.313,134,chunk_20260701-1530-CHAITANYA0BCF,chunk_20260701-1530-CHAITANYA0BCF,False,within_chunk,1,M1-E-2
ses_20260701-155031-CHAITANYA0BCF,11,2026-07-01T15:56:30.313Z,2026-07-01T15:57:07.716Z,37.403,70,chunk_20260701-1530-CHAITANYA0BCF,chunk_20260701-1530-CHAITANYA0BCF,False,within_chunk,1,M1-C-3
ses_20260701-155031-CHAITANYA0BCF,12,2026-07-01T15:57:08.167Z,2026-07-01T15:57:36.227Z,28.06,62,chunk_20260701-1530-CHAITANYA0BCF,chunk_20260701-1530-CHAITANYA0BCF,False,within_chunk,1,M1-I-1
ses_20260701-155031-CHAITANYA0BCF,13,2026-07-01T15:57:48.516Z,2026-07-01T15:58:36.416Z,47.9,132,chunk_20260701-1530-CHAITANYA0BCF,chunk_20260701-1530-CHAITANYA0BCF,False,within_chunk,1,M1-I-1
ses_20260701-155031-CHAITANYA0BCF,14,2026-07-01T15:58:36.918Z,2026-07-01T15:58:54.074Z,17.156,69,chunk_20260701-1530-CHAITANYA0BCF,chunk_20260701-1530-CHAITANYA0BCF,False,within_chunk,1,M1-B-2
ses_20260701-155031-CHAITANYA0BCF,15,2026-07-01T15:59:28.331Z,2026-07-01T16:00:28.857Z,60.526,105,chunk_20260701-1530-CHAITANYA0BCF,chunk_20260701-1600-CHAITANYA0BCF,True,continuation_across_chunk,1,M1-N-2
ses_20260701-155031-CHAITANYA0BCF,16,2026-07-01T16:00:48.793Z,2026-07-01T16:01:14.565Z,25.772,49,chunk_20260701-1600-CHAITANYA0BCF,chunk_20260701-1600-CHAITANYA0BCF,False,within_chunk,1,M1-N-2
ses_20260701-155031-CHAITANYA0BCF,17,2026-07-01T16:02:03.929Z,2026-07-01T16:02:31.463Z,27.534,19,chunk_20260701-1600-CHAITANYA0BCF,chunk_20260701-1600-CHAITANYA0BCF,False,within_chunk,1,M1-N-2
ses_20260701-155031-CHAITANYA0BCF,18,2026-07-01T16:02:31.902Z,2026-07-01T16:03:02.399Z,30.497,94,chunk_20260701-1600-CHAITANYA0BCF,chunk_20260701-1600-CHAITANYA0BCF,False,within_chunk,1,M1-A-2
ses_20260701-155031-CHAITANYA0BCF,19,2026-07-01T16:03:02.917Z,2026-07-01T16:04:19.849Z,76.932,111,chunk_20260701-1600-CHAITANYA0BCF,chunk_20260701-1600-CHAITANYA0BCF,False,within_chunk,1,M1-I-2
ses_20260701-155031-CHAITANYA0BCF,20,2026-07-01T16:04:20.382Z,2026-07-01T16:05:13.876Z,53.494,92,chunk_20260701-1600-CHAITANYA0BCF,chunk_20260701-1600-CHAITANYA0BCF,False,within_chunk,2,M1-N-3
ses_20260701-155031-CHAITANYA0BCF,21,2026-07-01T16:05:13.941Z,2026-07-01T16:05:43.656Z,29.715,45,chunk_20260701-1600-CHAITANYA0BCF,chunk_20260701-1600-CHAITANYA0BCF,False,within_chunk,1,M1-I-3
ses_20260701-155031-CHAITANYA0BCF,22,2026-07-01T16:05:47.182Z,2026-07-01T16:05:49.431Z,2.249,7,chunk_20260701-1600-CHAITANYA0BCF,chunk_20260701-1600-CHAITANYA0BCF,False,within_chunk,1,M1-I-3
ses_20260701-155031-CHAITANYA0BCF,23,2026-07-01T16:06:08.142Z,2026-07-01T16:06:43.262Z,35.12,59,chunk_20260701-1600-CHAITANYA0BCF,chunk_20260701-1600-CHAITANYA0BCF,False,within_chunk,1,M1-I-3
ses_20260701-155031-CHAITANYA0BCF,24,2026-07-01T16:06:47.510Z,2026-07-01T16:07:13.861Z,26.351,63,chunk_20260701-1600-CHAITANYA0BCF,chunk_20260701-1600-CHAITANYA0BCF,False,within_chunk,1,M1-F-3
ses_20260701-155031-CHAITANYA0BCF,25,2026-07-01T16:07:14.398Z,2026-07-01T16:07:35.661Z,21.263,77,chunk_20260701-1600-CHAITANYA0BCF,chunk_20260701-1600-CHAITANYA0BCF,False,within_chunk,1,M1-B-3
ses_20260701-155031-CHAITANYA0BCF,26,2026-07-01T16:08:17.314Z,2026-07-01T16:08:44.161Z,26.847,103,chunk_20260701-1600-CHAITANYA0BCF,chunk_20260701-1600-CHAITANYA0BCF,False,within_chunk,2,M1-F-4
ses_20260701-155031-CHAITANYA0BCF,27,2026-07-01T16:08:44.682Z,2026-07-01T16:09:09.653Z,24.971,89,chunk_20260701-1600-CHAITANYA0BCF,chunk_20260701-1600-CHAITANYA0BCF,False,within_chunk,1,M1-B-4
ses_20260701-155031-CHAITANYA0BCF,28,2026-07-01T16:09:44.522Z,2026-07-01T16:10:08.259Z,23.737,78,chunk_20260701-1600-CHAITANYA0BCF,chunk_20260701-1600-CHAITANYA0BCF,False,within_chunk,1,M1-A-3
ses_20260701-155031-CHAITANYA0BCF,29,2026-07-01T16:10:11.786Z,2026-07-01T16:10:17.793Z,6.007,13,chunk_20260701-1600-CHAITANYA0BCF,chunk_20260701-1600-CHAITANYA0BCF,False,within_chunk,1,M1-D-2
ses_20260701-155031-CHAITANYA0BCF,30,2026-07-01T16:10:34.518Z,2026-07-01T16:11:00.172Z,25.654,52,chunk_20260701-1600-CHAITANYA0BCF,chunk_20260701-1600-CHAITANYA0BCF,False,within_chunk,1,M1-D-2
ses_20260701-155031-CHAITANYA0BCF,31,2026-07-01T16:13:03.875Z,2026-07-01T16:13:24.001Z,20.126,53,chunk_20260701-1600-CHAITANYA0BCF,chunk_20260701-1600-CHAITANYA0BCF,False,within_chunk,1,M1-A-4
ses_20260701-155031-CHAITANYA0BCF,32,2026-07-01T16:13:27.302Z,2026-07-01T16:13:50.275Z,22.973,76,chunk_20260701-1600-CHAITANYA0BCF,chunk_20260701-1600-CHAITANYA0BCF,False,within_chunk,1,M1-E-3
ses_20260701-155031-CHAITANYA0BCF,33,2026-07-01T16:13:50.316Z,2026-07-01T16:15:08.257Z,77.941,88,chunk_20260701-1600-CHAITANYA0BCF,chunk_20260701-1600-CHAITANYA0BCF,False,within_chunk,2,M1-D-3
ses_20260701-172430-yuvraj,1,2026-07-01T17:24:30.299Z,2026-07-01T17:25:48.431Z,78.132,43,chunk_20260701-1700-yuvraj,chunk_20260701-1700-yuvraj,False,within_chunk,1,M1-L-1
ses_20260701-172430-yuvraj,2,2026-07-01T17:26:18.472Z,2026-07-01T17:26:47.636Z,29.164,45,chunk_20260701-1700-yuvraj,chunk_20260701-1700-yuvraj,False,within_chunk,1,M1-M-1
ses_20260701-172430-yuvraj,3,2026-07-01T17:26:49.312Z,2026-07-01T17:27:27.729Z,38.417,89,chunk_20260701-1700-yuvraj,chunk_20260701-1700-yuvraj,False,within_chunk,2,M1-F-1
ses_20260701-172430-yuvraj,4,2026-07-01T17:27:28.329Z,2026-07-01T17:29:14.054Z,105.725,81,chunk_20260701-1700-yuvraj,chunk_20260701-1700-yuvraj,False,within_chunk,1,M1-B-1
ses_20260701-172430-yuvraj,5,2026-07-01T17:29:14.499Z,2026-07-01T17:30:37.792Z,83.293,144,chunk_20260701-1700-yuvraj,chunk_20260701-1730-yuvraj,True,continuation_across_chunk,1,M1-M-3
ses_20260701-172430-yuvraj,6,2026-07-01T17:30:41.634Z,2026-07-01T17:30:59.751Z,18.117,48,chunk_20260701-1730-yuvraj,chunk_20260701-1730-yuvraj,False,within_chunk,1,M1-L-2
ses_20260701-172430-yuvraj,7,2026-07-01T17:31:33.451Z,2026-07-01T17:32:01.493Z,28.042,93,chunk_20260701-1730-yuvraj,chunk_20260701-1730-yuvraj,False,within_chunk,1,M1-H-1
ses_20260701-172430-yuvraj,8,2026-07-01T17:32:01.957Z,2026-07-01T17:32:26.287Z,24.33,75,chunk_20260701-1730-yuvraj,chunk_20260701-1730-yuvraj,False,within_chunk,1,M1-B-2
ses_20260701-172430-yuvraj,9,2026-07-01T17:32:26.797Z,2026-07-01T17:33:05.072Z,38.275,79,chunk_20260701-1730-yuvraj,chunk_20260701-1730-yuvraj,False,within_chunk,1,M1-M-4
ses_20260701-172430-yuvraj,10,2026-07-01T17:33:05.565Z,2026-07-01T17:33:34.600Z,29.035,90,chunk_20260701-1730-yuvraj,chunk_20260701-1730-yuvraj,False,within_chunk,2,M1-F-2
ses_20260701-172430-yuvraj,11,2026-07-01T17:33:34.611Z,2026-07-01T17:34:42.107Z,67.496,137,chunk_20260701-1730-yuvraj,chunk_20260701-1730-yuvraj,False,within_chunk,2,M1-N-1
ses_20260701-172430-yuvraj,12,2026-07-01T17:35:01.577Z,2026-07-01T17:35:03.475Z,1.898,6,chunk_20260701-1730-yuvraj,chunk_20260701-1730-yuvraj,False,within_chunk,0,
ses_20260701-172430-yuvraj,13,2026-07-01T17:35:05.325Z,2026-07-01T17:35:20.664Z,15.339,40,chunk_20260701-1730-yuvraj,chunk_20260701-1730-yuvraj,False,within_chunk,1,M1-N-3
ses_20260701-172430-yuvraj,14,2026-07-01T17:35:40.655Z,2026-07-01T17:35:51.981Z,11.326,36,chunk_20260701-1730-yuvraj,chunk_20260701-1730-yuvraj,False,within_chunk,1,M1-N-3
ses_20260701-172430-yuvraj,15,2026-07-01T17:35:52.491Z,2026-07-01T17:36:13.122Z,20.631,73,chunk_20260701-1730-yuvraj,chunk_20260701-1730-yuvraj,False,within_chunk,1,M1-B-3
ses_20260701-172430-yuvraj,16,2026-07-01T17:36:16.723Z,2026-07-01T17:36:16.763Z,0.04,4,chunk_20260701-1730-yuvraj,chunk_20260701-1730-yuvraj,False,within_chunk,1,M1-F-3
ses_20260701-172430-yuvraj,17,2026-07-01T17:36:16.776Z,2026-07-01T17:36:38.428Z,21.652,73,chunk_20260701-1730-yuvraj,chunk_20260701-1730-yuvraj,False,within_chunk,1,M1-F-3
ses_20260701-172430-yuvraj,18,2026-07-01T17:36:41.148Z,2026-07-01T17:37:09.275Z,28.127,95,chunk_20260701-1730-yuvraj,chunk_20260701-1730-yuvraj,False,within_chunk,2,M1-O-2
ses_20260701-172430-yuvraj,19,2026-07-01T17:37:12.064Z,2026-07-01T17:37:32.124Z,20.06,77,chunk_20260701-1730-yuvraj,chunk_20260701-1730-yuvraj,False,within_chunk,2,M1-H-2
ses_20260701-172430-yuvraj,20,2026-07-01T17:37:35.197Z,2026-07-01T17:37:58.475Z,23.278,77,chunk_20260701-1730-yuvraj,chunk_20260701-1730-yuvraj,False,within_chunk,2,M1-L-3
ses_20260701-172430-yuvraj,21,2026-07-01T17:38:34.932Z,2026-07-01T17:38:42.588Z,7.656,37,chunk_20260701-1730-yuvraj,chunk_20260701-1730-yuvraj,False,within_chunk,2,M1-I-1
ses_20260701-172430-yuvraj,22,2026-07-01T17:39:07.748Z,2026-07-01T17:39:31.375Z,23.627,38,chunk_20260701-1730-yuvraj,chunk_20260701-1730-yuvraj,False,within_chunk,1,M1-I-1
ses_20260701-172430-yuvraj,23,2026-07-01T17:39:34.606Z,2026-07-01T17:39:52.892Z,18.286,51,chunk_20260701-1730-yuvraj,chunk_20260701-1730-yuvraj,False,within_chunk,1,M1-H-3
ses_20260701-172430-yuvraj,24,2026-07-01T17:39:52.893Z,2026-07-01T17:40:22.538Z,29.645,93,chunk_20260701-1730-yuvraj,chunk_20260701-1730-yuvraj,False,within_chunk,2,M1-B-4
ses_20260701-172430-yuvraj,25,2026-07-01T17:40:25.272Z,2026-07-01T17:40:26.464Z,1.192,15,chunk_20260701-1730-yuvraj,chunk_20260701-1730-yuvraj,False,within_chunk,2,M1-I-2
ses_20260701-172430-yuvraj,26,2026-07-01T17:40:27.185Z,2026-07-01T17:41:37.918Z,70.733,65,chunk_20260701-1730-yuvraj,chunk_20260701-1730-yuvraj,False,within_chunk,1,M1-I-2
ses_20260701-172430-yuvraj,27,2026-07-01T17:41:40.321Z,2026-07-01T17:41:41.087Z,0.766,6,chunk_20260701-1730-yuvraj,chunk_20260701-1730-yuvraj,False,within_chunk,2,M1-O-3
ses_20260701-172430-yuvraj,28,2026-07-01T17:41:41.102Z,2026-07-01T17:42:04.023Z,22.921,72,chunk_20260701-1730-yuvraj,chunk_20260701-1730-yuvraj,False,within_chunk,1,M1-O-3
ses_20260701-172430-yuvraj,29,2026-07-01T17:42:07.849Z,2026-07-01T17:42:33.024Z,25.175,66,chunk_20260701-1730-yuvraj,chunk_20260701-1730-yuvraj,False,within_chunk,1,M1-L-4
ses_20260701-172430-yuvraj,30,2026-07-01T17:43:03.914Z,2026-07-01T17:43:04.560Z,0.646,5,chunk_20260701-1730-yuvraj,chunk_20260701-1730-yuvraj,False,within_chunk,2,M1-I-3
ses_20260701-172430-yuvraj,31,2026-07-01T17:43:04.578Z,2026-07-01T17:44:04.976Z,60.398,63,chunk_20260701-1730-yuvraj,chunk_20260701-1730-yuvraj,False,within_chunk,1,M1-I-3
ses_20260701-172430-yuvraj,32,2026-07-01T17:44:04.977Z,2026-07-01T17:44:25.266Z,20.289,15,chunk_20260701-1730-yuvraj,chunk_20260701-1730-yuvraj,False,within_chunk,1,M1-I-3
