session_id,timestamp_iso,y,score,pred,gap,active_app,event_type,execution_id
ses_20260630-121953-LAPTOP-R36BQBTE,2026-06-30T12:21:13.067Z,0,0.08753401426298431,False,0.097,Microsoft Excel,app_switch,M1-H-1
ses_20260630-121953-LAPTOP-R36BQBTE,2026-06-30T12:21:13.092Z,0,0.08518461146262245,False,0.025,Microsoft Excel,screenshot_smart,M1-H-1
ses_20260630-121953-LAPTOP-R36BQBTE,2026-06-30T12:21:13.120Z,0,0.08158164311182153,False,0.028,Microsoft Excel,app_switch,M1-H-1
ses_20260630-121953-LAPTOP-R36BQBTE,2026-06-30T12:21:13.178Z,0,0.0825161318288132,False,0.058,Microsoft Excel,app_switch,M1-H-1
ses_20260630-121953-LAPTOP-R36BQBTE,2026-06-30T12:21:13.232Z,0,0.08239097279132934,False,0.054,Microsoft Excel,app_switch,M1-H-1
ses_20260630-121953-LAPTOP-R36BQBTE,2026-06-30T12:21:13.300Z,0,0.08282978672531656,False,0.068,Microsoft Excel,app_switch,M1-H-1
ses_20260630-121953-LAPTOP-R36BQBTE,2026-06-30T12:21:13.345Z,0,0.08210999653491675,False,0.045,Microsoft Excel,app_switch,M1-H-1
ses_20260630-121953-LAPTOP-R36BQBTE,2026-06-30T12:21:13.419Z,0,0.08301849989222167,False,0.074,Microsoft Excel,app_switch,M1-H-1
ses_20260630-121953-LAPTOP-R36BQBTE,2026-06-30T12:21:13.455Z,0,0.08182989303574416,False,0.036,Microsoft Excel,app_switch,M1-H-1
ses_20260630-121953-LAPTOP-R36BQBTE,2026-06-30T12:21:13.509Z,0,0.08239097279132934,False,0.054,Microsoft Excel,app_switch,M1-H-1
ses_20260630-121953-LAPTOP-R36BQBTE,2026-06-30T12:21:13.564Z,0,0.08242224634178372,False,0.055,Microsoft Excel,app_switch,M1-H-1
ses_20260630-121953-LAPTOP-R36BQBTE,2026-06-30T12:21:13.634Z,0,0.08289264771507444,False,0.07,Microsoft Excel,screenshot_smart,M1-H-1
ses_20260630-121953-LAPTOP-R36BQBTE,2026-06-30T12:21:15.628Z,0,0.1668747503939471,False,1.994,Microsoft Excel,app_switch,M1-H-1
ses_20260630-121953-LAPTOP-R36BQBTE,2026-06-30T12:21:15.672Z,0,0.08207883086371758,False,0.044,Microsoft Excel,app_switch,M1-H-1
ses_20260630-121953-LAPTOP-R36BQBTE,2026-06-30T12:21:15.676Z,0,0.08084100582580243,False,0.004,Microsoft Excel,screenshot_smart,M1-H-1
ses_20260630-121953-LAPTOP-R36BQBTE,2026-06-30T12:21:15.727Z,0,0.08229721693471875,False,0.051,Microsoft Excel,app_switch,M1-H-1
ses_20260630-121953-LAPTOP-R36BQBTE,2026-06-30T12:21:15.801Z,0,0.08301849989222167,False,0.074,Microsoft Excel,app_switch,M1-H-1
ses_20260630-121953-LAPTOP-R36BQBTE,2026-06-30T12:21:15.837Z,0,0.08182989303574416,False,0.036,Microsoft Excel,app_switch,M1-H-1
ses_20260630-121953-LAPTOP-R36BQBTE,2026-06-30T12:21:15.892Z,0,0.08242224634178372,False,0.055,Microsoft Excel,app_switch,M1-H-1
ses_20260630-121953-LAPTOP-R36BQBTE,2026-06-30T12:21:15.952Z,0,0.08257877621244958,False,0.06,Microsoft Excel,app_switch,M1-H-1
ses_20260630-121953-LAPTOP-R36BQBTE,2026-06-30T12:21:15.999Z,0,0.08217236020457462,False,0.047,Microsoft Excel,app_switch,M1-H-1
ses_20260630-121953-LAPTOP-R36BQBTE,2026-06-30T12:21:16.054Z,0,0.08242224634178372,False,0.055,Microsoft Excel,app_switch,M1-H-1
ses_20260630-121953-LAPTOP-R36BQBTE,2026-06-30T12:21:16.108Z,0,0.08239097279132934,False,0.054,Microsoft Excel,app_switch,M1-H-1
ses_20260630-121953-LAPTOP-R36BQBTE,2026-06-30T12:21:16.180Z,0,0.08295555209624236,False,0.072,Microsoft Excel,app_switch,M1-H-1
ses_20260630-121953-LAPTOP-R36BQBTE,2026-06-30T12:21:16.211Z,0,0.0816746563144019,False,0.031,Microsoft Excel,screenshot_smart,M1-H-1
ses_20260630-121953-LAPTOP-R36BQBTE,2026-06-30T12:21:16.217Z,0,0.08090249062997416,False,0.006,Microsoft Excel,app_switch,M1-H-1
ses_20260630-121953-LAPTOP-R36BQBTE,2026-06-30T12:21:16.276Z,0,0.08254744861278772,False,0.059,Microsoft Excel,app_switch,M1-H-1
ses_20260630-121953-LAPTOP-R36BQBTE,2026-06-30T12:21:17.036Z,0,0.10733041356873517,False,0.76,Microsoft Excel,app_switch,M1-H-1
ses_20260630-121953-LAPTOP-R36BQBTE,2026-06-30T12:21:17.149Z,0,0.08425469299054811,False,0.113,Microsoft Excel,screenshot_smart,M1-H-1
ses_20260630-121953-LAPTOP-R36BQBTE,2026-06-30T12:21:17.235Z,0,0.007263677585815385,False,0.086,Google Chrome,mouse_click,M1-H-1
ses_20260630-121953-LAPTOP-R36BQBTE,2026-06-30T12:21:20.116Z,0,0.3025770561155462,False,2.881,Google Chrome,app_switch,M1-H-1
ses_20260630-121953-LAPTOP-R36BQBTE,2026-06-30T12:21:20.190Z,0,0.11962465317789299,False,0.074,Google Chrome,screenshot_smart,M1-H-1
ses_20260630-121953-LAPTOP-R36BQBTE,2026-06-30T12:21:20.805Z,0,0.14526400103703688,False,0.615,Google Chrome,shortcut,M1-H-1
ses_20260630-121953-LAPTOP-R36BQBTE,2026-06-30T12:21:20.805Z,0,0.11362295307334871,False,0.0,Google Chrome,keystroke,M1-H-1
ses_20260630-121953-LAPTOP-R36BQBTE,2026-06-30T12:21:20.806Z,0,0.11090742804889817,False,0.001,Google Chrome,keystroke,M1-H-1
ses_20260630-121953-LAPTOP-R36BQBTE,2026-06-30T12:21:20.933Z,0,0.11334135520805555,False,0.127,Google Chrome,screenshot_smart,M1-H-1
ses_20260630-121953-LAPTOP-R36BQBTE,2026-06-30T12:21:22.145Z,0,0.16682252685085233,False,1.212,Google Chrome,shortcut,M1-H-1
ses_20260630-121953-LAPTOP-R36BQBTE,2026-06-30T12:21:22.145Z,0,0.10552930496098985,False,0.0,Google Chrome,keystroke,M1-H-1
ses_20260630-121953-LAPTOP-R36BQBTE,2026-06-30T12:21:22.147Z,0,0.10302295208841245,False,0.002,Google Chrome,keystroke,M1-H-1
ses_20260630-121953-LAPTOP-R36BQBTE,2026-06-30T12:21:22.192Z,0,0.10211370372784112,False,0.045,Google Chrome,shortcut,M1-H-1
ses_20260630-121953-LAPTOP-R36BQBTE,2026-06-30T12:21:22.192Z,0,0.15233604551282726,False,0.0,Google Chrome,keystroke,M1-H-1
ses_20260630-121953-LAPTOP-R36BQBTE,2026-06-30T12:21:22.193Z,0,0.1488506730742007,False,0.001,Google Chrome,keystroke,M1-H-1
ses_20260630-121953-LAPTOP-R36BQBTE,2026-06-30T12:21:22.270Z,0,0.14932897768791756,False,0.077,Google Chrome,screenshot_smart,M1-H-1
ses_20260630-121953-LAPTOP-R36BQBTE,2026-06-30T12:21:22.773Z,0,0.18427677821880672,False,0.503,Google Chrome,keystroke,M1-H-1
ses_20260630-121953-LAPTOP-R36BQBTE,2026-06-30T12:21:22.774Z,0,0.16153270390942204,False,0.001,Google Chrome,keystroke,M1-H-1
ses_20260630-121953-LAPTOP-R36BQBTE,2026-06-30T12:21:22.812Z,0,0.17034597007344698,False,0.038,Google Chrome,screenshot_smart,M1-H-1
ses_20260630-121953-LAPTOP-R36BQBTE,2026-06-30T12:21:26.342Z,0,0.46532122534112563,False,3.53,Google Chrome,keystroke,M1-H-1
ses_20260630-121953-LAPTOP-R36BQBTE,2026-06-30T12:21:26.344Z,0,0.175132729607797,False,0.002,Google Chrome,keystroke,M1-H-1
ses_20260630-121953-LAPTOP-R36BQBTE,2026-06-30T12:21:26.460Z,0,0.18936498229841328,False,0.116,Google Chrome,screenshot_smart,M1-H-1
ses_20260630-121953-LAPTOP-R36BQBTE,2026-06-30T12:21:26.815Z,0,0.21767883684392822,False,0.355,Google Chrome,shortcut,M1-H-1
ses_20260630-121953-LAPTOP-R36BQBTE,2026-06-30T12:21:26.815Z,0,0.09215946259289613,False,0.0,Google Chrome,keystroke,M1-H-1
ses_20260630-121953-LAPTOP-R36BQBTE,2026-06-30T12:21:26.816Z,0,0.09632457434513905,False,0.001,Google Chrome,keystroke,M1-H-1
ses_20260630-121953-LAPTOP-R36BQBTE,2026-06-30T12:21:29.359Z,0,0.2424993290469356,False,2.543,Google Chrome,shortcut,M1-H-1
ses_20260630-121953-LAPTOP-R36BQBTE,2026-06-30T12:21:29.359Z,0,0.09390823051366794,False,0.0,Google Chrome,keystroke,M1-H-1
ses_20260630-121953-LAPTOP-R36BQBTE,2026-06-30T12:21:29.360Z,0,0.09394342816256615,False,0.001,Google Chrome,keystroke,M1-H-1
ses_20260630-121953-LAPTOP-R36BQBTE,2026-06-30T12:21:29.407Z,0,0.09557534962696054,False,0.047,Google Chrome,screenshot_smart,M1-H-1
ses_20260630-121953-LAPTOP-R36BQBTE,2026-06-30T12:21:31.523Z,0,0.1991402459615494,False,2.116,Google Chrome,app_switch,M1-H-1
ses_20260630-121953-LAPTOP-R36BQBTE,2026-06-30T12:21:31.558Z,0,0.09755557541947874,False,0.035,Google Chrome,screenshot_smart,M1-H-1
ses_20260630-121953-LAPTOP-R36BQBTE,2026-06-30T12:21:31.909Z,0,0.1124127150951235,False,0.351,Google Chrome,mouse_scroll,M1-H-1
ses_20260630-121953-LAPTOP-R36BQBTE,2026-06-30T12:21:32.268Z,0,0.10799284863534535,False,0.359,Google Chrome,shortcut,M1-H-1
ses_20260630-121953-LAPTOP-R36BQBTE,2026-06-30T12:21:32.268Z,0,0.0945001074208517,False,0.0,Google Chrome,keystroke,M1-H-1
ses_20260630-121953-LAPTOP-R36BQBTE,2026-06-30T12:21:32.270Z,0,0.09457091198298045,False,0.002,Google Chrome,keystroke,M1-H-1
ses_20260630-121953-LAPTOP-R36BQBTE,2026-06-30T12:21:32.394Z,0,0.09898071424523303,False,0.124,Google Chrome,screenshot_smart,M1-H-1
ses_20260630-121953-LAPTOP-R36BQBTE,2026-06-30T12:21:32.496Z,0,0.10511405202643964,False,0.102,Google Chrome,shortcut,M1-H-1
ses_20260630-121953-LAPTOP-R36BQBTE,2026-06-30T12:21:32.496Z,0,0.10121144291354894,False,0.0,Google Chrome,keystroke,M1-H-1
ses_20260630-121953-LAPTOP-R36BQBTE,2026-06-30T12:21:32.498Z,0,0.10128671349575545,False,0.002,Google Chrome,keystroke,M1-H-1
ses_20260630-121953-LAPTOP-R36BQBTE,2026-06-30T12:21:32.681Z,0,0.10566449040738972,False,0.183,Google Chrome,clipboard_change,M1-H-1
ses_20260630-121953-LAPTOP-R36BQBTE,2026-06-30T12:21:32.743Z,0,0.07009268441438099,False,0.062,Google Chrome,shortcut,M1-H-1
ses_20260630-121953-LAPTOP-R36BQBTE,2026-06-30T12:21:32.743Z,0,0.0637472773545775,False,0.0,Google Chrome,keystroke,M1-H-1
ses_20260630-121953-LAPTOP-R36BQBTE,2026-06-30T12:21:32.745Z,0,0.06216429449723399,False,0.002,Google Chrome,keystroke,M1-H-1
ses_20260630-121953-LAPTOP-R36BQBTE,2026-06-30T12:21:35.370Z,0,0.16397283885730327,False,2.625,Google Chrome,mouse_scroll,M1-H-1
ses_20260630-121953-LAPTOP-R36BQBTE,2026-06-30T12:21:35.441Z,0,0.06552247108413563,False,0.071,Google Chrome,screenshot_smart,M1-H-1
ses_20260630-121953-LAPTOP-R36BQBTE,2026-06-30T12:21:36.152Z,0,0.08586218900106593,False,0.711,Google Chrome,mouse_click,M1-H-1
ses_20260630-121953-LAPTOP-R36BQBTE,2026-06-30T12:21:36.610Z,0,0.10791395537257294,False,0.458,Google Chrome,shortcut,M1-H-1
ses_20260630-121953-LAPTOP-R36BQBTE,2026-06-30T12:21:36.610Z,0,0.09098637108590496,False,0.0,Google Chrome,keystroke,M1-H-1
ses_20260630-121953-LAPTOP-R36BQBTE,2026-06-30T12:21:36.611Z,0,0.09102058360678673,False,0.001,Google Chrome,keystroke,M1-H-1
ses_20260630-121953-LAPTOP-R36BQBTE,2026-06-30T12:21:36.686Z,0,0.09777072571389177,False,0.075,Google Chrome,screenshot_smart,M1-H-1
ses_20260630-121953-LAPTOP-R36BQBTE,2026-06-30T12:21:38.610Z,0,0.31517495497128084,False,1.924,Google Chrome,mouse_click,M1-H-1
ses_20260630-121953-LAPTOP-R36BQBTE,2026-06-30T12:21:40.942Z,0,0.46873879099572474,False,2.332,Google Chrome,app_switch,M1-H-1
ses_20260630-121953-LAPTOP-R36BQBTE,2026-06-30T12:21:41.036Z,0,0.2739324764186871,False,0.094,Google Chrome,screenshot_smart,M1-H-1
ses_20260630-121953-LAPTOP-R36BQBTE,2026-06-30T12:21:41.508Z,1,0.31200464193198707,False,0.472,Google Chrome,app_switch,M1-C-1
ses_20260630-121953-LAPTOP-R36BQBTE,2026-06-30T12:21:41.555Z,0,0.26601699081234553,False,0.047,Google Chrome,app_switch,M1-C-1
ses_20260630-121953-LAPTOP-R36BQBTE,2026-06-30T12:21:41.583Z,0,0.25518029921953894,False,0.028,Google Chrome,screenshot_smart,M1-C-1
ses_20260630-121953-LAPTOP-R36BQBTE,2026-06-30T12:21:41.612Z,0,0.3619469940538279,False,0.029,Google Chrome,app_switch,M1-C-1
ses_20260630-121953-LAPTOP-R36BQBTE,2026-06-30T12:21:41.664Z,0,0.3705754461514974,False,0.052,Google Chrome,app_switch,M1-C-1
ses_20260630-121953-LAPTOP-R36BQBTE,2026-06-30T12:21:41.724Z,0,0.377827870548867,False,0.06,Google Chrome,app_switch,M1-C-1
ses_20260630-121953-LAPTOP-R36BQBTE,2026-06-30T12:21:41.779Z,0,0.3838629577545049,False,0.055,Google Chrome,app_switch,M1-C-1
ses_20260630-121953-LAPTOP-R36BQBTE,2026-06-30T12:21:41.837Z,0,0.30951031608760526,False,0.058,Google Chrome,app_switch,M1-C-1
ses_20260630-121953-LAPTOP-R36BQBTE,2026-06-30T12:21:41.883Z,0,0.41291545241762684,False,0.046,Google Chrome,app_switch,M1-C-1
ses_20260630-121953-LAPTOP-R36BQBTE,2026-06-30T12:21:41.937Z,0,0.4020320569036934,False,0.054,Google Chrome,app_switch,M1-C-1
ses_20260630-121953-LAPTOP-R36BQBTE,2026-06-30T12:21:41.994Z,0,0.3907519404497136,False,0.057,Google Chrome,app_switch,M1-C-1
ses_20260630-121953-LAPTOP-R36BQBTE,2026-06-30T12:21:42.045Z,0,0.39016134040568545,False,0.051,Google Chrome,app_switch,M1-C-1
ses_20260630-121953-LAPTOP-R36BQBTE,2026-06-30T12:21:42.104Z,0,0.3909488783880884,False,0.059,Google Chrome,app_switch,M1-C-1
ses_20260630-121953-LAPTOP-R36BQBTE,2026-06-30T12:21:42.121Z,0,0.2025285680213811,False,0.017,Google Chrome,screenshot_smart,M1-C-1
ses_20260630-121953-LAPTOP-R36BQBTE,2026-06-30T12:21:42.170Z,0,0.19691026392004835,False,0.049,Google Chrome,app_switch,M1-C-1
ses_20260630-121953-LAPTOP-R36BQBTE,2026-06-30T12:21:44.946Z,0,0.41915094263648006,False,2.776,Google Chrome,app_switch,M1-C-1
ses_20260630-121953-LAPTOP-R36BQBTE,2026-06-30T12:21:44.968Z,0,0.18039684223375696,False,0.022,Google Chrome,screenshot_smart,M1-C-1
ses_20260630-121953-LAPTOP-R36BQBTE,2026-06-30T12:21:44.995Z,0,0.18070279501200234,False,0.027,Google Chrome,app_switch,M1-C-1
ses_20260630-121953-LAPTOP-R36BQBTE,2026-06-30T12:21:45.046Z,0,0.08229721693471875,False,0.051,Google Chrome,app_switch,M1-C-1
ses_20260630-121953-LAPTOP-R36BQBTE,2026-06-30T12:21:45.100Z,0,0.08239097279132934,False,0.054,Google Chrome,app_switch,M1-C-1
ses_20260630-121953-LAPTOP-R36BQBTE,2026-06-30T12:21:45.162Z,0,0.0826414638705286,False,0.062,Google Chrome,app_switch,M1-C-1
ses_20260630-121953-LAPTOP-R36BQBTE,2026-06-30T12:21:45.211Z,0,0.08223476699671851,False,0.049,Google Chrome,app_switch,M1-C-1
ses_20260630-121953-LAPTOP-R36BQBTE,2026-06-30T12:21:45.275Z,0,0.08270419482643843,False,0.064,Google Chrome,app_switch,M1-C-1
ses_20260630-121953-LAPTOP-R36BQBTE,2026-06-30T12:21:45.316Z,0,0.08198539846959153,False,0.041,Google Chrome,app_switch,M1-C-1
ses_20260630-121953-LAPTOP-R36BQBTE,2026-06-30T12:21:45.381Z,0,0.08273557654838944,False,0.065,Google Chrome,app_switch,M1-C-1
ses_20260630-121953-LAPTOP-R36BQBTE,2026-06-30T12:21:45.446Z,0,0.08273557654838944,False,0.065,Google Chrome,app_switch,M1-C-1
ses_20260630-121953-LAPTOP-R36BQBTE,2026-06-30T12:21:45.486Z,0,0.08195427586830559,False,0.04,Google Chrome,app_switch,M1-C-1
ses_20260630-121953-LAPTOP-R36BQBTE,2026-06-30T12:21:45.504Z,0,0.08127229579568591,False,0.018,Google Chrome,screenshot_smart,M1-C-1
ses_20260630-121953-LAPTOP-R36BQBTE,2026-06-30T12:21:45.542Z,0,0.08189206294334775,False,0.038,Google Chrome,app_switch,M1-C-1
ses_20260630-121953-LAPTOP-R36BQBTE,2026-06-30T12:21:45.598Z,0,0.08245353069623408,False,0.056,Google Chrome,app_switch,M1-C-1
ses_20260630-121953-LAPTOP-R36BQBTE,2026-06-30T12:21:46.475Z,0,0.11205549574951917,False,0.877,Google Chrome,app_switch,M1-C-1
ses_20260630-121953-LAPTOP-R36BQBTE,2026-06-30T12:21:46.547Z,0,0.08295555209624236,False,0.072,Google Chrome,screenshot_smart,M1-C-1
ses_20260630-121953-LAPTOP-R36BQBTE,2026-06-30T12:21:46.671Z,0,0.0200342568345322,False,0.124,Google Chrome,mouse_click,M1-C-1
ses_20260630-121953-LAPTOP-R36BQBTE,2026-06-30T12:21:50.882Z,0,0.0570273702626775,False,4.211,Microsoft Word,app_switch,M1-C-1
ses_20260630-121953-LAPTOP-R36BQBTE,2026-06-30T12:21:51.388Z,0,0.03468825199125913,False,0.506,Microsoft Word,window_title_change,M1-C-1
ses_20260630-121953-LAPTOP-R36BQBTE,2026-06-30T12:21:51.400Z,0,0.11695037789808103,False,0.012,Microsoft Word,screenshot_smart,M1-C-1
ses_20260630-121953-LAPTOP-R36BQBTE,2026-06-30T12:21:51.955Z,0,0.14220993977868937,False,0.555,Microsoft Word,screenshot_smart,M1-C-1
ses_20260630-121953-LAPTOP-R36BQBTE,2026-06-30T12:21:53.014Z,0,0.16957981965835708,False,1.059,Microsoft Word,app_switch,M1-C-1
ses_20260630-121953-LAPTOP-R36BQBTE,2026-06-30T12:21:53.096Z,0,0.02927213545532627,False,0.082,Microsoft Word,window_state_change,M1-C-1
ses_20260630-121953-LAPTOP-R36BQBTE,2026-06-30T12:21:53.102Z,0,0.11669434839219266,False,0.006,Microsoft Word,screenshot_smart,M1-C-1
ses_20260630-121953-LAPTOP-R36BQBTE,2026-06-30T12:21:54.567Z,0,0.19455303808238425,False,1.465,Microsoft Word,shortcut,M1-C-1
ses_20260630-121953-LAPTOP-R36BQBTE,2026-06-30T12:21:54.567Z,0,0.11362295307334871,False,0.0,Microsoft Word,keystroke,M1-C-1
ses_20260630-121953-LAPTOP-R36BQBTE,2026-06-30T12:21:54.578Z,0,0.11131590852988409,False,0.011,Microsoft Word,keystroke,M1-C-1
ses_20260630-121953-LAPTOP-R36BQBTE,2026-06-30T12:21:54.759Z,0,0.17786384058233884,False,0.181,Microsoft Word,screenshot_smart,M1-C-1
ses_20260630-121953-LAPTOP-R36BQBTE,2026-06-30T12:21:54.917Z,0,0.17647711003924285,False,0.158,Microsoft Word,mouse_scroll,M1-C-1
ses_20260630-121953-LAPTOP-R36BQBTE,2026-06-30T12:21:56.067Z,0,0.24413826235591093,False,1.15,Microsoft Word,shortcut,M1-C-1
ses_20260630-121953-LAPTOP-R36BQBTE,2026-06-30T12:21:56.067Z,0,0.1633639248160677,False,0.0,Microsoft Word,keystroke,M1-C-1
ses_20260630-121953-LAPTOP-R36BQBTE,2026-06-30T12:21:56.070Z,0,0.15978478722624131,False,0.003,Microsoft Word,keystroke,M1-C-1
ses_20260630-121953-LAPTOP-R36BQBTE,2026-06-30T12:21:56.202Z,0,0.16326401872971674,False,0.132,Microsoft Word,screenshot_smart,M1-C-1
ses_20260630-121953-LAPTOP-R36BQBTE,2026-06-30T12:21:56.380Z,0,0.16587966884091548,False,0.178,Microsoft Word,mouse_scroll,M1-C-1
ses_20260630-121953-LAPTOP-R36BQBTE,2026-06-30T12:21:56.894Z,0,0.18600957598616688,False,0.514,Microsoft Word,shortcut,M1-C-1
ses_20260630-121953-LAPTOP-R36BQBTE,2026-06-30T12:21:56.894Z,0,0.16241810077185428,False,0.0,Microsoft Word,keystroke,M1-C-1
ses_20260630-121953-LAPTOP-R36BQBTE,2026-06-30T12:21:56.895Z,0,0.16916683775689137,False,0.001,Microsoft Word,keystroke,M1-C-1
ses_20260630-121953-LAPTOP-R36BQBTE,2026-06-30T12:21:57.042Z,0,0.08373556398565038,False,0.147,Microsoft Word,screenshot_smart,M1-C-1
ses_20260630-121953-LAPTOP-R36BQBTE,2026-06-30T12:21:57.789Z,0,0.10484721942589677,False,0.747,Microsoft Word,keystroke,M1-C-1
ses_20260630-121953-LAPTOP-R36BQBTE,2026-06-30T12:21:57.790Z,0,0.07722324409896421,False,0.001,Microsoft Word,keystroke,M1-C-1
ses_20260630-121953-LAPTOP-R36BQBTE,2026-06-30T12:21:57.876Z,0,0.08339073308832028,False,0.086,Microsoft Word,screenshot_smart,M1-C-1
ses_20260630-121953-LAPTOP-R36BQBTE,2026-06-30T12:22:13.439Z,0,0.983373030791773,True,15.563,Microsoft Word,app_switch,M1-C-1
ses_20260630-121953-LAPTOP-R36BQBTE,2026-06-30T12:22:13.483Z,0,0.0942840019705609,False,0.044,Microsoft Word,screenshot_smart,M1-C-1
ses_20260630-121953-LAPTOP-R36BQBTE,2026-06-30T12:22:13.742Z,0,0.10215616572186945,False,0.259,Microsoft Word,app_switch,M1-C-1
ses_20260630-121953-LAPTOP-R36BQBTE,2026-06-30T12:22:14.599Z,0,0.011581609568779178,False,0.857,Notepad,app_switch,M1-C-1
ses_20260630-121953-LAPTOP-R36BQBTE,2026-06-30T12:22:14.616Z,0,0.09570207652325077,False,0.017,Notepad,window_state_change,M1-C-1
ses_20260630-121953-LAPTOP-R36BQBTE,2026-06-30T12:22:14.628Z,0,0.09794012231133385,False,0.012,Notepad,screenshot_smart,M1-C-1
ses_20260630-121953-LAPTOP-R36BQBTE,2026-06-30T12:22:15.409Z,0,0.13300857533718213,False,0.781,Notepad,shortcut,M1-C-1
ses_20260630-121953-LAPTOP-R36BQBTE,2026-06-30T12:22:15.409Z,0,0.09750252414430542,False,0.0,Notepad,keystroke,M1-C-1
ses_20260630-121953-LAPTOP-R36BQBTE,2026-06-30T12:22:15.411Z,0,0.1019198639248708,False,0.002,Notepad,keystroke,M1-C-1
ses_20260630-121953-LAPTOP-R36BQBTE,2026-06-30T12:22:15.472Z,0,0.10417518461327963,False,0.061,Notepad,screenshot_smart,M1-C-1
ses_20260630-121953-LAPTOP-R36BQBTE,2026-06-30T12:22:15.548Z,0,0.10030365649363877,False,0.076,Notepad,mouse_scroll,M1-C-1
ses_20260630-121953-LAPTOP-R36BQBTE,2026-06-30T12:22:15.607Z,0,0.09541209640323625,False,0.059,Notepad,clipboard_change,M1-C-1
ses_20260630-121953-LAPTOP-R36BQBTE,2026-06-30T12:22:15.637Z,0,0.06835159070525637,False,0.03,Notepad,shortcut,M1-C-1
ses_20260630-121953-LAPTOP-R36BQBTE,2026-06-30T12:22:15.637Z,0,0.015351223883614578,False,0.0,Notepad,keystroke,M1-C-1
ses_20260630-121953-LAPTOP-R36BQBTE,2026-06-30T12:22:15.639Z,0,0.06136520814195867,False,0.002,Notepad,keystroke,M1-C-1
ses_20260630-121953-LAPTOP-R36BQBTE,2026-06-30T12:22:15.866Z,0,0.06235210922242072,False,0.227,Notepad,window_title_change,M1-C-1
ses_20260630-121953-LAPTOP-R36BQBTE,2026-06-30T12:22:15.884Z,0,0.0549193620933769,False,0.018,Notepad,shortcut,M1-C-1
ses_20260630-121953-LAPTOP-R36BQBTE,2026-06-30T12:22:15.884Z,0,0.05708359760087441,False,0.0,Notepad,keystroke,M1-C-1
ses_20260630-121953-LAPTOP-R36BQBTE,2026-06-30T12:22:15.886Z,0,0.057128136400554815,False,0.002,Notepad,keystroke,M1-C-1
ses_20260630-121953-LAPTOP-R36BQBTE,2026-06-30T12:22:17.992Z,0,0.12636914072846903,False,2.106,Notepad,app_switch,M1-C-1
ses_20260630-121953-LAPTOP-R36BQBTE,2026-06-30T12:22:18.121Z,0,0.060024086153720076,False,0.129,Notepad,screenshot_smart,M1-C-1
ses_20260630-121953-LAPTOP-R36BQBTE,2026-06-30T12:22:18.691Z,0,0.07117905940076949,False,0.57,Notepad,mouse_scroll,M1-C-1
ses_20260630-121953-LAPTOP-R36BQBTE,2026-06-30T12:22:18.724Z,0,0.1081939371012907,False,0.033,Notepad,app_switch,M1-C-1
ses_20260630-121953-LAPTOP-R36BQBTE,2026-06-30T12:22:18.762Z,0,0.11596530754027681,False,0.038,Notepad,screenshot_smart,M1-C-1
ses_20260630-121953-LAPTOP-R36BQBTE,2026-06-30T12:22:18.774Z,0,0.12282906117742706,False,0.012,Notepad,app_switch,M1-C-1
ses_20260630-121953-LAPTOP-R36BQBTE,2026-06-30T12:22:18.826Z,0,0.13315865678217942,False,0.052,Notepad,app_switch,M1-C-1
ses_20260630-121953-LAPTOP-R36BQBTE,2026-06-30T12:22:18.888Z,0,0.13363677213020927,False,0.062,Notepad,app_switch,M1-C-1
ses_20260630-121953-LAPTOP-R36BQBTE,2026-06-30T12:22:18.938Z,0,0.13628676011876545,False,0.05,Notepad,app_switch,M1-C-1
ses_20260630-121953-LAPTOP-R36BQBTE,2026-06-30T12:22:18.996Z,0,0.13997366078519327,False,0.058,Notepad,app_switch,M1-C-1
ses_20260630-121953-LAPTOP-R36BQBTE,2026-06-30T12:22:19.053Z,0,0.14328616755094692,False,0.057,Notepad,app_switch,M1-C-1
ses_20260630-121953-LAPTOP-R36BQBTE,2026-06-30T12:22:19.107Z,0,0.1431339257398202,False,0.054,Notepad,app_switch,M1-C-1
ses_20260630-121953-LAPTOP-R36BQBTE,2026-06-30T12:22:19.163Z,0,0.1432354053033502,False,0.056,Notepad,app_switch,M1-C-1
ses_20260630-121953-LAPTOP-R36BQBTE,2026-06-30T12:22:19.214Z,0,0.10705251949203054,False,0.051,Notepad,app_switch,M1-C-1
ses_20260630-121953-LAPTOP-R36BQBTE,2026-06-30T12:22:19.273Z,0,0.10281899244572729,False,0.059,Notepad,app_switch,M1-C-1
ses_20260630-121953-LAPTOP-R36BQBTE,2026-06-30T12:22:19.298Z,0,0.09719937548569281,False,0.025,Notepad,screenshot_smart,M1-C-1
ses_20260630-121953-LAPTOP-R36BQBTE,2026-06-30T12:22:19.322Z,0,0.09300032987378169,False,0.024,Notepad,app_switch,M1-C-1
ses_20260630-121953-LAPTOP-R36BQBTE,2026-06-30T12:22:20.334Z,0,0.13366708669547692,False,1.012,Notepad,app_switch,M1-C-1
ses_20260630-121953-LAPTOP-R36BQBTE,2026-06-30T12:22:20.440Z,0,0.09178659796492954,False,0.106,Notepad,screenshot_smart,M1-C-1
ses_20260630-121953-LAPTOP-R36BQBTE,2026-06-30T12:22:20.533Z,0,0.007642977204123517,False,0.093,Google Chrome,mouse_click,M1-C-1
ses_20260630-121953-LAPTOP-R36BQBTE,2026-06-30T12:22:20.966Z,0,0.13616524024552404,False,0.433,Google Chrome,shortcut,M1-C-1
ses_20260630-121953-LAPTOP-R36BQBTE,2026-06-30T12:22:20.966Z,0,0.11362295307334871,False,0.0,Google Chrome,keystroke,M1-C-1
ses_20260630-121953-LAPTOP-R36BQBTE,2026-06-30T12:22:20.967Z,0,0.11090742804889817,False,0.001,Google Chrome,keystroke,M1-C-1
ses_20260630-121953-LAPTOP-R36BQBTE,2026-06-30T12:22:21.077Z,0,0.11263669815844862,False,0.11,Google Chrome,screenshot_smart,M1-C-1
ses_20260630-121953-LAPTOP-R36BQBTE,2026-06-30T12:22:22.414Z,0,0.17413247737005225,False,1.337,Google Chrome,mouse_click,M1-C-1
ses_20260630-121953-LAPTOP-R36BQBTE,2026-06-30T12:22:29.004Z,1,0.7353578835856879,True,6.59,Google Chrome,mouse_click,M1-B-1
ses_20260630-121953-LAPTOP-R36BQBTE,2026-06-30T12:22:31.095Z,0,0.39348035135112014,False,2.091,Google Chrome,app_switch,M1-B-1
ses_20260630-121953-LAPTOP-R36BQBTE,2026-06-30T12:22:31.152Z,0,0.21858386679788916,False,0.057,Google Chrome,screenshot_smart,M1-B-1
ses_20260630-121953-LAPTOP-R36BQBTE,2026-06-30T12:22:31.810Z,0,0.2639820456610374,False,0.658,Google Chrome,shortcut,M1-B-1
ses_20260630-121953-LAPTOP-R36BQBTE,2026-06-30T12:22:31.810Z,0,0.20995866336779628,False,0.0,Google Chrome,keystroke,M1-B-1
ses_20260630-121953-LAPTOP-R36BQBTE,2026-06-30T12:22:31.812Z,0,0.2998158405829102,False,0.002,Google Chrome,keystroke,M1-B-1
ses_20260630-121953-LAPTOP-R36BQBTE,2026-06-30T12:22:31.891Z,0,0.3169246988857155,False,0.079,Google Chrome,screenshot_smart,M1-B-1
ses_20260630-121953-LAPTOP-R36BQBTE,2026-06-30T12:22:32.600Z,0,0.3938082844541281,False,0.709,Google Chrome,shortcut,M1-B-1
ses_20260630-121953-LAPTOP-R36BQBTE,2026-06-30T12:22:32.600Z,0,0.33711533333889687,False,0.0,Google Chrome,keystroke,M1-B-1
ses_20260630-121953-LAPTOP-R36BQBTE,2026-06-30T12:22:32.601Z,0,0.3310534062563293,False,0.001,Google Chrome,keystroke,M1-B-1
ses_20260630-121953-LAPTOP-R36BQBTE,2026-06-30T12:22:32.646Z,0,0.44792593747378945,False,0.045,Google Chrome,shortcut,M1-B-1
ses_20260630-121953-LAPTOP-R36BQBTE,2026-06-30T12:22:32.646Z,0,0.5618089462646498,True,0.0,Google Chrome,keystroke,M1-B-1
ses_20260630-121953-LAPTOP-R36BQBTE,2026-06-30T12:22:32.648Z,0,0.5551921323876695,True,0.002,Google Chrome,keystroke,M1-B-1
ses_20260630-121953-LAPTOP-R36BQBTE,2026-06-30T12:22:32.737Z,0,0.5572457623192796,True,0.089,Google Chrome,screenshot_smart,M1-B-1
ses_20260630-121953-LAPTOP-R36BQBTE,2026-06-30T12:22:33.113Z,0,0.6046170852652268,True,0.376,Google Chrome,keystroke,M1-B-1
ses_20260630-121953-LAPTOP-R36BQBTE,2026-06-30T12:22:33.114Z,0,0.35621396790475646,False,0.001,Google Chrome,keystroke,M1-B-1
ses_20260630-121953-LAPTOP-R36BQBTE,2026-06-30T12:22:37.317Z,0,0.7587886385287446,True,4.203,Google Chrome,keystroke,M1-B-1
ses_20260630-121953-LAPTOP-R36BQBTE,2026-06-30T12:22:37.318Z,0,0.3389705773306437,False,0.001,Google Chrome,keystroke,M1-B-1
ses_20260630-121953-LAPTOP-R36BQBTE,2026-06-30T12:22:37.396Z,0,0.34614247949337534,False,0.078,Google Chrome,screenshot_smart,M1-B-1
ses_20260630-121953-LAPTOP-R36BQBTE,2026-06-30T12:22:39.281Z,0,0.5467033250777895,True,1.885,Google Chrome,mouse_click,M1-B-1
ses_20260630-121953-LAPTOP-R36BQBTE,2026-06-30T12:22:39.728Z,0,0.30255504951161827,False,0.447,Google Chrome,clipboard_change,M1-B-1
ses_20260630-121953-LAPTOP-R36BQBTE,2026-06-30T12:22:39.758Z,0,0.10042901687792766,False,0.03,Google Chrome,shortcut,M1-B-1
ses_20260630-121953-LAPTOP-R36BQBTE,2026-06-30T12:22:39.758Z,0,0.10372665402120619,False,0.0,Google Chrome,keystroke,M1-B-1
ses_20260630-121953-LAPTOP-R36BQBTE,2026-06-30T12:22:39.760Z,0,0.10839211034867065,False,0.002,Google Chrome,keystroke,M1-B-1
ses_20260630-121953-LAPTOP-R36BQBTE,2026-06-30T12:22:39.842Z,0,0.10430930817741381,False,0.082,Google Chrome,screenshot_smart,M1-B-1
ses_20260630-121953-LAPTOP-R36BQBTE,2026-06-30T12:22:41.248Z,0,0.17150680255841108,False,1.406,Google Chrome,mouse_click,M1-B-1
ses_20260630-121953-LAPTOP-R36BQBTE,2026-06-30T12:23:25.385Z,1,0.9999999338681492,True,44.137,Google Chrome,mouse_click,M1-A-1
ses_20260630-121953-LAPTOP-R36BQBTE,2026-06-30T12:23:28.392Z,0,0.5007363186962547,True,3.007,Google Chrome,app_switch,M1-A-1
ses_20260630-121953-LAPTOP-R36BQBTE,2026-06-30T12:23:28.498Z,0,0.23699909940732947,False,0.106,Google Chrome,screenshot_smart,M1-A-1
ses_20260630-121953-LAPTOP-R36BQBTE,2026-06-30T12:23:29.219Z,0,0.27623075124886015,False,0.721,Google Chrome,shortcut,M1-A-1
ses_20260630-121953-LAPTOP-R36BQBTE,2026-06-30T12:23:29.219Z,0,0.3028746006912126,False,0.0,Google Chrome,keystroke,M1-A-1
ses_20260630-121953-LAPTOP-R36BQBTE,2026-06-30T12:23:29.220Z,0,0.4432965037089586,False,0.001,Google Chrome,keystroke,M1-A-1
ses_20260630-121953-LAPTOP-R36BQBTE,2026-06-30T12:23:29.335Z,0,0.4549611065976679,False,0.115,Google Chrome,screenshot_smart,M1-A-1
ses_20260630-121953-LAPTOP-R36BQBTE,2026-06-30T12:23:29.942Z,0,0.5126225255849498,True,0.607,Google Chrome,shortcut,M1-A-1
ses_20260630-121953-LAPTOP-R36BQBTE,2026-06-30T12:23:29.942Z,0,0.462033894385301,False,0.0,Google Chrome,keystroke,M1-A-1
ses_20260630-121953-LAPTOP-R36BQBTE,2026-06-30T12:23:29.944Z,0,0.4433985725784359,False,0.002,Google Chrome,keystroke,M1-A-1
ses_20260630-121953-LAPTOP-R36BQBTE,2026-06-30T12:23:29.977Z,0,0.5531052636306166,True,0.033,Google Chrome,screenshot_smart,M1-A-1
ses_20260630-121953-LAPTOP-R36BQBTE,2026-06-30T12:23:29.988Z,0,0.6591644686110928,True,0.011,Google Chrome,shortcut,M1-A-1
ses_20260630-121953-LAPTOP-R36BQBTE,2026-06-30T12:23:29.988Z,0,0.6408311493849698,True,0.0,Google Chrome,keystroke,M1-A-1
ses_20260630-121953-LAPTOP-R36BQBTE,2026-06-30T12:23:29.989Z,0,0.634535661770525,True,0.001,Google Chrome,keystroke,M1-A-1
ses_20260630-121953-LAPTOP-R36BQBTE,2026-06-30T12:23:30.319Z,0,0.4566871323449944,False,0.33,Google Chrome,keystroke,M1-A-1
ses_20260630-121953-LAPTOP-R36BQBTE,2026-06-30T12:23:30.321Z,0,0.3563088191827341,False,0.002,Google Chrome,keystroke,M1-A-1
ses_20260630-121953-LAPTOP-R36BQBTE,2026-06-30T12:23:34.272Z,0,0.7392022295489606,True,3.951,Google Chrome,keystroke,M1-A-1
ses_20260630-121953-LAPTOP-R36BQBTE,2026-06-30T12:23:34.274Z,0,0.3390632553156552,False,0.002,Google Chrome,keystroke,M1-A-1
ses_20260630-121953-LAPTOP-R36BQBTE,2026-06-30T12:23:34.328Z,0,0.3438993836594284,False,0.054,Google Chrome,screenshot_smart,M1-A-1
ses_20260630-121953-LAPTOP-R36BQBTE,2026-06-30T12:23:35.349Z,0,0.4576075072812543,False,1.021,Google Chrome,app_switch,M1-A-1
ses_20260630-121953-LAPTOP-R36BQBTE,2026-06-30T12:23:35.372Z,0,0.1952022428308863,False,0.023,Google Chrome,screenshot_smart,M1-A-1
ses_20260630-121953-LAPTOP-R36BQBTE,2026-06-30T12:23:35.897Z,0,0.10728254034290069,False,0.525,Google Chrome,shortcut,M1-A-1
ses_20260630-121953-LAPTOP-R36BQBTE,2026-06-30T12:23:35.897Z,0,0.09215946259289613,False,0.0,Google Chrome,keystroke,M1-A-1
ses_20260630-121953-LAPTOP-R36BQBTE,2026-06-30T12:23:35.899Z,0,0.09636058134597539,False,0.002,Google Chrome,keystroke,M1-A-1
ses_20260630-121953-LAPTOP-R36BQBTE,2026-06-30T12:23:36.005Z,0,0.10017151124547714,False,0.106,Google Chrome,screenshot_smart,M1-A-1
ses_20260630-121953-LAPTOP-R36BQBTE,2026-06-30T12:23:36.125Z,0,0.10322740281249033,False,0.12,Google Chrome,shortcut,M1-A-1
ses_20260630-121953-LAPTOP-R36BQBTE,2026-06-30T12:23:36.125Z,0,0.09872269047356348,False,0.0,Google Chrome,keystroke,M1-A-1
ses_20260630-121953-LAPTOP-R36BQBTE,2026-06-30T12:23:36.126Z,0,0.10315072193410439,False,0.001,Google Chrome,keystroke,M1-A-1
ses_20260630-121953-LAPTOP-R36BQBTE,2026-06-30T12:23:36.372Z,0,0.1129087146635488,False,0.246,Google Chrome,shortcut,M1-A-1
ses_20260630-121953-LAPTOP-R36BQBTE,2026-06-30T12:23:36.372Z,0,0.09628857936533103,False,0.0,Google Chrome,keystroke,M1-A-1
ses_20260630-121953-LAPTOP-R36BQBTE,2026-06-30T12:23:36.374Z,0,0.08993871919996313,False,0.002,Google Chrome,keystroke,M1-A-1
ses_20260630-121953-LAPTOP-R36BQBTE,2026-06-30T12:23:39.996Z,0,0.30051060825953174,False,3.622,Google Chrome,mouse_click,M1-A-1
ses_20260630-121953-LAPTOP-R36BQBTE,2026-06-30T12:23:40.576Z,0,0.15851795753966194,False,0.58,Google Chrome,shortcut,M1-A-1
ses_20260630-121953-LAPTOP-R36BQBTE,2026-06-30T12:23:40.576Z,0,0.12907343678219618,False,0.0,Google Chrome,keystroke,M1-A-1
ses_20260630-121953-LAPTOP-R36BQBTE,2026-06-30T12:23:40.578Z,0,0.129166450397004,False,0.002,Google Chrome,keystroke,M1-A-1
ses_20260630-121953-LAPTOP-R36BQBTE,2026-06-30T12:23:40.616Z,0,0.12244151574773121,False,0.038,Google Chrome,clipboard_change,M1-A-1
ses_20260630-121953-LAPTOP-R36BQBTE,2026-06-30T12:23:40.652Z,0,0.09164626424412241,False,0.036,Google Chrome,screenshot_smart,M1-A-1
ses_20260630-121953-LAPTOP-R36BQBTE,2026-06-30T12:23:42.544Z,0,0.1826610612898566,False,1.892,Google Chrome,mouse_click,M1-A-1
ses_20260630-121953-LAPTOP-R36BQBTE,2026-06-30T12:23:45.607Z,0,0.35883669372027005,False,3.063,Google Chrome,app_switch,M1-A-1
ses_20260630-121953-LAPTOP-R36BQBTE,2026-06-30T12:23:45.707Z,0,0.15061070603422172,False,0.1,Google Chrome,screenshot_smart,M1-A-1
ses_20260630-121953-LAPTOP-R36BQBTE,2026-06-30T12:23:46.174Z,1,0.1821299104312818,False,0.467,Google Chrome,app_switch,M1-M-1
ses_20260630-121953-LAPTOP-R36BQBTE,2026-06-30T12:23:46.218Z,0,0.16785871819028683,False,0.044,Google Chrome,app_switch,M1-M-1
ses_20260630-121953-LAPTOP-R36BQBTE,2026-06-30T12:23:46.252Z,0,0.24056785587060295,False,0.034,Google Chrome,screenshot_smart,M1-M-1
ses_20260630-121953-LAPTOP-R36BQBTE,2026-06-30T12:23:46.284Z,0,0.245504551261145,False,0.032,Google Chrome,app_switch,M1-M-1
ses_20260630-121953-LAPTOP-R36BQBTE,2026-06-30T12:23:46.330Z,0,0.2517536236439539,False,0.046,Google Chrome,app_switch,M1-M-1
ses_20260630-121953-LAPTOP-R36BQBTE,2026-06-30T12:23:46.381Z,0,0.26675226221553006,False,0.051,Google Chrome,app_switch,M1-M-1
ses_20260630-121953-LAPTOP-R36BQBTE,2026-06-30T12:23:46.437Z,0,0.4070934106472529,False,0.056,Google Chrome,app_switch,M1-M-1
ses_20260630-121953-LAPTOP-R36BQBTE,2026-06-30T12:23:46.494Z,0,0.39556748510779516,False,0.057,Google Chrome,app_switch,M1-M-1
ses_20260630-121953-LAPTOP-R36BQBTE,2026-06-30T12:23:46.543Z,0,0.5070418700127963,True,0.049,Google Chrome,app_switch,M1-M-1
ses_20260630-121953-LAPTOP-R36BQBTE,2026-06-30T12:23:46.603Z,0,0.4960827720798749,False,0.06,Google Chrome,app_switch,M1-M-1
ses_20260630-121953-LAPTOP-R36BQBTE,2026-06-30T12:23:46.653Z,0,0.4829583300581412,False,0.05,Google Chrome,app_switch,M1-M-1
ses_20260630-121953-LAPTOP-R36BQBTE,2026-06-30T12:23:46.709Z,0,0.4715060076463571,False,0.056,Google Chrome,app_switch,M1-M-1
ses_20260630-121953-LAPTOP-R36BQBTE,2026-06-30T12:23:46.764Z,0,0.2641746683604604,False,0.055,Google Chrome,app_switch,M1-M-1
ses_20260630-121953-LAPTOP-R36BQBTE,2026-06-30T12:23:46.791Z,0,0.2526835787363783,False,0.027,Google Chrome,screenshot_smart,M1-M-1
ses_20260630-121953-LAPTOP-R36BQBTE,2026-06-30T12:23:46.825Z,0,0.2441899704743406,False,0.034,Google Chrome,app_switch,M1-M-1
ses_20260630-121953-LAPTOP-R36BQBTE,2026-06-30T12:23:49.370Z,0,0.4651268559277392,False,2.545,Google Chrome,app_switch,M1-M-1
ses_20260630-121953-LAPTOP-R36BQBTE,2026-06-30T12:23:49.434Z,0,0.18297942066927453,False,0.064,Google Chrome,app_switch,M1-M-1
ses_20260630-121953-LAPTOP-R36BQBTE,2026-06-30T12:23:49.436Z,0,0.17917707113771006,False,0.002,Google Chrome,screenshot_smart,M1-M-1
ses_20260630-121953-LAPTOP-R36BQBTE,2026-06-30T12:23:49.469Z,0,0.08173671878079042,False,0.033,Google Chrome,app_switch,M1-M-1
ses_20260630-121953-LAPTOP-R36BQBTE,2026-06-30T12:23:49.532Z,0,0.08267282393479278,False,0.063,Google Chrome,app_switch,M1-M-1
ses_20260630-121953-LAPTOP-R36BQBTE,2026-06-30T12:23:49.583Z,0,0.08229721693471875,False,0.051,Google Chrome,app_switch,M1-M-1
ses_20260630-121953-LAPTOP-R36BQBTE,2026-06-30T12:23:49.636Z,0,0.08235971004194853,False,0.053,Google Chrome,app_switch,M1-M-1
ses_20260630-121953-LAPTOP-R36BQBTE,2026-06-30T12:23:49.695Z,0,0.08254744861278772,False,0.059,Google Chrome,app_switch,M1-M-1
ses_20260630-121953-LAPTOP-R36BQBTE,2026-06-30T12:23:49.740Z,0,0.08210999653491675,False,0.045,Google Chrome,app_switch,M1-M-1
ses_20260630-121953-LAPTOP-R36BQBTE,2026-06-30T12:23:49.807Z,0,0.08279837249490415,False,0.067,Google Chrome,app_switch,M1-M-1
ses_20260630-121953-LAPTOP-R36BQBTE,2026-06-30T12:23:49.856Z,0,0.08223476699671851,False,0.049,Google Chrome,app_switch,M1-M-1
ses_20260630-121953-LAPTOP-R36BQBTE,2026-06-30T12:23:49.902Z,0,0.08214117298089546,False,0.046,Google Chrome,app_switch,M1-M-1
ses_20260630-121953-LAPTOP-R36BQBTE,2026-06-30T12:23:49.965Z,0,0.08267282393479278,False,0.063,Google Chrome,app_switch,M1-M-1
ses_20260630-121953-LAPTOP-R36BQBTE,2026-06-30T12:23:49.971Z,0,0.08090249062997416,False,0.006,Google Chrome,screenshot_smart,M1-M-1
ses_20260630-121953-LAPTOP-R36BQBTE,2026-06-30T12:23:50.022Z,0,0.08229721693471875,False,0.051,Google Chrome,app_switch,M1-M-1
ses_20260630-121953-LAPTOP-R36BQBTE,2026-06-30T12:23:51.286Z,0,0.1289968541749494,False,1.264,Google Chrome,app_switch,M1-M-1
ses_20260630-121953-LAPTOP-R36BQBTE,2026-06-30T12:23:51.308Z,0,0.08139590620700797,False,0.022,Google Chrome,screenshot_smart,M1-M-1
ses_20260630-121953-LAPTOP-R36BQBTE,2026-06-30T12:23:51.482Z,0,0.020444305522909947,False,0.174,Google Chrome,mouse_click,M1-M-1
ses_20260630-121953-LAPTOP-R36BQBTE,2026-06-30T12:23:54.252Z,0,0.2929780539358592,False,2.77,Google Chrome,app_switch,M1-M-1
ses_20260630-121953-LAPTOP-R36BQBTE,2026-06-30T12:23:54.354Z,0,0.12084961862161303,False,0.102,Google Chrome,screenshot_smart,M1-M-1
ses_20260630-121953-LAPTOP-R36BQBTE,2026-06-30T12:23:55.850Z,0,0.01929568632503271,False,1.496,Microsoft Word,app_switch,M1-M-1
ses_20260630-121953-LAPTOP-R36BQBTE,2026-06-30T12:23:55.875Z,0,0.11750678064834408,False,0.025,Microsoft Word,app_switch,M1-M-1
ses_20260630-121953-LAPTOP-R36BQBTE,2026-06-30T12:23:55.910Z,0,0.11793634291515447,False,0.035,Microsoft Word,screenshot_smart,M1-M-1
ses_20260630-121953-LAPTOP-R36BQBTE,2026-06-30T12:23:56.216Z,0,0.13010421247570952,False,0.306,Microsoft Word,app_switch,M1-M-1
ses_20260630-121953-LAPTOP-R36BQBTE,2026-06-30T12:23:56.237Z,0,0.11733533583742767,False,0.021,Microsoft Word,window_title_change,M1-M-1
ses_20260630-121953-LAPTOP-R36BQBTE,2026-06-30T12:23:56.454Z,0,0.12599468547603,False,0.217,Microsoft Word,shortcut,M1-M-1
ses_20260630-121953-LAPTOP-R36BQBTE,2026-06-30T12:23:56.454Z,0,0.11362295307334871,False,0.0,Microsoft Word,keystroke,M1-M-1
ses_20260630-121953-LAPTOP-R36BQBTE,2026-06-30T12:23:56.456Z,0,0.11094821698465741,False,0.002,Microsoft Word,keystroke,M1-M-1
ses_20260630-121953-LAPTOP-R36BQBTE,2026-06-30T12:23:56.557Z,0,0.17307706949206625,False,0.101,Microsoft Word,screenshot_smart,M1-M-1
ses_20260630-121953-LAPTOP-R36BQBTE,2026-06-30T12:23:58.198Z,0,0.2835228814680731,False,1.641,Microsoft Word,shortcut,M1-M-1
ses_20260630-121953-LAPTOP-R36BQBTE,2026-06-30T12:23:58.198Z,0,0.1633639248160677,False,0.0,Microsoft Word,keystroke,M1-M-1
ses_20260630-121953-LAPTOP-R36BQBTE,2026-06-30T12:23:58.200Z,0,0.15972926974820634,False,0.002,Microsoft Word,keystroke,M1-M-1
ses_20260630-121953-LAPTOP-R36BQBTE,2026-06-30T12:23:58.302Z,0,0.1615761107277756,False,0.102,Microsoft Word,screenshot_smart,M1-M-1
ses_20260630-121953-LAPTOP-R36BQBTE,2026-06-30T12:23:59.268Z,0,0.21598655886284074,False,0.966,Microsoft Word,shortcut,M1-M-1
ses_20260630-121953-LAPTOP-R36BQBTE,2026-06-30T12:23:59.268Z,0,0.15233604551282726,False,0.0,Microsoft Word,keystroke,M1-M-1
ses_20260630-121953-LAPTOP-R36BQBTE,2026-06-30T12:23:59.269Z,0,0.1488506730742007,False,0.001,Microsoft Word,keystroke,M1-M-1
ses_20260630-121953-LAPTOP-R36BQBTE,2026-06-30T12:23:59.444Z,0,0.1647513413573805,False,0.175,Microsoft Word,screenshot_smart,M1-M-1
ses_20260630-121953-LAPTOP-R36BQBTE,2026-06-30T12:24:00.486Z,0,0.2334980192350494,False,1.042,Microsoft Word,keystroke,M1-M-1
ses_20260630-121953-LAPTOP-R36BQBTE,2026-06-30T12:24:00.487Z,0,0.07722324409896421,False,0.001,Microsoft Word,keystroke,M1-M-1
ses_20260630-121953-LAPTOP-R36BQBTE,2026-06-30T12:24:00.580Z,0,0.07796672364635024,False,0.093,Microsoft Word,screenshot_smart,M1-M-1
ses_20260630-121953-LAPTOP-R36BQBTE,2026-06-30T12:24:08.943Z,0,0.7361590377330995,True,8.363,Microsoft Word,app_switch,M1-M-1
ses_20260630-121953-LAPTOP-R36BQBTE,2026-06-30T12:24:09.052Z,0,0.09016832285665939,False,0.109,Microsoft Word,screenshot_smart,M1-M-1
ses_20260630-121953-LAPTOP-R36BQBTE,2026-06-30T12:24:09.249Z,0,0.09982812628886863,False,0.197,Microsoft Word,app_switch,M1-M-1
ses_20260630-121953-LAPTOP-R36BQBTE,2026-06-30T12:24:09.826Z,0,0.010328239948683534,False,0.577,Notepad,app_switch,M1-M-1
ses_20260630-121953-LAPTOP-R36BQBTE,2026-06-30T12:24:09.893Z,0,0.10184856783080871,False,0.067,Notepad,screenshot_smart,M1-M-1
ses_20260630-121953-LAPTOP-R36BQBTE,2026-06-30T12:24:10.635Z,0,0.13923822455716806,False,0.742,Notepad,shortcut,M1-M-1
ses_20260630-121953-LAPTOP-R36BQBTE,2026-06-30T12:24:10.635Z,0,0.10635637283225635,False,0.0,Notepad,keystroke,M1-M-1
ses_20260630-121953-LAPTOP-R36BQBTE,2026-06-30T12:24:10.637Z,0,0.09941561848836449,False,0.002,Notepad,keystroke,M1-M-1
ses_20260630-121953-LAPTOP-R36BQBTE,2026-06-30T12:24:10.726Z,0,0.10268391157698212,False,0.089,Notepad,screenshot_smart,M1-M-1
ses_20260630-121953-LAPTOP-R36BQBTE,2026-06-30T12:24:10.861Z,0,0.11178091220191173,False,0.135,Notepad,shortcut,M1-M-1
ses_20260630-121953-LAPTOP-R36BQBTE,2026-06-30T12:24:10.861Z,0,0.09934158469695008,False,0.0,Notepad,keystroke,M1-M-1
ses_20260630-121953-LAPTOP-R36BQBTE,2026-06-30T12:24:10.863Z,0,0.09281106758574843,False,0.002,Notepad,keystroke,M1-M-1
ses_20260630-121953-LAPTOP-R36BQBTE,2026-06-30T12:24:11.109Z,0,0.0949258960318785,False,0.246,Notepad,shortcut,M1-M-1
ses_20260630-121953-LAPTOP-R36BQBTE,2026-06-30T12:24:11.109Z,0,0.08437587634842722,False,0.0,Notepad,keystroke,M1-M-1
ses_20260630-121953-LAPTOP-R36BQBTE,2026-06-30T12:24:11.111Z,0,0.07874316149850624,False,0.002,Notepad,keystroke,M1-M-1
ses_20260630-121953-LAPTOP-R36BQBTE,2026-06-30T12:24:11.256Z,0,0.07752534654326211,False,0.145,Notepad,screenshot_smart,M1-M-1
ses_20260630-121953-LAPTOP-R36BQBTE,2026-06-30T12:24:12.946Z,0,0.1406618381992486,False,1.69,Notepad,app_switch,M1-M-1
ses_20260630-121953-LAPTOP-R36BQBTE,2026-06-30T12:24:12.994Z,0,0.08219727455226547,False,0.048,Notepad,screenshot_smart,M1-M-1
ses_20260630-121953-LAPTOP-R36BQBTE,2026-06-30T12:24:13.917Z,0,0.11677704115765021,False,0.923,Notepad,app_switch,M1-M-1
ses_20260630-121953-LAPTOP-R36BQBTE,2026-06-30T12:24:13.966Z,0,0.08067784845176834,False,0.049,Notepad,mouse_scroll,M1-M-1
ses_20260630-121953-LAPTOP-R36BQBTE,2026-06-30T12:24:13.981Z,0,0.08539659906489203,False,0.015,Notepad,app_switch,M1-M-1
ses_20260630-121953-LAPTOP-R36BQBTE,2026-06-30T12:24:14.045Z,0,0.09322584872280233,False,0.064,Notepad,screenshot_smart,M1-M-1
ses_20260630-121953-LAPTOP-R36BQBTE,2026-06-30T12:24:14.073Z,0,0.09852630945072441,False,0.028,Notepad,app_switch,M1-M-1
ses_20260630-121953-LAPTOP-R36BQBTE,2026-06-30T12:24:14.127Z,0,0.1065092799879742,False,0.054,Notepad,app_switch,M1-M-1
ses_20260630-121953-LAPTOP-R36BQBTE,2026-06-30T12:24:14.186Z,0,0.11417513661583546,False,0.059,Notepad,app_switch,M1-M-1
ses_20260630-121953-LAPTOP-R36BQBTE,2026-06-30T12:24:14.248Z,0,0.12222842679179592,False,0.062,Notepad,app_switch,M1-M-1
ses_20260630-121953-LAPTOP-R36BQBTE,2026-06-30T12:24:14.291Z,0,0.11632093714459735,False,0.043,Notepad,app_switch,M1-M-1
ses_20260630-121953-LAPTOP-R36BQBTE,2026-06-30T12:24:14.352Z,0,0.11217800223462321,False,0.061,Notepad,app_switch,M1-M-1
ses_20260630-121953-LAPTOP-R36BQBTE,2026-06-30T12:24:14.402Z,0,0.10701299037631017,False,0.05,Notepad,app_switch,M1-M-1
ses_20260630-121953-LAPTOP-R36BQBTE,2026-06-30T12:24:14.463Z,0,0.10744851789760866,False,0.061,Notepad,app_switch,M1-M-1
ses_20260630-121953-LAPTOP-R36BQBTE,2026-06-30T12:24:14.483Z,0,0.10134056463849572,False,0.02,Notepad,screenshot_smart,M1-M-1
ses_20260630-121953-LAPTOP-R36BQBTE,2026-06-30T12:24:14.532Z,0,0.09807389144903389,False,0.049,Notepad,app_switch,M1-M-1
ses_20260630-121953-LAPTOP-R36BQBTE,2026-06-30T12:24:15.410Z,0,0.12737867211968582,False,0.878,Notepad,app_switch,M1-M-1
ses_20260630-121953-LAPTOP-R36BQBTE,2026-06-30T12:24:15.423Z,0,0.08863016704931671,False,0.013,Notepad,screenshot_smart,M1-M-1
ses_20260630-121953-LAPTOP-R36BQBTE,2026-06-30T12:24:15.606Z,0,0.00793053152495244,False,0.183,Google Chrome,mouse_click,M1-M-1
ses_20260630-121953-LAPTOP-R36BQBTE,2026-06-30T12:24:16.037Z,0,0.13606797423766617,False,0.431,Google Chrome,shortcut,M1-M-1
ses_20260630-121953-LAPTOP-R36BQBTE,2026-06-30T12:24:16.037Z,0,0.11362295307334871,False,0.0,Google Chrome,keystroke,M1-M-1
ses_20260630-121953-LAPTOP-R36BQBTE,2026-06-30T12:24:16.039Z,0,0.11094821698465741,False,0.002,Google Chrome,keystroke,M1-M-1
ses_20260630-121953-LAPTOP-R36BQBTE,2026-06-30T12:24:16.162Z,0,0.11317520843801895,False,0.123,Google Chrome,screenshot_smart,M1-M-1
ses_20260630-121953-LAPTOP-R36BQBTE,2026-06-30T12:24:17.495Z,0,0.17389469433484014,False,1.333,Google Chrome,mouse_click,M1-M-1
ses_20260630-121953-LAPTOP-R36BQBTE,2026-06-30T12:24:20.531Z,0,0.38985957826399764,False,3.036,Google Chrome,app_switch,M1-M-1
ses_20260630-121953-LAPTOP-R36BQBTE,2026-06-30T12:24:20.615Z,0,0.1585834764791095,False,0.084,Google Chrome,screenshot_smart,M1-M-1
ses_20260630-121953-LAPTOP-R36BQBTE,2026-06-30T12:24:21.234Z,1,0.19038081070026605,False,0.619,Google Chrome,app_switch,M1-C-2
ses_20260630-121953-LAPTOP-R36BQBTE,2026-06-30T12:24:21.243Z,0,0.154488178577734,False,0.009,Google Chrome,app_switch,M1-C-2
ses_20260630-121953-LAPTOP-R36BQBTE,2026-06-30T12:24:21.251Z,0,0.15443416315916128,False,0.008,Google Chrome,screenshot_smart,M1-C-2
ses_20260630-121953-LAPTOP-R36BQBTE,2026-06-30T12:24:21.260Z,0,0.23218935629361126,False,0.009,Google Chrome,app_switch,M1-C-2
ses_20260630-121953-LAPTOP-R36BQBTE,2026-06-30T12:24:21.326Z,0,0.25042153496195513,False,0.066,Google Chrome,app_switch,M1-C-2
ses_20260630-121953-LAPTOP-R36BQBTE,2026-06-30T12:24:21.367Z,0,0.26295717915661293,False,0.041,Google Chrome,app_switch,M1-C-2
ses_20260630-121953-LAPTOP-R36BQBTE,2026-06-30T12:24:21.420Z,0,0.27895691132206957,False,0.053,Google Chrome,app_switch,M1-C-2
ses_20260630-121953-LAPTOP-R36BQBTE,2026-06-30T12:24:21.549Z,0,0.285322942789543,False,0.129,Google Chrome,app_switch,M1-C-2
ses_20260630-121953-LAPTOP-R36BQBTE,2026-06-30T12:24:21.557Z,0,0.3859382189568883,False,0.008,Google Chrome,app_switch,M1-C-2
ses_20260630-121953-LAPTOP-R36BQBTE,2026-06-30T12:24:21.588Z,0,0.3881950069022634,False,0.031,Google Chrome,app_switch,M1-C-2
ses_20260630-121953-LAPTOP-R36BQBTE,2026-06-30T12:24:21.644Z,0,0.3906534848231914,False,0.056,Google Chrome,app_switch,M1-C-2
ses_20260630-121953-LAPTOP-R36BQBTE,2026-06-30T12:24:21.694Z,0,0.39006293831564004,False,0.05,Google Chrome,app_switch,M1-C-2
ses_20260630-121953-LAPTOP-R36BQBTE,2026-06-30T12:24:24.640Z,0,0.6793300616723678,True,2.946,Google Chrome,app_switch,M1-C-2
ses_20260630-121953-LAPTOP-R36BQBTE,2026-06-30T12:24:24.670Z,0,0.2033983366962722,False,0.03,Google Chrome,app_switch,M1-C-2
ses_20260630-121953-LAPTOP-R36BQBTE,2026-06-30T12:24:24.684Z,0,0.19463119975691118,False,0.014,Google Chrome,app_switch,M1-C-2
ses_20260630-121953-LAPTOP-R36BQBTE,2026-06-30T12:24:24.702Z,0,0.18741006878731606,False,0.018,Google Chrome,screenshot_smart,M1-C-2
ses_20260630-121953-LAPTOP-R36BQBTE,2026-06-30T12:24:24.733Z,0,0.18094784832181196,False,0.031,Google Chrome,app_switch,M1-C-2
ses_20260630-121953-LAPTOP-R36BQBTE,2026-06-30T12:24:24.791Z,0,0.18260873173500894,False,0.058,Google Chrome,app_switch,M1-C-2
ses_20260630-121953-LAPTOP-R36BQBTE,2026-06-30T12:24:24.841Z,0,0.08226598657102585,False,0.05,Google Chrome,app_switch,M1-C-2
ses_20260630-121953-LAPTOP-R36BQBTE,2026-06-30T12:24:24.980Z,0,0.0850880838369295,False,0.139,Google Chrome,app_switch,M1-C-2
ses_20260630-121953-LAPTOP-R36BQBTE,2026-06-30T12:24:24.989Z,0,0.0809947978010817,False,0.009,Google Chrome,app_switch,M1-C-2
ses_20260630-121953-LAPTOP-R36BQBTE,2026-06-30T12:24:25.013Z,0,0.08145777564690097,False,0.024,Google Chrome,app_switch,M1-C-2
ses_20260630-121953-LAPTOP-R36BQBTE,2026-06-30T12:24:25.084Z,0,0.08292409448026962,False,0.071,Google Chrome,app_switch,M1-C-2
ses_20260630-121953-LAPTOP-R36BQBTE,2026-06-30T12:24:25.167Z,0,0.08330230285999739,False,0.083,Google Chrome,app_switch,M1-C-2
ses_20260630-121953-LAPTOP-R36BQBTE,2026-06-30T12:24:25.244Z,0,0.08311300304015871,False,0.077,Google Chrome,screenshot_smart,M1-C-2
ses_20260630-121953-LAPTOP-R36BQBTE,2026-06-30T12:24:26.134Z,0,0.1125915799006437,False,0.89,Google Chrome,app_switch,M1-C-2
ses_20260630-121953-LAPTOP-R36BQBTE,2026-06-30T12:24:26.183Z,0,0.08223476699671851,False,0.049,Google Chrome,screenshot_smart,M1-C-2
ses_20260630-121953-LAPTOP-R36BQBTE,2026-06-30T12:24:26.265Z,0,0.019696050577178704,False,0.082,Google Chrome,mouse_click,M1-C-2
ses_20260630-121953-LAPTOP-R36BQBTE,2026-06-30T12:24:28.885Z,0,0.28029439909229736,False,2.62,Google Chrome,app_switch,M1-C-2
ses_20260630-121953-LAPTOP-R36BQBTE,2026-06-30T12:24:28.934Z,0,0.11854001500274555,False,0.049,Google Chrome,screenshot_smart,M1-C-2
ses_20260630-121953-LAPTOP-R36BQBTE,2026-06-30T12:24:31.593Z,0,0.2835597594950223,False,2.659,Google Chrome,shortcut,M1-C-2
ses_20260630-121953-LAPTOP-R36BQBTE,2026-06-30T12:24:31.593Z,0,0.11362295307334871,False,0.0,Google Chrome,keystroke,M1-C-2
ses_20260630-121953-LAPTOP-R36BQBTE,2026-06-30T12:24:31.595Z,0,0.11094821698465741,False,0.002,Google Chrome,keystroke,M1-C-2
ses_20260630-121953-LAPTOP-R36BQBTE,2026-06-30T12:24:31.685Z,0,0.11181258954868378,False,0.09,Google Chrome,screenshot_smart,M1-C-2
ses_20260630-121953-LAPTOP-R36BQBTE,2026-06-30T12:24:33.334Z,0,0.19347611329388156,False,1.649,Google Chrome,shortcut,M1-C-2
ses_20260630-121953-LAPTOP-R36BQBTE,2026-06-30T12:24:33.334Z,0,0.10552930496098985,False,0.0,Google Chrome,keystroke,M1-C-2
ses_20260630-121953-LAPTOP-R36BQBTE,2026-06-30T12:24:33.336Z,0,0.10302295208841245,False,0.002,Google Chrome,keystroke,M1-C-2
ses_20260630-121953-LAPTOP-R36BQBTE,2026-06-30T12:24:33.426Z,0,0.10383279180550486,False,0.09,Google Chrome,screenshot_smart,M1-C-2
ses_20260630-121953-LAPTOP-R36BQBTE,2026-06-30T12:24:34.773Z,0,0.2438596655197162,False,1.347,Google Chrome,shortcut,M1-C-2
ses_20260630-121953-LAPTOP-R36BQBTE,2026-06-30T12:24:34.773Z,0,0.15233604551282726,False,0.0,Google Chrome,keystroke,M1-C-2
ses_20260630-121953-LAPTOP-R36BQBTE,2026-06-30T12:24:34.774Z,0,0.1488506730742007,False,0.001,Google Chrome,keystroke,M1-C-2
ses_20260630-121953-LAPTOP-R36BQBTE,2026-06-30T12:24:34.869Z,0,0.1602486765823027,False,0.095,Google Chrome,screenshot_smart,M1-C-2
ses_20260630-121953-LAPTOP-R36BQBTE,2026-06-30T12:24:35.764Z,0,0.22279350886502217,False,0.895,Google Chrome,keystroke,M1-C-2
ses_20260630-121953-LAPTOP-R36BQBTE,2026-06-30T12:24:35.765Z,0,0.17209984579714646,False,0.001,Google Chrome,keystroke,M1-C-2
ses_20260630-121953-LAPTOP-R36BQBTE,2026-06-30T12:24:35.804Z,0,0.17040442928735544,False,0.039,Google Chrome,screenshot_smart,M1-C-2
ses_20260630-121953-LAPTOP-R36BQBTE,2026-06-30T12:24:43.101Z,0,0.8168405840851924,True,7.297,Google Chrome,app_switch,M1-C-2
ses_20260630-121953-LAPTOP-R36BQBTE,2026-06-30T12:24:43.180Z,0,0.19558505244970262,False,0.079,Google Chrome,screenshot_smart,M1-C-2
ses_20260630-121953-LAPTOP-R36BQBTE,2026-06-30T12:24:43.984Z,0,0.26149349269513256,False,0.804,Google Chrome,shortcut,M1-C-2
ses_20260630-121953-LAPTOP-R36BQBTE,2026-06-30T12:24:43.984Z,0,0.09044000990109366,False,0.0,Google Chrome,keystroke,M1-C-2
ses_20260630-121953-LAPTOP-R36BQBTE,2026-06-30T12:24:43.985Z,0,0.09453550376516358,False,0.001,Google Chrome,keystroke,M1-C-2
ses_20260630-121953-LAPTOP-R36BQBTE,2026-06-30T12:24:44.020Z,0,0.10001817055752037,False,0.035,Google Chrome,screenshot_smart,M1-C-2
ses_20260630-121953-LAPTOP-R36BQBTE,2026-06-30T12:24:44.151Z,0,0.10624762091412042,False,0.131,Google Chrome,clipboard_change,M1-C-2
ses_20260630-121953-LAPTOP-R36BQBTE,2026-06-30T12:24:44.212Z,0,0.07188967982813795,False,0.061,Google Chrome,shortcut,M1-C-2
ses_20260630-121953-LAPTOP-R36BQBTE,2026-06-30T12:24:44.212Z,0,0.07022445625249761,False,0.0,Google Chrome,keystroke,M1-C-2
ses_20260630-121953-LAPTOP-R36BQBTE,2026-06-30T12:24:44.213Z,0,0.07347846081437295,False,0.001,Google Chrome,keystroke,M1-C-2
ses_20260630-121953-LAPTOP-R36BQBTE,2026-06-30T12:24:44.458Z,0,0.07518928011709534,False,0.245,Google Chrome,shortcut,M1-C-2
ses_20260630-121953-LAPTOP-R36BQBTE,2026-06-30T12:24:44.458Z,0,0.0637472773545775,False,0.0,Google Chrome,keystroke,M1-C-2
ses_20260630-121953-LAPTOP-R36BQBTE,2026-06-30T12:24:44.460Z,0,0.0594023323560612,False,0.002,Google Chrome,keystroke,M1-C-2
ses_20260630-121953-LAPTOP-R36BQBTE,2026-06-30T12:24:47.314Z,0,0.17737281009908226,False,2.854,Google Chrome,mouse_scroll,M1-C-2
ses_20260630-121953-LAPTOP-R36BQBTE,2026-06-30T12:24:47.372Z,0,0.06519403340502121,False,0.058,Google Chrome,screenshot_smart,M1-C-2
ses_20260630-121953-LAPTOP-R36BQBTE,2026-06-30T12:24:48.334Z,0,0.09436826375889516,False,0.962,Google Chrome,mouse_click,M1-C-2
ses_20260630-121953-LAPTOP-R36BQBTE,2026-06-30T12:24:48.873Z,0,0.11118160408080587,False,0.539,Google Chrome,shortcut,M1-C-2
ses_20260630-121953-LAPTOP-R36BQBTE,2026-06-30T12:24:48.873Z,0,0.16140333915109767,False,0.0,Google Chrome,keystroke,M1-C-2
ses_20260630-121953-LAPTOP-R36BQBTE,2026-06-30T12:24:48.874Z,0,0.16145932668402366,False,0.001,Google Chrome,keystroke,M1-C-2
ses_20260630-121953-LAPTOP-R36BQBTE,2026-06-30T12:24:49.011Z,0,0.1692204390952875,False,0.137,Google Chrome,screenshot_smart,M1-C-2
ses_20260630-121953-LAPTOP-R36BQBTE,2026-06-30T12:24:50.647Z,0,0.2900486035152152,False,1.636,Google Chrome,mouse_click,M1-C-2
ses_20260630-121953-LAPTOP-R36BQBTE,2026-06-30T12:24:57.272Z,1,0.838933298005685,True,6.625,Google Chrome,mouse_click,M1-B-2
ses_20260630-121953-LAPTOP-R36BQBTE,2026-06-30T12:24:59.774Z,0,0.605201496879548,True,2.502,Google Chrome,app_switch,M1-B-2
ses_20260630-121953-LAPTOP-R36BQBTE,2026-06-30T12:24:59.784Z,0,0.35989822418966305,False,0.01,Google Chrome,screenshot_smart,M1-B-2
ses_20260630-121953-LAPTOP-R36BQBTE,2026-06-30T12:25:00.463Z,0,0.4139874624440242,False,0.679,Google Chrome,shortcut,M1-B-2
ses_20260630-121953-LAPTOP-R36BQBTE,2026-06-30T12:25:00.463Z,0,0.33084184836795777,False,0.0,Google Chrome,keystroke,M1-B-2
ses_20260630-121953-LAPTOP-R36BQBTE,2026-06-30T12:25:00.464Z,0,0.4432965037089586,False,0.001,Google Chrome,keystroke,M1-B-2
ses_20260630-121953-LAPTOP-R36BQBTE,2026-06-30T12:25:00.528Z,0,0.38135129369943443,False,0.064,Google Chrome,screenshot_smart,M1-B-2
ses_20260630-121953-LAPTOP-R36BQBTE,2026-06-30T12:25:01.105Z,0,0.4393044779745814,False,0.577,Google Chrome,shortcut,M1-B-2
ses_20260630-121953-LAPTOP-R36BQBTE,2026-06-30T12:25:01.105Z,0,0.3816327288227164,False,0.0,Google Chrome,keystroke,M1-B-2
ses_20260630-121953-LAPTOP-R36BQBTE,2026-06-30T12:25:01.107Z,0,0.3640457920222914,False,0.002,Google Chrome,keystroke,M1-B-2
ses_20260630-121953-LAPTOP-R36BQBTE,2026-06-30T12:25:01.152Z,0,0.47195987937764666,False,0.045,Google Chrome,shortcut,M1-B-2
ses_20260630-121953-LAPTOP-R36BQBTE,2026-06-30T12:25:01.152Z,0,0.573683259420062,True,0.0,Google Chrome,keystroke,M1-B-2
ses_20260630-121953-LAPTOP-R36BQBTE,2026-06-30T12:25:01.153Z,0,0.5550899936369512,True,0.001,Google Chrome,keystroke,M1-B-2
ses_20260630-121953-LAPTOP-R36BQBTE,2026-06-30T12:25:01.176Z,0,0.5505009407330578,True,0.023,Google Chrome,screenshot_smart,M1-B-2
ses_20260630-121953-LAPTOP-R36BQBTE,2026-06-30T12:25:01.641Z,0,0.6133817468714227,True,0.465,Google Chrome,keystroke,M1-B-2
ses_20260630-121953-LAPTOP-R36BQBTE,2026-06-30T12:25:01.643Z,0,0.3563088191827341,False,0.002,Google Chrome,keystroke,M1-B-2
ses_20260630-121953-LAPTOP-R36BQBTE,2026-06-30T12:25:01.709Z,0,0.3624024828374886,False,0.066,Google Chrome,screenshot_smart,M1-B-2
ses_20260630-121953-LAPTOP-R36BQBTE,2026-06-30T12:25:05.564Z,0,0.7218655105048326,True,3.855,Google Chrome,keystroke,M1-B-2
ses_20260630-121953-LAPTOP-R36BQBTE,2026-06-30T12:25:05.565Z,0,0.3451961656489237,False,0.001,Google Chrome,keystroke,M1-B-2
ses_20260630-121953-LAPTOP-R36BQBTE,2026-06-30T12:25:05.667Z,0,0.36584985177986845,False,0.102,Google Chrome,screenshot_smart,M1-B-2
ses_20260630-121953-LAPTOP-R36BQBTE,2026-06-30T12:25:07.515Z,0,0.3403438993138003,False,1.848,Google Chrome,mouse_click,M1-B-2
ses_20260630-121953-LAPTOP-R36BQBTE,2026-06-30T12:25:08.079Z,0,0.1651235497117004,False,0.564,Google Chrome,shortcut,M1-B-2
ses_20260630-121953-LAPTOP-R36BQBTE,2026-06-30T12:25:08.079Z,0,0.14118726697863784,False,0.0,Google Chrome,keystroke,M1-B-2
ses_20260630-121953-LAPTOP-R36BQBTE,2026-06-30T12:25:08.080Z,0,0.14720887464572377,False,0.001,Google Chrome,keystroke,M1-B-2
ses_20260630-121953-LAPTOP-R36BQBTE,2026-06-30T12:25:08.213Z,0,0.14453553977390796,False,0.133,Google Chrome,screenshot_smart,M1-B-2
ses_20260630-121953-LAPTOP-R36BQBTE,2026-06-30T12:25:09.799Z,0,0.24057716979330973,False,1.586,Google Chrome,mouse_click,M1-B-2
ses_20260630-121953-LAPTOP-R36BQBTE,2026-06-30T12:26:02.778Z,0,0.21182474046494132,False,0.006,Google Chrome,app_switch,M1-H-2
ses_20260630-121953-LAPTOP-R36BQBTE,2026-06-30T12:26:02.817Z,0,0.20608283306196315,False,0.039,Google Chrome,screenshot_smart,M1-H-2
ses_20260630-121953-LAPTOP-R36BQBTE,2026-06-30T12:26:02.818Z,0,0.2872105446458899,False,0.001,Google Chrome,app_switch,M1-H-2
ses_20260630-121953-LAPTOP-R36BQBTE,2026-06-30T12:26:02.862Z,0,0.29660356934861365,False,0.044,Google Chrome,app_switch,M1-H-2
ses_20260630-121953-LAPTOP-R36BQBTE,2026-06-30T12:26:02.915Z,0,0.30319282664216374,False,0.053,Google Chrome,app_switch,M1-H-2
ses_20260630-121953-LAPTOP-R36BQBTE,2026-06-30T12:26:02.990Z,0,0.3214773758819106,False,0.075,Google Chrome,app_switch,M1-H-2
ses_20260630-121953-LAPTOP-R36BQBTE,2026-06-30T12:26:03.096Z,0,0.31376894269485583,False,0.106,Google Chrome,app_switch,M1-H-2
ses_20260630-121953-LAPTOP-R36BQBTE,2026-06-30T12:26:03.102Z,0,0.4089109226162429,False,0.006,Google Chrome,app_switch,M1-H-2
ses_20260630-121953-LAPTOP-R36BQBTE,2026-06-30T12:26:03.134Z,0,0.41151252711775715,False,0.032,Google Chrome,app_switch,M1-H-2
ses_20260630-121953-LAPTOP-R36BQBTE,2026-06-30T12:26:03.190Z,0,0.40223092660559534,False,0.056,Google Chrome,app_switch,M1-H-2
ses_20260630-121953-LAPTOP-R36BQBTE,2026-06-30T12:26:03.248Z,0,0.3908504049737514,False,0.058,Google Chrome,app_switch,M1-H-2
ses_20260630-121953-LAPTOP-R36BQBTE,2026-06-30T12:26:03.301Z,0,0.39035817140083845,False,0.053,Google Chrome,app_switch,M1-H-2
ses_20260630-121953-LAPTOP-R36BQBTE,2026-06-30T12:26:03.355Z,0,0.20501136365553438,False,0.054,Google Chrome,screenshot_smart,M1-H-2
ses_20260630-121953-LAPTOP-R36BQBTE,2026-06-30T12:26:04.949Z,0,0.3171870297659108,False,1.594,Google Chrome,app_switch,M1-H-2
ses_20260630-121953-LAPTOP-R36BQBTE,2026-06-30T12:26:04.989Z,0,0.18879965626164028,False,0.04,Google Chrome,app_switch,M1-H-2
ses_20260630-121953-LAPTOP-R36BQBTE,2026-06-30T12:26:04.994Z,0,0.17935962494436836,False,0.005,Google Chrome,app_switch,M1-H-2
ses_20260630-121953-LAPTOP-R36BQBTE,2026-06-30T12:26:04.995Z,0,0.1791162521544306,False,0.001,Google Chrome,screenshot_smart,M1-H-2
ses_20260630-121953-LAPTOP-R36BQBTE,2026-06-30T12:26:05.041Z,0,0.08214117298089546,False,0.046,Google Chrome,app_switch,M1-H-2
ses_20260630-121953-LAPTOP-R36BQBTE,2026-06-30T12:26:05.093Z,0,0.08232845809071902,False,0.052,Google Chrome,app_switch,M1-H-2
ses_20260630-121953-LAPTOP-R36BQBTE,2026-06-30T12:26:05.151Z,0,0.0825161318288132,False,0.058,Google Chrome,app_switch,M1-H-2
ses_20260630-121953-LAPTOP-R36BQBTE,2026-06-30T12:26:05.276Z,0,0.08463841000268298,False,0.125,Google Chrome,app_switch,M1-H-2
ses_20260630-121953-LAPTOP-R36BQBTE,2026-06-30T12:26:05.281Z,0,0.08087174289884065,False,0.005,Google Chrome,app_switch,M1-H-2
ses_20260630-121953-LAPTOP-R36BQBTE,2026-06-30T12:26:05.307Z,0,0.08151968794072646,False,0.026,Google Chrome,app_switch,M1-H-2
ses_20260630-121953-LAPTOP-R36BQBTE,2026-06-30T12:26:05.382Z,0,0.08304999007807917,False,0.075,Google Chrome,app_switch,M1-H-2
ses_20260630-121953-LAPTOP-R36BQBTE,2026-06-30T12:26:05.420Z,0,0.08189206294334775,False,0.038,Google Chrome,app_switch,M1-H-2
ses_20260630-121953-LAPTOP-R36BQBTE,2026-06-30T12:26:05.467Z,0,0.08217236020457462,False,0.047,Google Chrome,app_switch,M1-H-2
ses_20260630-121953-LAPTOP-R36BQBTE,2026-06-30T12:26:05.592Z,0,0.08463841000268298,False,0.125,Google Chrome,app_switch,M1-H-2
ses_20260630-121953-LAPTOP-R36BQBTE,2026-06-30T12:26:05.635Z,0,0.08204767596437729,False,0.043,Google Chrome,screenshot_smart,M1-H-2
ses_20260630-121953-LAPTOP-R36BQBTE,2026-06-30T12:26:06.651Z,0,0.11790436268096532,False,1.016,Google Chrome,app_switch,M1-H-2
ses_20260630-121953-LAPTOP-R36BQBTE,2026-06-30T12:26:06.674Z,0,0.08142683557167135,False,0.023,Google Chrome,screenshot_smart,M1-H-2
ses_20260630-121953-LAPTOP-R36BQBTE,2026-06-30T12:26:06.784Z,0,0.019920894036464926,False,0.11,Google Chrome,mouse_click,M1-H-2
ses_20260630-121953-LAPTOP-R36BQBTE,2026-06-30T12:26:09.708Z,0,0.30634306686358037,False,2.924,Google Chrome,app_switch,M1-H-2
ses_20260630-121953-LAPTOP-R36BQBTE,2026-06-30T12:26:09.824Z,0,0.1214661491999236,False,0.116,Google Chrome,screenshot_smart,M1-H-2
ses_20260630-121953-LAPTOP-R36BQBTE,2026-06-30T12:26:10.566Z,0,0.15190793400612074,False,0.742,Google Chrome,shortcut,M1-H-2
ses_20260630-121953-LAPTOP-R36BQBTE,2026-06-30T12:26:10.566Z,0,0.11362295307334871,False,0.0,Google Chrome,keystroke,M1-H-2
ses_20260630-121953-LAPTOP-R36BQBTE,2026-06-30T12:26:10.567Z,0,0.11090742804889817,False,0.001,Google Chrome,keystroke,M1-H-2
ses_20260630-121953-LAPTOP-R36BQBTE,2026-06-30T12:26:10.667Z,0,0.11222398300849845,False,0.1,Google Chrome,screenshot_smart,M1-H-2
ses_20260630-121953-LAPTOP-R36BQBTE,2026-06-30T12:26:11.182Z,0,0.13049547973668124,False,0.515,Google Chrome,shortcut,M1-H-2
ses_20260630-121953-LAPTOP-R36BQBTE,2026-06-30T12:26:11.182Z,0,0.10552930496098985,False,0.0,Google Chrome,keystroke,M1-H-2
ses_20260630-121953-LAPTOP-R36BQBTE,2026-06-30T12:26:11.184Z,0,0.10302295208841245,False,0.002,Google Chrome,keystroke,M1-H-2
ses_20260630-121953-LAPTOP-R36BQBTE,2026-06-30T12:26:11.228Z,0,0.10207578980036824,False,0.044,Google Chrome,shortcut,M1-H-2
ses_20260630-121953-LAPTOP-R36BQBTE,2026-06-30T12:26:11.228Z,0,0.15233604551282726,False,0.0,Google Chrome,keystroke,M1-H-2
ses_20260630-121953-LAPTOP-R36BQBTE,2026-06-30T12:26:11.229Z,0,0.1488506730742007,False,0.001,Google Chrome,keystroke,M1-H-2
ses_20260630-121953-LAPTOP-R36BQBTE,2026-06-30T12:26:11.299Z,0,0.14896158741366405,False,0.07,Google Chrome,screenshot_smart,M1-H-2
ses_20260630-121953-LAPTOP-R36BQBTE,2026-06-30T12:26:11.681Z,0,0.17687278077348234,False,0.382,Google Chrome,keystroke,M1-H-2
ses_20260630-121953-LAPTOP-R36BQBTE,2026-06-30T12:26:11.683Z,0,0.1615887276696029,False,0.002,Google Chrome,keystroke,M1-H-2
ses_20260630-121953-LAPTOP-R36BQBTE,2026-06-30T12:26:16.014Z,0,0.5479381685386152,True,4.331,Google Chrome,keystroke,M1-H-2
ses_20260630-121953-LAPTOP-R36BQBTE,2026-06-30T12:26:16.015Z,0,0.16435953580838977,False,0.001,Google Chrome,keystroke,M1-H-2
ses_20260630-121953-LAPTOP-R36BQBTE,2026-06-30T12:26:16.154Z,0,0.17936149886305494,False,0.139,Google Chrome,screenshot_smart,M1-H-2
ses_20260630-121953-LAPTOP-R36BQBTE,2026-06-30T12:26:16.487Z,0,0.2035271431837554,False,0.333,Google Chrome,shortcut,M1-H-2
ses_20260630-121953-LAPTOP-R36BQBTE,2026-06-30T12:26:16.487Z,0,0.18942825642919242,False,0.0,Google Chrome,keystroke,M1-H-2
ses_20260630-121953-LAPTOP-R36BQBTE,2026-06-30T12:26:16.488Z,0,0.08990487310625445,False,0.001,Google Chrome,keystroke,M1-H-2
ses_20260630-121953-LAPTOP-R36BQBTE,2026-06-30T12:26:19.029Z,0,0.22865827628542224,False,2.541,Google Chrome,shortcut,M1-H-2
ses_20260630-121953-LAPTOP-R36BQBTE,2026-06-30T12:26:19.029Z,0,0.0981072319435948,False,0.0,Google Chrome,keystroke,M1-H-2
ses_20260630-121953-LAPTOP-R36BQBTE,2026-06-30T12:26:19.031Z,0,0.09164960163852978,False,0.002,Google Chrome,keystroke,M1-H-2
ses_20260630-121953-LAPTOP-R36BQBTE,2026-06-30T12:26:19.106Z,0,0.09419423919385607,False,0.075,Google Chrome,screenshot_smart,M1-H-2
ses_20260630-121953-LAPTOP-R36BQBTE,2026-06-30T12:26:21.229Z,0,0.019660267598011965,False,2.123,Notepad,app_switch,M1-H-2
ses_20260630-121953-LAPTOP-R36BQBTE,2026-06-30T12:26:21.352Z,0,0.10527867769464773,False,0.123,Notepad,screenshot_smart,M1-H-2
ses_20260630-121953-LAPTOP-R36BQBTE,2026-06-30T12:26:22.025Z,0,0.13184223895724276,False,0.673,Notepad,shortcut,M1-H-2
ses_20260630-121953-LAPTOP-R36BQBTE,2026-06-30T12:26:22.025Z,0,0.09628857936533103,False,0.0,Notepad,keystroke,M1-H-2
ses_20260630-121953-LAPTOP-R36BQBTE,2026-06-30T12:26:22.026Z,0,0.09632457434513905,False,0.001,Notepad,keystroke,M1-H-2
ses_20260630-121953-LAPTOP-R36BQBTE,2026-06-30T12:26:22.088Z,0,0.09854311108061094,False,0.062,Notepad,screenshot_smart,M1-H-2
ses_20260630-121953-LAPTOP-R36BQBTE,2026-06-30T12:26:22.212Z,0,0.1033806481450071,False,0.124,Notepad,clipboard_change,M1-H-2
ses_20260630-121953-LAPTOP-R36BQBTE,2026-06-30T12:26:22.252Z,0,0.07458415166137042,False,0.04,Notepad,shortcut,M1-H-2
ses_20260630-121953-LAPTOP-R36BQBTE,2026-06-30T12:26:22.252Z,0,0.07681210388539339,False,0.0,Notepad,keystroke,M1-H-2
ses_20260630-121953-LAPTOP-R36BQBTE,2026-06-30T12:26:22.254Z,0,0.07687078071696811,False,0.002,Notepad,keystroke,M1-H-2
ses_20260630-121953-LAPTOP-R36BQBTE,2026-06-30T12:26:22.440Z,0,0.07687429018153435,False,0.186,Notepad,clipboard_change,M1-H-2
ses_20260630-121953-LAPTOP-R36BQBTE,2026-06-30T12:26:22.499Z,0,0.05032920702802755,False,0.059,Notepad,shortcut,M1-H-2
ses_20260630-121953-LAPTOP-R36BQBTE,2026-06-30T12:26:22.499Z,0,0.04573918970051386,False,0.0,Notepad,keystroke,M1-H-2
ses_20260630-121953-LAPTOP-R36BQBTE,2026-06-30T12:26:22.501Z,0,0.0479359591775716,False,0.002,Notepad,keystroke,M1-H-2
ses_20260630-121953-LAPTOP-R36BQBTE,2026-06-30T12:26:24.700Z,0,0.11104412751319026,False,2.199,Notepad,app_switch,M1-H-2
ses_20260630-121953-LAPTOP-R36BQBTE,2026-06-30T12:26:24.833Z,0,0.051812318494469545,False,0.133,Notepad,screenshot_smart,M1-H-2
ses_20260630-121953-LAPTOP-R36BQBTE,2026-06-30T12:26:25.433Z,0,0.05940309753309205,False,0.6,Notepad,app_switch,M1-H-2
ses_20260630-121953-LAPTOP-R36BQBTE,2026-06-30T12:26:25.479Z,0,0.08641672399480366,False,0.046,Notepad,screenshot_smart,M1-H-2
ses_20260630-121953-LAPTOP-R36BQBTE,2026-06-30T12:26:25.485Z,0,0.0872985858979056,False,0.006,Notepad,app_switch,M1-H-2
ses_20260630-121953-LAPTOP-R36BQBTE,2026-06-30T12:26:25.508Z,0,0.09010271784631287,False,0.023,Notepad,mouse_scroll,M1-H-2
ses_20260630-121953-LAPTOP-R36BQBTE,2026-06-30T12:26:25.535Z,0,0.09667942913195425,False,0.027,Notepad,app_switch,M1-H-2
ses_20260630-121953-LAPTOP-R36BQBTE,2026-06-30T12:26:25.590Z,0,0.17630173904404142,False,0.055,Notepad,app_switch,M1-H-2
ses_20260630-121953-LAPTOP-R36BQBTE,2026-06-30T12:26:25.646Z,0,0.18768189526005455,False,0.056,Notepad,app_switch,M1-H-2
ses_20260630-121953-LAPTOP-R36BQBTE,2026-06-30T12:26:25.699Z,0,0.19174331675415907,False,0.053,Notepad,app_switch,M1-H-2
ses_20260630-121953-LAPTOP-R36BQBTE,2026-06-30T12:26:25.762Z,0,0.19671966646336259,False,0.063,Notepad,app_switch,M1-H-2
ses_20260630-121953-LAPTOP-R36BQBTE,2026-06-30T12:26:25.812Z,0,0.18836201671014025,False,0.05,Notepad,app_switch,M1-H-2
ses_20260630-121953-LAPTOP-R36BQBTE,2026-06-30T12:26:25.885Z,0,0.1898206108695024,False,0.073,Notepad,app_switch,M1-H-2
ses_20260630-121953-LAPTOP-R36BQBTE,2026-06-30T12:26:25.925Z,0,0.1424252447877145,False,0.04,Notepad,app_switch,M1-H-2
ses_20260630-121953-LAPTOP-R36BQBTE,2026-06-30T12:26:25.981Z,0,0.13739916628916327,False,0.056,Notepad,app_switch,M1-H-2
ses_20260630-121953-LAPTOP-R36BQBTE,2026-06-30T12:26:26.019Z,0,0.13091481742041272,False,0.038,Notepad,screenshot_smart,M1-H-2
ses_20260630-121953-LAPTOP-R36BQBTE,2026-06-30T12:26:26.030Z,0,0.12428655538606273,False,0.011,Notepad,app_switch,M1-H-2
ses_20260630-121953-LAPTOP-R36BQBTE,2026-06-30T12:26:27.168Z,0,0.1398176582830919,False,1.138,Notepad,app_switch,M1-H-2
ses_20260630-121953-LAPTOP-R36BQBTE,2026-06-30T12:26:27.264Z,0,0.09144240750639201,False,0.096,Notepad,screenshot_smart,M1-H-2
ses_20260630-121953-LAPTOP-R36BQBTE,2026-06-30T12:26:27.360Z,0,0.007652393540639946,False,0.096,Google Chrome,mouse_click,M1-H-2
ses_20260630-121953-LAPTOP-R36BQBTE,2026-06-30T12:26:27.873Z,0,0.14010410896932796,False,0.513,Google Chrome,shortcut,M1-H-2
ses_20260630-121953-LAPTOP-R36BQBTE,2026-06-30T12:26:27.873Z,0,0.11362295307334871,False,0.0,Google Chrome,keystroke,M1-H-2
ses_20260630-121953-LAPTOP-R36BQBTE,2026-06-30T12:26:27.874Z,0,0.11090742804889817,False,0.001,Google Chrome,keystroke,M1-H-2
ses_20260630-121953-LAPTOP-R36BQBTE,2026-06-30T12:26:27.904Z,0,0.10937182510426449,False,0.03,Google Chrome,screenshot_smart,M1-H-2
ses_20260630-121953-LAPTOP-R36BQBTE,2026-06-30T12:26:29.748Z,0,0.2063726729153324,False,1.844,Google Chrome,mouse_click,M1-H-2
ses_20260630-121953-LAPTOP-R36BQBTE,2026-06-30T12:26:32.097Z,0,0.32474821732014597,False,2.349,Google Chrome,app_switch,M1-H-2
ses_20260630-121953-LAPTOP-R36BQBTE,2026-06-30T12:26:32.152Z,0,0.15698961022279734,False,0.055,Google Chrome,screenshot_smart,M1-H-2
ses_20260630-121953-LAPTOP-R36BQBTE,2026-06-30T12:26:32.659Z,1,0.1833431894895733,False,0.507,Google Chrome,app_switch,M1-A-2
ses_20260630-121953-LAPTOP-R36BQBTE,2026-06-30T12:26:32.710Z,0,0.15677079263387061,False,0.051,Google Chrome,app_switch,M1-A-2
ses_20260630-121953-LAPTOP-R36BQBTE,2026-06-30T12:26:32.764Z,0,0.1569348825354225,False,0.054,Google Chrome,app_switch,M1-A-2
ses_20260630-121953-LAPTOP-R36BQBTE,2026-06-30T12:26:32.785Z,0,0.2330753268442498,False,0.021,Google Chrome,screenshot_smart,M1-A-2
ses_20260630-121953-LAPTOP-R36BQBTE,2026-06-30T12:26:32.833Z,0,0.24902671555951808,False,0.048,Google Chrome,app_switch,M1-A-2
ses_20260630-121953-LAPTOP-R36BQBTE,2026-06-30T12:26:32.872Z,0,0.2627968961618044,False,0.039,Google Chrome,app_switch,M1-A-2
ses_20260630-121953-LAPTOP-R36BQBTE,2026-06-30T12:26:32.933Z,0,0.27962290567653403,False,0.061,Google Chrome,app_switch,M1-A-2
ses_20260630-121953-LAPTOP-R36BQBTE,2026-06-30T12:26:32.990Z,0,0.2792897869121332,False,0.057,Google Chrome,app_switch,M1-A-2
ses_20260630-121953-LAPTOP-R36BQBTE,2026-06-30T12:26:33.097Z,0,0.39568591512788454,False,0.107,Google Chrome,app_switch,M1-A-2
ses_20260630-121953-LAPTOP-R36BQBTE,2026-06-30T12:26:33.146Z,0,0.38996454517354495,False,0.049,Google Chrome,app_switch,M1-A-2
ses_20260630-121953-LAPTOP-R36BQBTE,2026-06-30T12:26:33.209Z,0,0.3913428608040047,False,0.063,Google Chrome,app_switch,M1-A-2
ses_20260630-121953-LAPTOP-R36BQBTE,2026-06-30T12:26:33.223Z,0,0.3865264781148675,False,0.014,Google Chrome,screenshot_smart,M1-A-2
ses_20260630-121953-LAPTOP-R36BQBTE,2026-06-30T12:26:33.258Z,0,0.3885879847422409,False,0.035,Google Chrome,app_switch,M1-A-2
ses_20260630-121953-LAPTOP-R36BQBTE,2026-06-30T12:26:35.895Z,0,0.42874530071865263,False,2.637,Google Chrome,app_switch,M1-A-2
ses_20260630-121953-LAPTOP-R36BQBTE,2026-06-30T12:26:35.934Z,0,0.19625705422762438,False,0.039,Google Chrome,app_switch,M1-A-2
ses_20260630-121953-LAPTOP-R36BQBTE,2026-06-30T12:26:35.944Z,0,0.1869067190140329,False,0.01,Google Chrome,app_switch,M1-A-2
ses_20260630-121953-LAPTOP-R36BQBTE,2026-06-30T12:26:35.966Z,0,0.18039684223375696,False,0.022,Google Chrome,screenshot_smart,M1-A-2
ses_20260630-121953-LAPTOP-R36BQBTE,2026-06-30T12:26:35.994Z,0,0.18076403407867708,False,0.028,Google Chrome,app_switch,M1-A-2
ses_20260630-121953-LAPTOP-R36BQBTE,2026-06-30T12:26:36.046Z,0,0.08232845809071902,False,0.052,Google Chrome,app_switch,M1-A-2
ses_20260630-121953-LAPTOP-R36BQBTE,2026-06-30T12:26:36.102Z,0,0.08245353069623408,False,0.056,Google Chrome,app_switch,M1-A-2
ses_20260630-121953-LAPTOP-R36BQBTE,2026-06-30T12:26:36.227Z,0,0.08463841000268298,False,0.125,Google Chrome,app_switch,M1-A-2
ses_20260630-121953-LAPTOP-R36BQBTE,2026-06-30T12:26:36.235Z,0,0.080964018078181,False,0.008,Google Chrome,app_switch,M1-A-2
ses_20260630-121953-LAPTOP-R36BQBTE,2026-06-30T12:26:36.263Z,0,0.08158164311182153,False,0.028,Google Chrome,app_switch,M1-A-2
ses_20260630-121953-LAPTOP-R36BQBTE,2026-06-30T12:26:36.318Z,0,0.08242224634178372,False,0.055,Google Chrome,app_switch,M1-A-2
ses_20260630-121953-LAPTOP-R36BQBTE,2026-06-30T12:26:36.376Z,0,0.0825161318288132,False,0.058,Google Chrome,app_switch,M1-A-2
ses_20260630-121953-LAPTOP-R36BQBTE,2026-06-30T12:26:36.430Z,0,0.08239097279132934,False,0.054,Google Chrome,app_switch,M1-A-2
ses_20260630-121953-LAPTOP-R36BQBTE,2026-06-30T12:26:36.502Z,0,0.08295555209624236,False,0.072,Google Chrome,screenshot_smart,M1-A-2
ses_20260630-121953-LAPTOP-R36BQBTE,2026-06-30T12:26:37.464Z,0,0.11560135215456896,False,0.962,Google Chrome,app_switch,M1-A-2
ses_20260630-121953-LAPTOP-R36BQBTE,2026-06-30T12:26:37.544Z,0,0.08320760400307997,False,0.08,Google Chrome,screenshot_smart,M1-A-2
ses_20260630-121953-LAPTOP-R36BQBTE,2026-06-30T12:26:37.596Z,0,0.019457906360878026,False,0.052,Google Chrome,mouse_click,M1-A-2
ses_20260630-121953-LAPTOP-R36BQBTE,2026-06-30T12:26:39.451Z,0,0.22107816803063346,False,1.855,Google Chrome,app_switch,M1-A-2
ses_20260630-121953-LAPTOP-R36BQBTE,2026-06-30T12:26:39.483Z,0,0.11780733159254625,False,0.032,Google Chrome,screenshot_smart,M1-A-2
ses_20260630-121953-LAPTOP-R36BQBTE,2026-06-30T12:26:40.132Z,0,0.14701868290368295,False,0.649,Google Chrome,shortcut,M1-A-2
ses_20260630-121953-LAPTOP-R36BQBTE,2026-06-30T12:26:40.132Z,0,0.11362295307334871,False,0.0,Google Chrome,keystroke,M1-A-2
ses_20260630-121953-LAPTOP-R36BQBTE,2026-06-30T12:26:40.134Z,0,0.11094821698465741,False,0.002,Google Chrome,keystroke,M1-A-2
ses_20260630-121953-LAPTOP-R36BQBTE,2026-06-30T12:26:40.225Z,0,0.11185366949943398,False,0.091,Google Chrome,screenshot_smart,M1-A-2
ses_20260630-121953-LAPTOP-R36BQBTE,2026-06-30T12:26:40.828Z,0,0.13468097076264954,False,0.603,Google Chrome,clipboard_change,M1-A-2
ses_20260630-121953-LAPTOP-R36BQBTE,2026-06-30T12:26:40.859Z,0,0.07960084690810999,False,0.031,Google Chrome,shortcut,M1-A-2
ses_20260630-121953-LAPTOP-R36BQBTE,2026-06-30T12:26:40.859Z,0,0.07668487954922111,False,0.0,Google Chrome,keystroke,M1-A-2
ses_20260630-121953-LAPTOP-R36BQBTE,2026-06-30T12:26:40.861Z,0,0.0748062972948421,False,0.002,Google Chrome,keystroke,M1-A-2
ses_20260630-121953-LAPTOP-R36BQBTE,2026-06-30T12:26:40.906Z,0,0.11700070614838232,False,0.045,Google Chrome,shortcut,M1-A-2
ses_20260630-121953-LAPTOP-R36BQBTE,2026-06-30T12:26:40.906Z,0,0.11230419061557016,False,0.0,Google Chrome,keystroke,M1-A-2
ses_20260630-121953-LAPTOP-R36BQBTE,2026-06-30T12:26:40.907Z,0,0.10961628555393564,False,0.001,Google Chrome,keystroke,M1-A-2
ses_20260630-121953-LAPTOP-R36BQBTE,2026-06-30T12:26:40.971Z,0,0.11709596683898367,False,0.064,Google Chrome,screenshot_smart,M1-A-2
ses_20260630-121953-LAPTOP-R36BQBTE,2026-06-30T12:26:41.501Z,0,0.14786543313551462,False,0.53,Google Chrome,keystroke,M1-A-2
ses_20260630-121953-LAPTOP-R36BQBTE,2026-06-30T12:26:41.503Z,0,0.12770254992893984,False,0.002,Google Chrome,keystroke,M1-A-2
ses_20260630-121953-LAPTOP-R36BQBTE,2026-06-30T12:26:41.603Z,0,0.12914298510952615,False,0.1,Google Chrome,screenshot_smart,M1-A-2
ses_20260630-121953-LAPTOP-R36BQBTE,2026-06-30T12:26:44.280Z,0,0.45977221629679377,False,2.677,Google Chrome,keystroke,M1-A-2
ses_20260630-121953-LAPTOP-R36BQBTE,2026-06-30T12:26:44.282Z,0,0.22807519157748365,False,0.002,Google Chrome,keystroke,M1-A-2
ses_20260630-121953-LAPTOP-R36BQBTE,2026-06-30T12:26:44.349Z,0,0.24159757070578872,False,0.067,Google Chrome,screenshot_smart,M1-A-2
ses_20260630-121953-LAPTOP-R36BQBTE,2026-06-30T12:26:45.681Z,0,0.18929854578301722,False,1.332,Google Chrome,app_switch,M1-A-2
ses_20260630-121953-LAPTOP-R36BQBTE,2026-06-30T12:26:45.690Z,0,0.12722758273203447,False,0.009,Google Chrome,screenshot_smart,M1-A-2
ses_20260630-121953-LAPTOP-R36BQBTE,2026-06-30T12:26:46.317Z,0,0.16881463224880186,False,0.627,Google Chrome,shortcut,M1-A-2
ses_20260630-121953-LAPTOP-R36BQBTE,2026-06-30T12:26:46.317Z,0,0.13547777329094962,False,0.0,Google Chrome,keystroke,M1-A-2
ses_20260630-121953-LAPTOP-R36BQBTE,2026-06-30T12:26:46.318Z,0,0.12686063734853475,False,0.001,Google Chrome,keystroke,M1-A-2
ses_20260630-121953-LAPTOP-R36BQBTE,2026-06-30T12:26:46.422Z,0,0.1316547097405618,False,0.104,Google Chrome,screenshot_smart,M1-A-2
ses_20260630-121953-LAPTOP-R36BQBTE,2026-06-30T12:26:46.544Z,0,0.14149695345351637,False,0.122,Google Chrome,shortcut,M1-A-2
ses_20260630-121953-LAPTOP-R36BQBTE,2026-06-30T12:26:46.544Z,0,0.09872269047356348,False,0.0,Google Chrome,keystroke,M1-A-2
ses_20260630-121953-LAPTOP-R36BQBTE,2026-06-30T12:26:46.545Z,0,0.09875949594349277,False,0.001,Google Chrome,keystroke,M1-A-2
ses_20260630-121953-LAPTOP-R36BQBTE,2026-06-30T12:26:46.710Z,0,0.10496304827603552,False,0.165,Google Chrome,clipboard_change,M1-A-2
ses_20260630-121953-LAPTOP-R36BQBTE,2026-06-30T12:26:46.789Z,0,0.07055234690448599,False,0.079,Google Chrome,shortcut,M1-A-2
ses_20260630-121953-LAPTOP-R36BQBTE,2026-06-30T12:26:46.789Z,0,0.0637472773545775,False,0.0,Google Chrome,keystroke,M1-A-2
ses_20260630-121953-LAPTOP-R36BQBTE,2026-06-30T12:26:46.791Z,0,0.0594023323560612,False,0.002,Google Chrome,keystroke,M1-A-2
ses_20260630-121953-LAPTOP-R36BQBTE,2026-06-30T12:26:50.269Z,0,0.21006058955206466,False,3.478,Google Chrome,mouse_click,M1-A-2
ses_20260630-121953-LAPTOP-R36BQBTE,2026-06-30T12:26:50.691Z,0,0.10847713869067942,False,0.422,Google Chrome,clipboard_change,M1-A-2
ses_20260630-121953-LAPTOP-R36BQBTE,2026-06-30T12:26:50.758Z,0,0.07066133220483117,False,0.067,Google Chrome,shortcut,M1-A-2
ses_20260630-121953-LAPTOP-R36BQBTE,2026-06-30T12:26:50.758Z,0,0.06414375583976334,False,0.0,Google Chrome,keystroke,M1-A-2
ses_20260630-121953-LAPTOP-R36BQBTE,2026-06-30T12:26:50.759Z,0,0.06713634302603556,False,0.001,Google Chrome,keystroke,M1-A-2
ses_20260630-121953-LAPTOP-R36BQBTE,2026-06-30T12:26:50.772Z,0,0.06744784089649654,False,0.013,Google Chrome,screenshot_smart,M1-A-2
ses_20260630-121953-LAPTOP-R36BQBTE,2026-06-30T12:26:52.844Z,0,0.1483834420578139,False,2.072,Google Chrome,mouse_click,M1-A-2
ses_20260630-121953-LAPTOP-R36BQBTE,2026-06-30T12:26:55.105Z,0,0.35855405750081754,False,2.261,Google Chrome,app_switch,M1-A-2
ses_20260630-121953-LAPTOP-R36BQBTE,2026-06-30T12:26:55.123Z,0,0.19259021632847953,False,0.018,Google Chrome,screenshot_smart,M1-A-2
ses_20260630-121953-LAPTOP-R36BQBTE,2026-06-30T12:26:55.669Z,1,0.24253275936278068,False,0.546,Google Chrome,app_switch,M1-M-2
ses_20260630-121953-LAPTOP-R36BQBTE,2026-06-30T12:26:55.729Z,0,0.21212166815574518,False,0.06,Google Chrome,app_switch,M1-M-2
ses_20260630-121953-LAPTOP-R36BQBTE,2026-06-30T12:26:55.764Z,0,0.29586295560859593,False,0.035,Google Chrome,screenshot_smart,M1-M-2
ses_20260630-121953-LAPTOP-R36BQBTE,2026-06-30T12:26:55.778Z,0,0.43963074325822893,False,0.014,Google Chrome,app_switch,M1-M-2
ses_20260630-121953-LAPTOP-R36BQBTE,2026-06-30T12:26:55.826Z,0,0.46193661002697495,False,0.048,Google Chrome,app_switch,M1-M-2
ses_20260630-121953-LAPTOP-R36BQBTE,2026-06-30T12:26:55.882Z,0,0.46964292519970924,False,0.056,Google Chrome,app_switch,M1-M-2
ses_20260630-121953-LAPTOP-R36BQBTE,2026-06-30T12:26:55.940Z,0,0.4767446725612701,False,0.058,Google Chrome,app_switch,M1-M-2
ses_20260630-121953-LAPTOP-R36BQBTE,2026-06-30T12:26:55.997Z,0,0.4645868766426613,False,0.057,Google Chrome,app_switch,M1-M-2
ses_20260630-121953-LAPTOP-R36BQBTE,2026-06-30T12:26:56.045Z,0,0.5069384939502404,True,0.048,Google Chrome,app_switch,M1-M-2
ses_20260630-121953-LAPTOP-R36BQBTE,2026-06-30T12:26:56.105Z,0,0.4960827720798749,False,0.06,Google Chrome,app_switch,M1-M-2
ses_20260630-121953-LAPTOP-R36BQBTE,2026-06-30T12:26:56.158Z,0,0.48326816504676795,False,0.053,Google Chrome,app_switch,M1-M-2
ses_20260630-121953-LAPTOP-R36BQBTE,2026-06-30T12:26:56.213Z,0,0.47140294838343777,False,0.055,Google Chrome,app_switch,M1-M-2
ses_20260630-121953-LAPTOP-R36BQBTE,2026-06-30T12:26:56.264Z,0,0.26385321255888206,False,0.051,Google Chrome,app_switch,M1-M-2
ses_20260630-121953-LAPTOP-R36BQBTE,2026-06-30T12:26:56.301Z,0,0.2038678244817201,False,0.037,Google Chrome,screenshot_smart,M1-M-2
ses_20260630-121953-LAPTOP-R36BQBTE,2026-06-30T12:26:59.120Z,0,0.4353421606581337,False,2.819,Google Chrome,app_switch,M1-M-2
ses_20260630-121953-LAPTOP-R36BQBTE,2026-06-30T12:26:59.164Z,0,0.18905315612772708,False,0.044,Google Chrome,app_switch,M1-M-2
ses_20260630-121953-LAPTOP-R36BQBTE,2026-06-30T12:26:59.223Z,0,0.1826704726998035,False,0.059,Google Chrome,app_switch,M1-M-2
ses_20260630-121953-LAPTOP-R36BQBTE,2026-06-30T12:26:59.249Z,0,0.180641572117233,False,0.026,Google Chrome,screenshot_smart,M1-M-2
ses_20260630-121953-LAPTOP-R36BQBTE,2026-06-30T12:26:59.276Z,0,0.08155066016515657,False,0.027,Google Chrome,app_switch,M1-M-2
ses_20260630-121953-LAPTOP-R36BQBTE,2026-06-30T12:26:59.333Z,0,0.082484825857603,False,0.057,Google Chrome,app_switch,M1-M-2
ses_20260630-121953-LAPTOP-R36BQBTE,2026-06-30T12:26:59.394Z,0,0.08261011463072206,False,0.061,Google Chrome,app_switch,M1-M-2
ses_20260630-121953-LAPTOP-R36BQBTE,2026-06-30T12:26:59.445Z,0,0.08229721693471875,False,0.051,Google Chrome,app_switch,M1-M-2
ses_20260630-121953-LAPTOP-R36BQBTE,2026-06-30T12:26:59.499Z,0,0.08239097279132934,False,0.054,Google Chrome,app_switch,M1-M-2
ses_20260630-121953-LAPTOP-R36BQBTE,2026-06-30T12:26:59.551Z,0,0.08232845809071902,False,0.052,Google Chrome,app_switch,M1-M-2
ses_20260630-121953-LAPTOP-R36BQBTE,2026-06-30T12:26:59.605Z,0,0.08239097279132934,False,0.054,Google Chrome,app_switch,M1-M-2
ses_20260630-121953-LAPTOP-R36BQBTE,2026-06-30T12:26:59.657Z,0,0.08232845809071902,False,0.052,Google Chrome,app_switch,M1-M-2
ses_20260630-121953-LAPTOP-R36BQBTE,2026-06-30T12:26:59.686Z,0,0.08161263678363881,False,0.029,Google Chrome,screenshot_smart,M1-M-2
ses_20260630-121953-LAPTOP-R36BQBTE,2026-06-30T12:26:59.717Z,0,0.0816746563144019,False,0.031,Google Chrome,app_switch,M1-M-2
ses_20260630-121953-LAPTOP-R36BQBTE,2026-06-30T12:27:00.617Z,0,0.11300547484478941,False,0.9,Google Chrome,app_switch,M1-M-2
ses_20260630-121953-LAPTOP-R36BQBTE,2026-06-30T12:27:00.626Z,0,0.0809947978010817,False,0.009,Google Chrome,screenshot_smart,M1-M-2
ses_20260630-121953-LAPTOP-R36BQBTE,2026-06-30T12:27:00.816Z,0,0.020577248419906723,False,0.19,Google Chrome,mouse_click,M1-M-2
ses_20260630-121953-LAPTOP-R36BQBTE,2026-06-30T12:27:06.427Z,0,0.09739705264567892,False,5.611,Microsoft Word,shortcut,M1-M-2
ses_20260630-121953-LAPTOP-R36BQBTE,2026-06-30T12:27:06.427Z,0,0.11362295307334871,False,0.0,Microsoft Word,keystroke,M1-M-2
ses_20260630-121953-LAPTOP-R36BQBTE,2026-06-30T12:27:06.428Z,0,0.11090742804889817,False,0.001,Microsoft Word,keystroke,M1-M-2
ses_20260630-121953-LAPTOP-R36BQBTE,2026-06-30T12:27:06.583Z,0,0.1145103480943171,False,0.155,Microsoft Word,screenshot_smart,M1-M-2
ses_20260630-121953-LAPTOP-R36BQBTE,2026-06-30T12:27:09.167Z,0,0.2609807346596259,False,2.584,Microsoft Word,shortcut,M1-M-2
ses_20260630-121953-LAPTOP-R36BQBTE,2026-06-30T12:27:09.167Z,0,0.10552930496098985,False,0.0,Microsoft Word,keystroke,M1-M-2
ses_20260630-121953-LAPTOP-R36BQBTE,2026-06-30T12:27:09.169Z,0,0.10302295208841245,False,0.002,Microsoft Word,keystroke,M1-M-2
ses_20260630-121953-LAPTOP-R36BQBTE,2026-06-30T12:27:09.330Z,0,0.10659716776903455,False,0.161,Microsoft Word,screenshot_smart,M1-M-2
ses_20260630-121953-LAPTOP-R36BQBTE,2026-06-30T12:27:10.069Z,0,0.13159508174817777,False,0.739,Microsoft Word,shortcut,M1-M-2
ses_20260630-121953-LAPTOP-R36BQBTE,2026-06-30T12:27:10.069Z,0,0.09794847857443027,False,0.0,Microsoft Word,keystroke,M1-M-2
ses_20260630-121953-LAPTOP-R36BQBTE,2026-06-30T12:27:10.070Z,0,0.1488506730742007,False,0.001,Microsoft Word,keystroke,M1-M-2
ses_20260630-121953-LAPTOP-R36BQBTE,2026-06-30T12:27:10.171Z,0,0.16058289267163933,False,0.101,Microsoft Word,screenshot_smart,M1-M-2
ses_20260630-121953-LAPTOP-R36BQBTE,2026-06-30T12:27:11.241Z,0,0.23557703080328585,False,1.07,Microsoft Word,keystroke,M1-M-2
ses_20260630-121953-LAPTOP-R36BQBTE,2026-06-30T12:27:11.243Z,0,0.17215878200790977,False,0.002,Microsoft Word,keystroke,M1-M-2
ses_20260630-121953-LAPTOP-R36BQBTE,2026-06-30T12:27:11.408Z,0,0.17789831199334355,False,0.165,Microsoft Word,screenshot_smart,M1-M-2
ses_20260630-121953-LAPTOP-R36BQBTE,2026-06-30T12:27:18.928Z,0,0.8302382223154505,True,7.52,Microsoft Word,app_switch,M1-M-2
ses_20260630-121953-LAPTOP-R36BQBTE,2026-06-30T12:27:19.075Z,0,0.20004772311692,False,0.147,Microsoft Word,screenshot_smart,M1-M-2
ses_20260630-121953-LAPTOP-R36BQBTE,2026-06-30T12:27:19.234Z,0,0.2133275981783188,False,0.159,Microsoft Word,app_switch,M1-M-2
ses_20260630-121953-LAPTOP-R36BQBTE,2026-06-30T12:27:19.774Z,0,0.024893863111351205,False,0.54,Notepad,app_switch,M1-M-2
ses_20260630-121953-LAPTOP-R36BQBTE,2026-06-30T12:27:19.813Z,0,0.21779494820582035,False,0.039,Notepad,screenshot_smart,M1-M-2
ses_20260630-121953-LAPTOP-R36BQBTE,2026-06-30T12:27:20.546Z,0,0.13879270627801768,False,0.733,Notepad,shortcut,M1-M-2
ses_20260630-121953-LAPTOP-R36BQBTE,2026-06-30T12:27:20.546Z,0,0.10635637283225635,False,0.0,Notepad,keystroke,M1-M-2
ses_20260630-121953-LAPTOP-R36BQBTE,2026-06-30T12:27:20.548Z,0,0.09941561848836449,False,0.002,Notepad,keystroke,M1-M-2
ses_20260630-121953-LAPTOP-R36BQBTE,2026-06-30T12:27:20.653Z,0,0.10329523982911036,False,0.105,Notepad,screenshot_smart,M1-M-2
ses_20260630-121953-LAPTOP-R36BQBTE,2026-06-30T12:27:20.708Z,0,0.10853781074226625,False,0.055,Notepad,clipboard_change,M1-M-2
ses_20260630-121953-LAPTOP-R36BQBTE,2026-06-30T12:27:20.773Z,0,0.07578536281736288,False,0.065,Notepad,shortcut,M1-M-2
ses_20260630-121953-LAPTOP-R36BQBTE,2026-06-30T12:27:20.773Z,0,0.06888320081110651,False,0.0,Notepad,keystroke,M1-M-2
ses_20260630-121953-LAPTOP-R36BQBTE,2026-06-30T12:27:20.775Z,0,0.06421220539919037,False,0.002,Notepad,keystroke,M1-M-2
ses_20260630-121953-LAPTOP-R36BQBTE,2026-06-30T12:27:21.021Z,0,0.06875692613889187,False,0.246,Notepad,shortcut,M1-M-2
ses_20260630-121953-LAPTOP-R36BQBTE,2026-06-30T12:27:21.021Z,0,0.05820946104515352,False,0.0,Notepad,keystroke,M1-M-2
ses_20260630-121953-LAPTOP-R36BQBTE,2026-06-30T12:27:21.023Z,0,0.054220108666339605,False,0.002,Notepad,keystroke,M1-M-2
ses_20260630-121953-LAPTOP-R36BQBTE,2026-06-30T12:27:21.180Z,0,0.057602980871699315,False,0.157,Notepad,screenshot_smart,M1-M-2
ses_20260630-121953-LAPTOP-R36BQBTE,2026-06-30T12:27:23.107Z,0,0.12060042907644176,False,1.927,Notepad,app_switch,M1-M-2
ses_20260630-121953-LAPTOP-R36BQBTE,2026-06-30T12:27:23.219Z,0,0.06240040217430918,False,0.112,Notepad,screenshot_smart,M1-M-2
ses_20260630-121953-LAPTOP-R36BQBTE,2026-06-30T12:27:24.073Z,0,0.07934651904592842,False,0.854,Notepad,app_switch,M1-M-2
ses_20260630-121953-LAPTOP-R36BQBTE,2026-06-30T12:27:24.095Z,0,0.10775575290084644,False,0.022,Notepad,mouse_scroll,M1-M-2
ses_20260630-121953-LAPTOP-R36BQBTE,2026-06-30T12:27:24.121Z,0,0.11545748069618404,False,0.026,Notepad,app_switch,M1-M-2
ses_20260630-121953-LAPTOP-R36BQBTE,2026-06-30T12:27:24.172Z,0,0.12457752060096942,False,0.051,Notepad,screenshot_smart,M1-M-2
ses_20260630-121953-LAPTOP-R36BQBTE,2026-06-30T12:27:24.174Z,0,0.1307897585125869,False,0.002,Notepad,app_switch,M1-M-2
ses_20260630-121953-LAPTOP-R36BQBTE,2026-06-30T12:27:24.231Z,0,0.14243679677801008,False,0.057,Notepad,app_switch,M1-M-2
ses_20260630-121953-LAPTOP-R36BQBTE,2026-06-30T12:27:24.289Z,0,0.15203446852190566,False,0.058,Notepad,app_switch,M1-M-2
ses_20260630-121953-LAPTOP-R36BQBTE,2026-06-30T12:27:24.344Z,0,0.1554721246156499,False,0.055,Notepad,app_switch,M1-M-2
ses_20260630-121953-LAPTOP-R36BQBTE,2026-06-30T12:27:24.401Z,0,0.1493291768824023,False,0.057,Notepad,app_switch,M1-M-2
ses_20260630-121953-LAPTOP-R36BQBTE,2026-06-30T12:27:24.450Z,0,0.14288048882542104,False,0.049,Notepad,app_switch,M1-M-2
ses_20260630-121953-LAPTOP-R36BQBTE,2026-06-30T12:27:24.508Z,0,0.14333694477881675,False,0.058,Notepad,app_switch,M1-M-2
ses_20260630-121953-LAPTOP-R36BQBTE,2026-06-30T12:27:24.563Z,0,0.10721076448786845,False,0.055,Notepad,app_switch,M1-M-2
ses_20260630-121953-LAPTOP-R36BQBTE,2026-06-30T12:27:24.618Z,0,0.10266648434624784,False,0.055,Notepad,app_switch,M1-M-2
ses_20260630-121953-LAPTOP-R36BQBTE,2026-06-30T12:27:24.670Z,0,0.0981836977014419,False,0.052,Notepad,app_switch,M1-M-2
ses_20260630-121953-LAPTOP-R36BQBTE,2026-06-30T12:27:24.707Z,0,0.09345484693567446,False,0.037,Notepad,screenshot_smart,M1-M-2
ses_20260630-121953-LAPTOP-R36BQBTE,2026-06-30T12:27:25.652Z,0,0.12509791880109905,False,0.945,Notepad,app_switch,M1-M-2
ses_20260630-121953-LAPTOP-R36BQBTE,2026-06-30T12:27:25.746Z,0,0.08743496359753143,False,0.094,Notepad,screenshot_smart,M1-M-2
ses_20260630-121953-LAPTOP-R36BQBTE,2026-06-30T12:27:25.851Z,0,0.0073205617711296495,False,0.105,Google Chrome,mouse_click,M1-M-2
ses_20260630-121953-LAPTOP-R36BQBTE,2026-06-30T12:27:26.374Z,0,0.14060311743711296,False,0.523,Google Chrome,shortcut,M1-M-2
ses_20260630-121953-LAPTOP-R36BQBTE,2026-06-30T12:27:26.374Z,0,0.11362295307334871,False,0.0,Google Chrome,keystroke,M1-M-2
ses_20260630-121953-LAPTOP-R36BQBTE,2026-06-30T12:27:26.375Z,0,0.11090742804889817,False,0.001,Google Chrome,keystroke,M1-M-2
ses_20260630-121953-LAPTOP-R36BQBTE,2026-06-30T12:27:26.486Z,0,0.11267804247550037,False,0.111,Google Chrome,screenshot_smart,M1-M-2
ses_20260630-121953-LAPTOP-R36BQBTE,2026-06-30T12:27:28.253Z,0,0.20120558471836342,False,1.767,Google Chrome,mouse_click,M1-M-2
ses_20260630-121953-LAPTOP-R36BQBTE,2026-06-30T12:27:37.804Z,0,0.9043572289382309,True,9.551,Google Chrome,app_switch,M1-M-2
ses_20260630-121953-LAPTOP-R36BQBTE,2026-06-30T12:27:37.862Z,0,0.15715388647249903,False,0.058,Google Chrome,screenshot_smart,M1-M-2
ses_20260630-121953-LAPTOP-R36BQBTE,2026-06-30T12:28:05.470Z,0,0.3552539651431557,False,0.028,Google Chrome,mouse_scroll,M1-H-4
ses_20260630-121953-LAPTOP-R36BQBTE,2026-06-30T12:28:05.598Z,0,0.3712161925277807,False,0.128,Google Chrome,screenshot_smart,M1-H-4
ses_20260630-121953-LAPTOP-R36BQBTE,2026-06-30T12:28:07.805Z,0,0.5706374783484048,True,2.207,Google Chrome,app_switch,M1-H-4
ses_20260630-121953-LAPTOP-R36BQBTE,2026-06-30T12:28:07.949Z,0,0.3504272926149368,False,0.144,Google Chrome,screenshot_smart,M1-H-4
ses_20260630-121953-LAPTOP-R36BQBTE,2026-06-30T12:28:08.445Z,0,0.5080630704984402,True,0.496,Google Chrome,shortcut,M1-H-4
ses_20260630-121953-LAPTOP-R36BQBTE,2026-06-30T12:28:08.445Z,0,0.3881817324995178,False,0.0,Google Chrome,keystroke,M1-H-4
ses_20260630-121953-LAPTOP-R36BQBTE,2026-06-30T12:28:08.446Z,0,0.38827996212392873,False,0.001,Google Chrome,keystroke,M1-H-4
ses_20260630-121953-LAPTOP-R36BQBTE,2026-06-30T12:28:08.489Z,0,0.39241371522620205,False,0.043,Google Chrome,screenshot_smart,M1-H-4
ses_20260630-121953-LAPTOP-R36BQBTE,2026-06-30T12:28:09.028Z,0,0.4303490144945111,False,0.539,Google Chrome,shortcut,M1-H-4
ses_20260630-121953-LAPTOP-R36BQBTE,2026-06-30T12:28:09.028Z,0,0.4811176755846075,False,0.0,Google Chrome,keystroke,M1-H-4
ses_20260630-121953-LAPTOP-R36BQBTE,2026-06-30T12:28:09.029Z,0,0.587255881247418,True,0.001,Google Chrome,keystroke,M1-H-4
ses_20260630-121953-LAPTOP-R36BQBTE,2026-06-30T12:28:09.074Z,0,0.5731660361959877,True,0.045,Google Chrome,shortcut,M1-H-4
ses_20260630-121953-LAPTOP-R36BQBTE,2026-06-30T12:28:09.074Z,0,0.5618089462646498,True,0.0,Google Chrome,keystroke,M1-H-4
ses_20260630-121953-LAPTOP-R36BQBTE,2026-06-30T12:28:09.075Z,0,0.5550899936369512,True,0.001,Google Chrome,keystroke,M1-H-4
ses_20260630-121953-LAPTOP-R36BQBTE,2026-06-30T12:28:09.126Z,0,0.33278986275211364,False,0.051,Google Chrome,screenshot_smart,M1-H-4
ses_20260630-121953-LAPTOP-R36BQBTE,2026-06-30T12:28:09.528Z,0,0.37220632295503364,False,0.402,Google Chrome,keystroke,M1-H-4
ses_20260630-121953-LAPTOP-R36BQBTE,2026-06-30T12:28:09.530Z,0,0.3344342182036629,False,0.002,Google Chrome,keystroke,M1-H-4
ses_20260630-121953-LAPTOP-R36BQBTE,2026-06-30T12:28:12.642Z,0,0.6452105872719427,True,3.112,Google Chrome,keystroke,M1-H-4
ses_20260630-121953-LAPTOP-R36BQBTE,2026-06-30T12:28:12.644Z,0,0.3283054075597577,False,0.002,Google Chrome,keystroke,M1-H-4
ses_20260630-121953-LAPTOP-R36BQBTE,2026-06-30T12:28:12.777Z,0,0.17899653354626016,False,0.133,Google Chrome,screenshot_smart,M1-H-4
ses_20260630-121953-LAPTOP-R36BQBTE,2026-06-30T12:28:13.346Z,0,0.10186640055052745,False,0.569,Google Chrome,shortcut,M1-H-4
ses_20260630-121953-LAPTOP-R36BQBTE,2026-06-30T12:28:13.346Z,0,0.08599093707868552,False,0.0,Google Chrome,keystroke,M1-H-4
ses_20260630-121953-LAPTOP-R36BQBTE,2026-06-30T12:28:13.347Z,0,0.08990487310625445,False,0.001,Google Chrome,keystroke,M1-H-4
ses_20260630-121953-LAPTOP-R36BQBTE,2026-06-30T12:28:13.417Z,0,0.09640078236480776,False,0.07,Google Chrome,screenshot_smart,M1-H-4
ses_20260630-121953-LAPTOP-R36BQBTE,2026-06-30T12:28:16.154Z,0,0.2575407603902005,False,2.737,Google Chrome,shortcut,M1-H-4
ses_20260630-121953-LAPTOP-R36BQBTE,2026-06-30T12:28:16.154Z,0,0.09390823051366794,False,0.0,Google Chrome,keystroke,M1-H-4
ses_20260630-121953-LAPTOP-R36BQBTE,2026-06-30T12:28:16.156Z,0,0.09397863763556176,False,0.002,Google Chrome,keystroke,M1-H-4
ses_20260630-121953-LAPTOP-R36BQBTE,2026-06-30T12:28:16.261Z,0,0.09766909525900543,False,0.105,Google Chrome,screenshot_smart,M1-H-4
ses_20260630-121953-LAPTOP-R36BQBTE,2026-06-30T12:28:18.005Z,0,0.01816372672941352,False,1.744,Notepad,app_switch,M1-H-4
ses_20260630-121953-LAPTOP-R36BQBTE,2026-06-30T12:28:18.104Z,0,0.10696106961300496,False,0.099,Notepad,screenshot_smart,M1-H-4
ses_20260630-121953-LAPTOP-R36BQBTE,2026-06-30T12:28:18.819Z,0,0.12833234926011375,False,0.715,Notepad,shortcut,M1-H-4
ses_20260630-121953-LAPTOP-R36BQBTE,2026-06-30T12:28:18.819Z,0,0.09872269047356348,False,0.0,Notepad,keystroke,M1-H-4
ses_20260630-121953-LAPTOP-R36BQBTE,2026-06-30T12:28:18.821Z,0,0.09879631363097059,False,0.002,Notepad,keystroke,M1-H-4
ses_20260630-121953-LAPTOP-R36BQBTE,2026-06-30T12:28:18.943Z,0,0.10330400033616395,False,0.122,Notepad,screenshot_smart,M1-H-4
ses_20260630-121953-LAPTOP-R36BQBTE,2026-06-30T12:28:18.986Z,0,0.09603290834400086,False,0.043,Notepad,clipboard_change,M1-H-4
ses_20260630-121953-LAPTOP-R36BQBTE,2026-06-30T12:28:19.047Z,0,0.07518584131136061,False,0.061,Notepad,shortcut,M1-H-4
ses_20260630-121953-LAPTOP-R36BQBTE,2026-06-30T12:28:19.047Z,0,0.07345030916589991,False,0.0,Notepad,keystroke,M1-H-4
ses_20260630-121953-LAPTOP-R36BQBTE,2026-06-30T12:28:19.049Z,0,0.07350662239666578,False,0.002,Notepad,keystroke,M1-H-4
ses_20260630-121953-LAPTOP-R36BQBTE,2026-06-30T12:28:19.294Z,0,0.07518928011709534,False,0.245,Notepad,shortcut,M1-H-4
ses_20260630-121953-LAPTOP-R36BQBTE,2026-06-30T12:28:19.294Z,0,0.0637472773545775,False,0.0,Notepad,keystroke,M1-H-4
ses_20260630-121953-LAPTOP-R36BQBTE,2026-06-30T12:28:19.295Z,0,0.06214018689588947,False,0.001,Notepad,keystroke,M1-H-4
ses_20260630-121953-LAPTOP-R36BQBTE,2026-06-30T12:28:21.117Z,0,0.12335138979688048,False,1.822,Notepad,app_switch,M1-H-4
ses_20260630-121953-LAPTOP-R36BQBTE,2026-06-30T12:28:21.186Z,0,0.065471842250742,False,0.069,Notepad,screenshot_smart,M1-H-4
ses_20260630-121953-LAPTOP-R36BQBTE,2026-06-30T12:28:21.729Z,0,0.08056314547924892,False,0.543,Notepad,mouse_scroll,M1-H-4
ses_20260630-121953-LAPTOP-R36BQBTE,2026-06-30T12:28:21.782Z,0,0.06677131113629646,False,0.053,Notepad,app_switch,M1-H-4
ses_20260630-121953-LAPTOP-R36BQBTE,2026-06-30T12:28:21.821Z,0,0.11815011899783082,False,0.039,Notepad,screenshot_smart,M1-H-4
ses_20260630-121953-LAPTOP-R36BQBTE,2026-06-30T12:28:21.837Z,0,0.12005429643408617,False,0.016,Notepad,app_switch,M1-H-4
ses_20260630-121953-LAPTOP-R36BQBTE,2026-06-30T12:28:21.890Z,0,0.12466775811142843,False,0.053,Notepad,app_switch,M1-H-4
ses_20260630-121953-LAPTOP-R36BQBTE,2026-06-30T12:28:21.945Z,0,0.13330193916998434,False,0.055,Notepad,app_switch,M1-H-4
ses_20260630-121953-LAPTOP-R36BQBTE,2026-06-30T12:28:21.998Z,0,0.14223484100300263,False,0.053,Notepad,app_switch,M1-H-4
ses_20260630-121953-LAPTOP-R36BQBTE,2026-06-30T12:28:22.047Z,0,0.1515552153500355,False,0.049,Notepad,app_switch,M1-H-4
ses_20260630-121953-LAPTOP-R36BQBTE,2026-06-30T12:28:22.108Z,0,0.15579822692864995,False,0.061,Notepad,app_switch,M1-H-4
ses_20260630-121953-LAPTOP-R36BQBTE,2026-06-30T12:28:22.158Z,0,0.14896178620389283,False,0.05,Notepad,app_switch,M1-H-4
ses_20260630-121953-LAPTOP-R36BQBTE,2026-06-30T12:28:22.215Z,0,0.14328616755094692,False,0.057,Notepad,app_switch,M1-H-4
ses_20260630-121953-LAPTOP-R36BQBTE,2026-06-30T12:28:22.265Z,0,0.14293114627525594,False,0.05,Notepad,app_switch,M1-H-4
ses_20260630-121953-LAPTOP-R36BQBTE,2026-06-30T12:28:22.323Z,0,0.10732958327507798,False,0.058,Notepad,app_switch,M1-H-4
ses_20260630-121953-LAPTOP-R36BQBTE,2026-06-30T12:28:22.363Z,0,0.10209636193255338,False,0.04,Notepad,screenshot_smart,M1-H-4
ses_20260630-121953-LAPTOP-R36BQBTE,2026-06-30T12:28:22.373Z,0,0.09665634255422721,False,0.01,Notepad,app_switch,M1-H-4
ses_20260630-121953-LAPTOP-R36BQBTE,2026-06-30T12:28:22.438Z,0,0.09444057872081937,False,0.065,Notepad,app_switch,M1-H-4
ses_20260630-121953-LAPTOP-R36BQBTE,2026-06-30T12:28:23.573Z,0,0.13395487497736044,False,1.135,Notepad,app_switch,M1-H-4
ses_20260630-121953-LAPTOP-R36BQBTE,2026-06-30T12:28:23.708Z,0,0.0887974624589904,False,0.135,Notepad,screenshot_smart,M1-H-4
ses_20260630-121953-LAPTOP-R36BQBTE,2026-06-30T12:28:23.766Z,0,0.0071806471201176425,False,0.058,Google Chrome,mouse_click,M1-H-4
ses_20260630-121953-LAPTOP-R36BQBTE,2026-06-30T12:28:24.253Z,0,0.13881362294846672,False,0.487,Google Chrome,shortcut,M1-H-4
ses_20260630-121953-LAPTOP-R36BQBTE,2026-06-30T12:28:24.253Z,0,0.11362295307334871,False,0.0,Google Chrome,keystroke,M1-H-4
ses_20260630-121953-LAPTOP-R36BQBTE,2026-06-30T12:28:24.254Z,0,0.11090742804889817,False,0.001,Google Chrome,keystroke,M1-H-4
ses_20260630-121953-LAPTOP-R36BQBTE,2026-06-30T12:28:24.342Z,0,0.11173046920994378,False,0.088,Google Chrome,screenshot_smart,M1-H-4
ses_20260630-121953-LAPTOP-R36BQBTE,2026-06-30T12:28:26.162Z,0,0.20475169378054225,False,1.82,Google Chrome,mouse_click,M1-H-4
ses_20260630-121953-LAPTOP-R36BQBTE,2026-06-30T12:28:27.862Z,0,0.26885252508118895,False,1.7,Google Chrome,app_switch,M1-H-4
ses_20260630-121953-LAPTOP-R36BQBTE,2026-06-30T12:28:27.892Z,0,0.15562607199352846,False,0.03,Google Chrome,screenshot_smart,M1-H-4
ses_20260630-121953-LAPTOP-R36BQBTE,2026-06-30T12:28:29.611Z,0,0.27040000456467594,False,1.719,Google Chrome,app_switch,M1-H-4
ses_20260630-121953-LAPTOP-R36BQBTE,2026-06-30T12:28:29.734Z,0,0.16074762590628355,False,0.123,Google Chrome,screenshot_smart,M1-H-4
ses_20260630-121953-LAPTOP-R36BQBTE,2026-06-30T12:28:31.718Z,0,0.0838060084733231,False,1.984,Google Chrome,mouse_click,M1-H-4
ses_20260630-121953-LAPTOP-R36BQBTE,2026-06-30T12:28:31.761Z,0,0.31520558455496783,False,0.043,Google Chrome,keystroke,M1-H-4
ses_20260630-121953-LAPTOP-R36BQBTE,2026-06-30T12:28:31.761Z,0,0.32184850742786153,False,0.0,Google Chrome,text_input_complete,M1-H-4
ses_20260630-121953-LAPTOP-R36BQBTE,2026-06-30T12:28:31.763Z,0,0.33885242861759396,False,0.002,Google Chrome,keystroke,M1-H-4
ses_20260630-121953-LAPTOP-R36BQBTE,2026-06-30T12:28:31.805Z,0,0.3535477101628386,False,0.042,Google Chrome,keystroke,M1-H-4
ses_20260630-121953-LAPTOP-R36BQBTE,2026-06-30T12:28:31.806Z,0,0.3434177950610263,False,0.001,Google Chrome,keystroke,M1-H-4
ses_20260630-121953-LAPTOP-R36BQBTE,2026-06-30T12:28:31.849Z,0,0.46143745997748,False,0.043,Google Chrome,keystroke,M1-H-4
ses_20260630-121953-LAPTOP-R36BQBTE,2026-06-30T12:28:31.850Z,0,0.4502675208822494,False,0.001,Google Chrome,keystroke,M1-H-4
ses_20260630-121953-LAPTOP-R36BQBTE,2026-06-30T12:28:31.879Z,0,0.44629011114042655,False,0.029,Google Chrome,screenshot_smart,M1-H-4
ses_20260630-121953-LAPTOP-R36BQBTE,2026-06-30T12:28:31.891Z,0,0.4445533200796274,False,0.012,Google Chrome,keystroke,M1-H-4
ses_20260630-121953-LAPTOP-R36BQBTE,2026-06-30T12:28:31.893Z,0,0.43671604578440004,False,0.002,Google Chrome,keystroke,M1-H-4
ses_20260630-121953-LAPTOP-R36BQBTE,2026-06-30T12:28:31.934Z,0,0.33803405725635166,False,0.041,Google Chrome,keystroke,M1-H-4
ses_20260630-121953-LAPTOP-R36BQBTE,2026-06-30T12:28:31.936Z,0,0.3344342182036629,False,0.002,Google Chrome,keystroke,M1-H-4
ses_20260630-121953-LAPTOP-R36BQBTE,2026-06-30T12:28:31.977Z,0,0.321231591901517,False,0.041,Google Chrome,keystroke,M1-H-4
ses_20260630-121953-LAPTOP-R36BQBTE,2026-06-30T12:28:31.979Z,0,0.3177248042158813,False,0.002,Google Chrome,keystroke,M1-H-4
ses_20260630-121953-LAPTOP-R36BQBTE,2026-06-30T12:28:32.020Z,0,0.3318721711834116,False,0.041,Google Chrome,keystroke,M1-H-4
ses_20260630-121953-LAPTOP-R36BQBTE,2026-06-30T12:28:32.021Z,0,0.17111378815189543,False,0.001,Google Chrome,keystroke,M1-H-4
ses_20260630-121953-LAPTOP-R36BQBTE,2026-06-30T12:28:32.064Z,0,0.18064324270305007,False,0.043,Google Chrome,keystroke,M1-H-4
ses_20260630-121953-LAPTOP-R36BQBTE,2026-06-30T12:28:32.065Z,0,0.18527972829872083,False,0.001,Google Chrome,keystroke,M1-H-4
ses_20260630-121953-LAPTOP-R36BQBTE,2026-06-30T12:28:32.109Z,0,0.18379326129151355,False,0.044,Google Chrome,keystroke,M1-H-4
ses_20260630-121953-LAPTOP-R36BQBTE,2026-06-30T12:28:32.113Z,0,0.18861855632654306,False,0.004,Google Chrome,keystroke,M1-H-4
ses_20260630-121953-LAPTOP-R36BQBTE,2026-06-30T12:28:32.157Z,0,0.09079641814237334,False,0.044,Google Chrome,keystroke,M1-H-4
ses_20260630-121953-LAPTOP-R36BQBTE,2026-06-30T12:28:32.159Z,0,0.08937259160499773,False,0.002,Google Chrome,keystroke,M1-H-4
ses_20260630-121953-LAPTOP-R36BQBTE,2026-06-30T12:28:32.201Z,0,0.09479984130619645,False,0.042,Google Chrome,keystroke,M1-H-4
ses_20260630-121953-LAPTOP-R36BQBTE,2026-06-30T12:28:32.202Z,0,0.09335467841046781,False,0.001,Google Chrome,keystroke,M1-H-4
ses_20260630-121953-LAPTOP-R36BQBTE,2026-06-30T12:28:32.243Z,0,0.09476435634609001,False,0.041,Google Chrome,keystroke,M1-H-4
ses_20260630-121953-LAPTOP-R36BQBTE,2026-06-30T12:28:32.245Z,0,0.09338968996737253,False,0.002,Google Chrome,keystroke,M1-H-4
ses_20260630-121953-LAPTOP-R36BQBTE,2026-06-30T12:28:32.286Z,0,0.09476435634609001,False,0.041,Google Chrome,keystroke,M1-H-4
ses_20260630-121953-LAPTOP-R36BQBTE,2026-06-30T12:28:32.288Z,0,0.09338968996737253,False,0.002,Google Chrome,keystroke,M1-H-4
ses_20260630-121953-LAPTOP-R36BQBTE,2026-06-30T12:28:32.329Z,0,0.09899745602429147,False,0.041,Google Chrome,keystroke,M1-H-4
ses_20260630-121953-LAPTOP-R36BQBTE,2026-06-30T12:28:32.330Z,0,0.09753159262163599,False,0.001,Google Chrome,keystroke,M1-H-4
ses_20260630-121953-LAPTOP-R36BQBTE,2026-06-30T12:28:32.372Z,0,0.09903435267538674,False,0.042,Google Chrome,keystroke,M1-H-4
ses_20260630-121953-LAPTOP-R36BQBTE,2026-06-30T12:28:32.374Z,0,0.09756800210232441,False,0.002,Google Chrome,keystroke,M1-H-4
ses_20260630-121953-LAPTOP-R36BQBTE,2026-06-30T12:28:32.415Z,0,0.09899745602429147,False,0.041,Google Chrome,keystroke,M1-H-4
ses_20260630-121953-LAPTOP-R36BQBTE,2026-06-30T12:28:32.417Z,0,0.09756800210232441,False,0.002,Google Chrome,keystroke,M1-H-4
ses_20260630-121953-LAPTOP-R36BQBTE,2026-06-30T12:28:32.417Z,0,0.09749519526000537,False,0.0,Google Chrome,screenshot_smart,M1-H-4
ses_20260630-121953-LAPTOP-R36BQBTE,2026-06-30T12:28:32.458Z,0,0.10149235516106074,False,0.041,Google Chrome,keystroke,M1-H-4
ses_20260630-121953-LAPTOP-R36BQBTE,2026-06-30T12:28:32.460Z,0,0.10003087615668446,False,0.002,Google Chrome,keystroke,M1-H-4
ses_20260630-121953-LAPTOP-R36BQBTE,2026-06-30T12:28:32.501Z,0,0.10149235516106074,False,0.041,Google Chrome,keystroke,M1-H-4
ses_20260630-121953-LAPTOP-R36BQBTE,2026-06-30T12:28:32.503Z,0,0.10003087615668446,False,0.002,Google Chrome,keystroke,M1-H-4
ses_20260630-121953-LAPTOP-R36BQBTE,2026-06-30T12:28:32.545Z,0,0.10153007688710691,False,0.042,Google Chrome,keystroke,M1-H-4
ses_20260630-121953-LAPTOP-R36BQBTE,2026-06-30T12:28:32.546Z,0,0.0999936494419225,False,0.001,Google Chrome,keystroke,M1-H-4
ses_20260630-121953-LAPTOP-R36BQBTE,2026-06-30T12:28:33.680Z,0,0.15075352506909373,False,1.134,Google Chrome,app_switch,M1-H-4
ses_20260630-121953-LAPTOP-R36BQBTE,2026-06-30T12:28:33.735Z,0,0.10458385789629086,False,0.055,Google Chrome,app_switch,M1-H-4
ses_20260630-121953-LAPTOP-R36BQBTE,2026-06-30T12:28:33.757Z,0,0.10590349390929717,False,0.022,Google Chrome,screenshot_smart,M1-H-4
ses_20260630-121953-LAPTOP-R36BQBTE,2026-06-30T12:28:33.786Z,0,0.10883193848085408,False,0.029,Google Chrome,app_switch,M1-H-4
ses_20260630-121953-LAPTOP-R36BQBTE,2026-06-30T12:28:33.846Z,0,0.10543008203378189,False,0.06,Google Chrome,app_switch,M1-H-4
ses_20260630-121953-LAPTOP-R36BQBTE,2026-06-30T12:28:33.903Z,0,0.10794811283885804,False,0.057,Google Chrome,app_switch,M1-H-4
ses_20260630-121953-LAPTOP-R36BQBTE,2026-06-30T12:28:33.954Z,0,0.11039694016942848,False,0.051,Google Chrome,app_switch,M1-H-4
ses_20260630-121953-LAPTOP-R36BQBTE,2026-06-30T12:28:34.015Z,0,0.11355871206700369,False,0.061,Google Chrome,app_switch,M1-H-4
ses_20260630-121953-LAPTOP-R36BQBTE,2026-06-30T12:28:34.062Z,0,0.11577909468710999,False,0.047,Google Chrome,app_switch,M1-H-4
ses_20260630-121953-LAPTOP-R36BQBTE,2026-06-30T12:28:34.120Z,0,0.11911776928933503,False,0.058,Google Chrome,app_switch,M1-H-4
ses_20260630-121953-LAPTOP-R36BQBTE,2026-06-30T12:28:34.177Z,0,0.12200673515260349,False,0.057,Google Chrome,app_switch,M1-H-4
ses_20260630-121953-LAPTOP-R36BQBTE,2026-06-30T12:28:34.231Z,0,0.11678939227204,False,0.054,Google Chrome,app_switch,M1-H-4
ses_20260630-121953-LAPTOP-R36BQBTE,2026-06-30T12:28:34.278Z,0,0.11160262701166734,False,0.047,Google Chrome,app_switch,M1-H-4
ses_20260630-121953-LAPTOP-R36BQBTE,2026-06-30T12:28:34.297Z,0,0.10579394584487936,False,0.019,Google Chrome,screenshot_smart,M1-H-4
ses_20260630-121953-LAPTOP-R36BQBTE,2026-06-30T12:28:35.235Z,0,0.14749833885256175,False,0.938,Google Chrome,app_switch,M1-H-4
ses_20260630-121953-LAPTOP-R36BQBTE,2026-06-30T12:28:35.332Z,0,0.1042778481311364,False,0.097,Google Chrome,screenshot_smart,M1-H-4
ses_20260630-121953-LAPTOP-R36BQBTE,2026-06-30T12:28:35.432Z,0,0.023975669637520156,False,0.1,Google Chrome,mouse_click,M1-H-4
ses_20260630-121953-LAPTOP-R36BQBTE,2026-06-30T12:28:35.478Z,0,0.13442288897818563,False,0.046,Google Chrome,keystroke,M1-H-4
ses_20260630-121953-LAPTOP-R36BQBTE,2026-06-30T12:28:35.478Z,0,0.12373993481300533,False,0.0,Google Chrome,text_input_complete,M1-H-4
ses_20260630-121953-LAPTOP-R36BQBTE,2026-06-30T12:28:35.482Z,0,0.1187611328532521,False,0.004,Google Chrome,keystroke,M1-H-4
ses_20260630-121953-LAPTOP-R36BQBTE,2026-06-30T12:28:35.526Z,0,0.11267324240225036,False,0.044,Google Chrome,keystroke,M1-H-4
ses_20260630-121953-LAPTOP-R36BQBTE,2026-06-30T12:28:35.527Z,0,0.10820895935507163,False,0.001,Google Chrome,keystroke,M1-H-4
ses_20260630-121953-LAPTOP-R36BQBTE,2026-06-30T12:28:35.570Z,0,0.10721981770744908,False,0.043,Google Chrome,keystroke,M1-H-4
ses_20260630-121953-LAPTOP-R36BQBTE,2026-06-30T12:28:35.571Z,0,0.10298473928615419,False,0.001,Google Chrome,keystroke,M1-H-4
ses_20260630-121953-LAPTOP-R36BQBTE,2026-06-30T12:28:35.612Z,0,0.1019621228704056,False,0.041,Google Chrome,keystroke,M1-H-4
ses_20260630-121953-LAPTOP-R36BQBTE,2026-06-30T12:28:35.614Z,0,0.09802158715209099,False,0.002,Google Chrome,keystroke,M1-H-4
ses_20260630-121953-LAPTOP-R36BQBTE,2026-06-30T12:28:35.657Z,0,0.0970791688050542,False,0.043,Google Chrome,keystroke,M1-H-4
ses_20260630-121953-LAPTOP-R36BQBTE,2026-06-30T12:28:35.661Z,0,0.14553419458400957,False,0.004,Google Chrome,keystroke,M1-H-4
ses_20260630-121953-LAPTOP-R36BQBTE,2026-06-30T12:28:35.705Z,0,0.15379592443115156,False,0.044,Google Chrome,keystroke,M1-H-4
ses_20260630-121953-LAPTOP-R36BQBTE,2026-06-30T12:28:35.706Z,0,0.14797401436591637,False,0.001,Google Chrome,keystroke,M1-H-4
ses_20260630-121953-LAPTOP-R36BQBTE,2026-06-30T12:28:35.747Z,0,0.15634890531171602,False,0.041,Google Chrome,keystroke,M1-H-4
ses_20260630-121953-LAPTOP-R36BQBTE,2026-06-30T12:28:35.749Z,0,0.16065120788980902,False,0.002,Google Chrome,keystroke,M1-H-4
ses_20260630-121953-LAPTOP-R36BQBTE,2026-06-30T12:28:35.790Z,0,0.1695425296753729,False,0.041,Google Chrome,keystroke,M1-H-4
ses_20260630-121953-LAPTOP-R36BQBTE,2026-06-30T12:28:35.791Z,0,0.17407347986272018,False,0.001,Google Chrome,keystroke,M1-H-4
ses_20260630-121953-LAPTOP-R36BQBTE,2026-06-30T12:28:35.834Z,0,0.1837312261421656,False,0.043,Google Chrome,keystroke,M1-H-4
ses_20260630-121953-LAPTOP-R36BQBTE,2026-06-30T12:28:35.839Z,0,0.18868186020012545,False,0.005,Google Chrome,keystroke,M1-H-4
ses_20260630-121953-LAPTOP-R36BQBTE,2026-06-30T12:28:35.862Z,0,0.1973776511838382,False,0.023,Google Chrome,screenshot_smart,M1-H-4
ses_20260630-121953-LAPTOP-R36BQBTE,2026-06-30T12:28:35.881Z,0,0.09636881692850925,False,0.019,Google Chrome,keystroke,M1-H-4
ses_20260630-121953-LAPTOP-R36BQBTE,2026-06-30T12:28:35.883Z,0,0.09575828412651469,False,0.002,Google Chrome,keystroke,M1-H-4
ses_20260630-121953-LAPTOP-R36BQBTE,2026-06-30T12:28:35.924Z,0,0.10149235516106074,False,0.041,Google Chrome,keystroke,M1-H-4
ses_20260630-121953-LAPTOP-R36BQBTE,2026-06-30T12:28:35.925Z,0,0.0999936494419225,False,0.001,Google Chrome,keystroke,M1-H-4
ses_20260630-121953-LAPTOP-R36BQBTE,2026-06-30T12:28:35.967Z,0,0.10153007688710691,False,0.042,Google Chrome,keystroke,M1-H-4
ses_20260630-121953-LAPTOP-R36BQBTE,2026-06-30T12:28:35.968Z,0,0.0999936494419225,False,0.001,Google Chrome,keystroke,M1-H-4
ses_20260630-121953-LAPTOP-R36BQBTE,2026-06-30T12:28:36.010Z,0,0.10153007688710691,False,0.042,Google Chrome,keystroke,M1-H-4
ses_20260630-121953-LAPTOP-R36BQBTE,2026-06-30T12:28:36.011Z,0,0.0999936494419225,False,0.001,Google Chrome,keystroke,M1-H-4
ses_20260630-121953-LAPTOP-R36BQBTE,2026-06-30T12:28:38.105Z,0,0.20888465756460933,False,2.094,Google Chrome,screenshot_smart,M1-H-4
ses_20260630-121953-LAPTOP-R36BQBTE,2026-06-30T12:28:43.663Z,0,0.5321205486159086,True,5.558,Google Chrome,app_switch,M1-H-4
ses_20260630-121953-LAPTOP-R36BQBTE,2026-06-30T12:28:43.770Z,0,0.10209312784320124,False,0.107,Google Chrome,screenshot_smart,M1-H-4
ses_20260630-121953-LAPTOP-R36BQBTE,2026-06-30T12:28:49.210Z,1,0.5147783237868414,True,5.44,Google Chrome,mouse_click,M1-J-1
ses_20260630-121953-LAPTOP-R36BQBTE,2026-06-30T12:28:51.392Z,0,0.29846186778213746,False,2.182,Google Chrome,app_switch,M1-J-1
ses_20260630-121953-LAPTOP-R36BQBTE,2026-06-30T12:28:51.436Z,0,0.15300608695570161,False,0.044,Google Chrome,screenshot_smart,M1-J-1
ses_20260630-121953-LAPTOP-R36BQBTE,2026-06-30T12:28:52.274Z,0,0.20502690548756125,False,0.838,Google Chrome,shortcut,M1-J-1
ses_20260630-121953-LAPTOP-R36BQBTE,2026-06-30T12:28:52.274Z,0,0.15423666620107085,False,0.0,Google Chrome,keystroke,M1-J-1
ses_20260630-121953-LAPTOP-R36BQBTE,2026-06-30T12:28:52.275Z,0,0.15429062514697203,False,0.001,Google Chrome,keystroke,M1-J-1
ses_20260630-121953-LAPTOP-R36BQBTE,2026-06-30T12:28:52.374Z,0,0.15965377257017807,False,0.099,Google Chrome,screenshot_smart,M1-J-1
ses_20260630-121953-LAPTOP-R36BQBTE,2026-06-30T12:28:52.982Z,0,0.19424970229546693,False,0.608,Google Chrome,shortcut,M1-J-1
ses_20260630-121953-LAPTOP-R36BQBTE,2026-06-30T12:28:52.982Z,0,0.14802962054408939,False,0.0,Google Chrome,keystroke,M1-J-1
ses_20260630-121953-LAPTOP-R36BQBTE,2026-06-30T12:28:52.984Z,0,0.1446771380865121,False,0.002,Google Chrome,keystroke,M1-J-1
ses_20260630-121953-LAPTOP-R36BQBTE,2026-06-30T12:28:53.013Z,0,0.13683172291250842,False,0.029,Google Chrome,screenshot_smart,M1-J-1
ses_20260630-121953-LAPTOP-R36BQBTE,2026-06-30T12:28:53.027Z,0,0.19899062723197616,False,0.014,Google Chrome,shortcut,M1-J-1
ses_20260630-121953-LAPTOP-R36BQBTE,2026-06-30T12:28:53.027Z,0,0.1862663721220445,False,0.0,Google Chrome,keystroke,M1-J-1
ses_20260630-121953-LAPTOP-R36BQBTE,2026-06-30T12:28:53.029Z,0,0.175132729607797,False,0.002,Google Chrome,keystroke,M1-J-1
ses_20260630-121953-LAPTOP-R36BQBTE,2026-06-30T12:28:53.413Z,0,0.19913827932836714,False,0.384,Google Chrome,keystroke,M1-J-1
ses_20260630-121953-LAPTOP-R36BQBTE,2026-06-30T12:28:53.414Z,0,0.17507299061378412,False,0.001,Google Chrome,keystroke,M1-J-1
ses_20260630-121953-LAPTOP-R36BQBTE,2026-06-30T12:28:57.809Z,0,0.5664056112273378,True,4.395,Google Chrome,keystroke,M1-J-1
ses_20260630-121953-LAPTOP-R36BQBTE,2026-06-30T12:28:57.811Z,0,0.16441634773579514,False,0.002,Google Chrome,keystroke,M1-J-1
ses_20260630-121953-LAPTOP-R36BQBTE,2026-06-30T12:28:57.963Z,0,0.18015425138961835,False,0.152,Google Chrome,screenshot_smart,M1-J-1
ses_20260630-121953-LAPTOP-R36BQBTE,2026-06-30T12:28:58.953Z,0,0.25111615869589865,False,0.99,Google Chrome,app_switch,M1-J-1
ses_20260630-121953-LAPTOP-R36BQBTE,2026-06-30T12:28:59.002Z,0,0.1968970931236507,False,0.049,Google Chrome,screenshot_smart,M1-J-1
ses_20260630-121953-LAPTOP-R36BQBTE,2026-06-30T12:28:59.449Z,0,0.10423185174864028,False,0.447,Google Chrome,shortcut,M1-J-1
ses_20260630-121953-LAPTOP-R36BQBTE,2026-06-30T12:28:59.449Z,0,0.09215946259289613,False,0.0,Google Chrome,keystroke,M1-J-1
ses_20260630-121953-LAPTOP-R36BQBTE,2026-06-30T12:28:59.450Z,0,0.09632457434513905,False,0.001,Google Chrome,keystroke,M1-J-1
ses_20260630-121953-LAPTOP-R36BQBTE,2026-06-30T12:28:59.538Z,0,0.09950247666186597,False,0.088,Google Chrome,screenshot_smart,M1-J-1
ses_20260630-121953-LAPTOP-R36BQBTE,2026-06-30T12:28:59.610Z,0,0.10140408718623714,False,0.072,Google Chrome,clipboard_change,M1-J-1
ses_20260630-121953-LAPTOP-R36BQBTE,2026-06-30T12:28:59.675Z,0,0.07530095331696021,False,0.065,Google Chrome,shortcut,M1-J-1
ses_20260630-121953-LAPTOP-R36BQBTE,2026-06-30T12:28:59.675Z,0,0.07681210388539339,False,0.0,Google Chrome,keystroke,M1-J-1
ses_20260630-121953-LAPTOP-R36BQBTE,2026-06-30T12:28:59.677Z,0,0.07687078071696811,False,0.002,Google Chrome,keystroke,M1-J-1
ses_20260630-121953-LAPTOP-R36BQBTE,2026-06-30T12:28:59.923Z,0,0.0786538792371597,False,0.246,Google Chrome,shortcut,M1-J-1
ses_20260630-121953-LAPTOP-R36BQBTE,2026-06-30T12:28:59.923Z,0,0.0666969362283335,False,0.0,Google Chrome,keystroke,M1-J-1
ses_20260630-121953-LAPTOP-R36BQBTE,2026-06-30T12:28:59.925Z,0,0.06504579572379801,False,0.002,Google Chrome,keystroke,M1-J-1
ses_20260630-121953-LAPTOP-R36BQBTE,2026-06-30T12:29:00.072Z,0,0.06878937803574742,False,0.147,Google Chrome,screenshot_smart,M1-J-1
ses_20260630-121953-LAPTOP-R36BQBTE,2026-06-30T12:29:04.251Z,0,0.286959142407651,False,4.179,Google Chrome,mouse_click,M1-J-1
ses_20260630-121953-LAPTOP-R36BQBTE,2026-06-30T12:29:04.599Z,0,0.11295093973500438,False,0.348,Google Chrome,clipboard_change,M1-J-1
ses_20260630-121953-LAPTOP-R36BQBTE,2026-06-30T12:29:04.665Z,0,0.07063417759398456,False,0.066,Google Chrome,shortcut,M1-J-1
ses_20260630-121953-LAPTOP-R36BQBTE,2026-06-30T12:29:04.665Z,0,0.11932413915876434,False,0.0,Google Chrome,keystroke,M1-J-1
ses_20260630-121953-LAPTOP-R36BQBTE,2026-06-30T12:29:04.666Z,0,0.11936760795850156,False,0.001,Google Chrome,keystroke,M1-J-1
ses_20260630-121953-LAPTOP-R36BQBTE,2026-06-30T12:29:04.725Z,0,0.12191230785205516,False,0.059,Google Chrome,screenshot_smart,M1-J-1
ses_20260630-121953-LAPTOP-R36BQBTE,2026-06-30T12:29:06.550Z,0,0.23721614063583013,False,1.825,Google Chrome,mouse_click,M1-J-1
ses_20260630-121953-LAPTOP-R36BQBTE,2026-06-30T12:29:31.228Z,0,0.42459585742808764,False,2.265,Google Chrome,app_switch,M1-G-2
ses_20260630-121953-LAPTOP-R36BQBTE,2026-06-30T12:29:31.266Z,0,0.2319511308245642,False,0.038,Google Chrome,screenshot_smart,M1-G-2
ses_20260630-121953-LAPTOP-R36BQBTE,2026-06-30T12:29:32.167Z,0,0.29135943988163265,False,0.901,Google Chrome,shortcut,M1-G-2
ses_20260630-121953-LAPTOP-R36BQBTE,2026-06-30T12:29:32.167Z,0,0.3028746006912126,False,0.0,Google Chrome,keystroke,M1-G-2
ses_20260630-121953-LAPTOP-R36BQBTE,2026-06-30T12:29:32.169Z,0,0.30304927917867414,False,0.002,Google Chrome,keystroke,M1-G-2
ses_20260630-121953-LAPTOP-R36BQBTE,2026-06-30T12:29:32.308Z,0,0.31514848931214007,False,0.139,Google Chrome,screenshot_smart,M1-G-2
ses_20260630-121953-LAPTOP-R36BQBTE,2026-06-30T12:29:32.744Z,0,0.3484950067879964,False,0.436,Google Chrome,clipboard_change,M1-G-2
ses_20260630-121953-LAPTOP-R36BQBTE,2026-06-30T12:29:32.816Z,0,0.3903741983291201,False,0.072,Google Chrome,shortcut,M1-G-2
ses_20260630-121953-LAPTOP-R36BQBTE,2026-06-30T12:29:32.816Z,0,0.36550072201892647,False,0.0,Google Chrome,keystroke,M1-G-2
ses_20260630-121953-LAPTOP-R36BQBTE,2026-06-30T12:29:32.818Z,0,0.46929960060979375,False,0.002,Google Chrome,keystroke,M1-G-2
ses_20260630-121953-LAPTOP-R36BQBTE,2026-06-30T12:29:32.843Z,0,0.5779444070231614,True,0.025,Google Chrome,screenshot_smart,M1-G-2
ses_20260630-121953-LAPTOP-R36BQBTE,2026-06-30T12:29:32.862Z,0,0.5654893774267938,True,0.019,Google Chrome,shortcut,M1-G-2
ses_20260630-121953-LAPTOP-R36BQBTE,2026-06-30T12:29:32.862Z,0,0.5567422142195784,True,0.0,Google Chrome,keystroke,M1-G-2
ses_20260630-121953-LAPTOP-R36BQBTE,2026-06-30T12:29:32.863Z,0,0.34680417739643066,False,0.001,Google Chrome,keystroke,M1-G-2
ses_20260630-121953-LAPTOP-R36BQBTE,2026-06-30T12:29:33.388Z,0,0.3973789760738351,False,0.525,Google Chrome,keystroke,M1-G-2
ses_20260630-121953-LAPTOP-R36BQBTE,2026-06-30T12:29:33.389Z,0,0.34680417739643066,False,0.001,Google Chrome,keystroke,M1-G-2
ses_20260630-121953-LAPTOP-R36BQBTE,2026-06-30T12:29:33.477Z,0,0.3377840390644025,False,0.088,Google Chrome,screenshot_smart,M1-G-2
ses_20260630-121953-LAPTOP-R36BQBTE,2026-06-30T12:29:37.520Z,0,0.788109369224131,True,4.043,Google Chrome,keystroke,M1-G-2
ses_20260630-121953-LAPTOP-R36BQBTE,2026-06-30T12:29:37.521Z,0,0.4231742276352307,False,0.001,Google Chrome,keystroke,M1-G-2
ses_20260630-121953-LAPTOP-R36BQBTE,2026-06-30T12:29:37.629Z,0,0.2447181677674836,False,0.108,Google Chrome,screenshot_smart,M1-G-2
ses_20260630-121953-LAPTOP-R36BQBTE,2026-06-30T12:29:38.043Z,0,0.1377332778317898,False,0.414,Google Chrome,shortcut,M1-G-2
ses_20260630-121953-LAPTOP-R36BQBTE,2026-06-30T12:29:38.043Z,0,0.11576792497062148,False,0.0,Google Chrome,keystroke,M1-G-2
ses_20260630-121953-LAPTOP-R36BQBTE,2026-06-30T12:29:38.045Z,0,0.12090191992407379,False,0.002,Google Chrome,keystroke,M1-G-2
ses_20260630-121953-LAPTOP-R36BQBTE,2026-06-30T12:29:40.035Z,0,0.2383567658606465,False,1.99,Google Chrome,shortcut,M1-G-2
ses_20260630-121953-LAPTOP-R36BQBTE,2026-06-30T12:29:40.035Z,0,0.12081403199996625,False,0.0,Google Chrome,keystroke,M1-G-2
ses_20260630-121953-LAPTOP-R36BQBTE,2026-06-30T12:29:40.036Z,0,0.12085796907127773,False,0.001,Google Chrome,keystroke,M1-G-2
ses_20260630-121953-LAPTOP-R36BQBTE,2026-06-30T12:29:40.175Z,0,0.13251898975262155,False,0.139,Google Chrome,screenshot_smart,M1-G-2
ses_20260630-121953-LAPTOP-R36BQBTE,2026-06-30T12:29:43.021Z,0,0.25166358775169123,False,2.846,Google Chrome,mouse_click,M1-G-2
ses_20260630-121953-LAPTOP-R36BQBTE,2026-06-30T12:29:43.628Z,0,0.17050113451568746,False,0.607,Google Chrome,shortcut,M1-G-2
ses_20260630-121953-LAPTOP-R36BQBTE,2026-06-30T12:29:43.628Z,0,0.13786630582820747,False,0.0,Google Chrome,keystroke,M1-G-2
ses_20260630-121953-LAPTOP-R36BQBTE,2026-06-30T12:29:43.630Z,0,0.129166450397004,False,0.002,Google Chrome,keystroke,M1-G-2
ses_20260630-121953-LAPTOP-R36BQBTE,2026-06-30T12:29:43.729Z,0,0.13945268807807443,False,0.099,Google Chrome,screenshot_smart,M1-G-2
ses_20260630-121953-LAPTOP-R36BQBTE,2026-06-30T12:29:45.542Z,0,0.2528827528998227,False,1.813,Google Chrome,mouse_click,M1-G-2
ses_20260630-121953-LAPTOP-R36BQBTE,2026-06-30T12:29:48.344Z,0,0.4401473895255146,False,2.802,Google Chrome,app_switch,M1-G-2
ses_20260630-121953-LAPTOP-R36BQBTE,2026-06-30T12:29:48.488Z,0,0.21211711945309078,False,0.144,Google Chrome,screenshot_smart,M1-G-2
ses_20260630-121953-LAPTOP-R36BQBTE,2026-06-30T12:29:48.908Z,1,0.23678283399721106,False,0.42,Google Chrome,app_switch,M1-A-3
ses_20260630-121953-LAPTOP-R36BQBTE,2026-06-30T12:29:48.924Z,0,0.21251606449807417,False,0.016,Google Chrome,screenshot_smart,M1-A-3
ses_20260630-121953-LAPTOP-R36BQBTE,2026-06-30T12:29:48.955Z,0,0.21355613661101253,False,0.031,Google Chrome,app_switch,M1-A-3
ses_20260630-121953-LAPTOP-R36BQBTE,2026-06-30T12:29:49.012Z,0,0.30207806984728036,False,0.057,Google Chrome,app_switch,M1-A-3
ses_20260630-121953-LAPTOP-R36BQBTE,2026-06-30T12:29:49.070Z,0,0.30802988097231715,False,0.058,Google Chrome,app_switch,M1-A-3
ses_20260630-121953-LAPTOP-R36BQBTE,2026-06-30T12:29:49.123Z,0,0.3240188049015965,False,0.053,Google Chrome,app_switch,M1-A-3
ses_20260630-121953-LAPTOP-R36BQBTE,2026-06-30T12:29:49.182Z,0,0.33065590380524357,False,0.059,Google Chrome,app_switch,M1-A-3
ses_20260630-121953-LAPTOP-R36BQBTE,2026-06-30T12:29:49.237Z,0,0.31967574300657775,False,0.055,Google Chrome,app_switch,M1-A-3
ses_20260630-121953-LAPTOP-R36BQBTE,2026-06-30T12:29:49.284Z,0,0.4247938781726227,False,0.047,Google Chrome,app_switch,M1-A-3
ses_20260630-121953-LAPTOP-R36BQBTE,2026-06-30T12:29:49.357Z,0,0.41562507273732474,False,0.073,Google Chrome,app_switch,M1-A-3
ses_20260630-121953-LAPTOP-R36BQBTE,2026-06-30T12:29:49.395Z,0,0.40044226456954013,False,0.038,Google Chrome,app_switch,M1-A-3
ses_20260630-121953-LAPTOP-R36BQBTE,2026-06-30T12:29:49.501Z,0,0.3955870235204374,False,0.106,Google Chrome,app_switch,M1-A-3
ses_20260630-121953-LAPTOP-R36BQBTE,2026-06-30T12:29:49.566Z,0,0.39153990516592785,False,0.065,Google Chrome,screenshot_smart,M1-A-3
ses_20260630-121953-LAPTOP-R36BQBTE,2026-06-30T12:29:49.619Z,0,0.20494396507688897,False,0.053,Google Chrome,app_switch,M1-A-3
ses_20260630-121953-LAPTOP-R36BQBTE,2026-06-30T12:29:51.933Z,0,0.3848652386309818,False,2.314,Google Chrome,app_switch,M1-A-3
ses_20260630-121953-LAPTOP-R36BQBTE,2026-06-30T12:29:51.991Z,0,0.18994246092995762,False,0.058,Google Chrome,app_switch,M1-A-3
ses_20260630-121953-LAPTOP-R36BQBTE,2026-06-30T12:29:51.998Z,0,0.1794814082083523,False,0.007,Google Chrome,app_switch,M1-A-3
ses_20260630-121953-LAPTOP-R36BQBTE,2026-06-30T12:29:52.006Z,0,0.17954232406185522,False,0.008,Google Chrome,screenshot_smart,M1-A-3
ses_20260630-121953-LAPTOP-R36BQBTE,2026-06-30T12:29:52.026Z,0,0.08133407959771334,False,0.02,Google Chrome,app_switch,M1-A-3
ses_20260630-121953-LAPTOP-R36BQBTE,2026-06-30T12:29:52.079Z,0,0.08235971004194853,False,0.053,Google Chrome,app_switch,M1-A-3
ses_20260630-121953-LAPTOP-R36BQBTE,2026-06-30T12:29:52.135Z,0,0.08245353069623408,False,0.056,Google Chrome,app_switch,M1-A-3
ses_20260630-121953-LAPTOP-R36BQBTE,2026-06-30T12:29:52.262Z,0,0.08470251682660368,False,0.127,Google Chrome,app_switch,M1-A-3
ses_20260630-121953-LAPTOP-R36BQBTE,2026-06-30T12:29:52.269Z,0,0.08093324902211642,False,0.007,Google Chrome,app_switch,M1-A-3
ses_20260630-121953-LAPTOP-R36BQBTE,2026-06-30T12:29:52.302Z,0,0.08173671878079042,False,0.033,Google Chrome,app_switch,M1-A-3
ses_20260630-121953-LAPTOP-R36BQBTE,2026-06-30T12:29:52.404Z,0,0.08390434070193474,False,0.102,Google Chrome,app_switch,M1-A-3
ses_20260630-121953-LAPTOP-R36BQBTE,2026-06-30T12:29:52.460Z,0,0.08245353069623408,False,0.056,Google Chrome,app_switch,M1-A-3
ses_20260630-121953-LAPTOP-R36BQBTE,2026-06-30T12:29:52.578Z,0,0.08441438274719104,False,0.118,Google Chrome,app_switch,M1-A-3
ses_20260630-121953-LAPTOP-R36BQBTE,2026-06-30T12:29:52.647Z,0,0.08286121179773175,False,0.069,Google Chrome,screenshot_smart,M1-A-3
ses_20260630-121953-LAPTOP-R36BQBTE,2026-06-30T12:29:53.755Z,0,0.12191954708772479,False,1.108,Google Chrome,app_switch,M1-A-3
ses_20260630-121953-LAPTOP-R36BQBTE,2026-06-30T12:29:53.790Z,0,0.08179882420615175,False,0.035,Google Chrome,screenshot_smart,M1-A-3
ses_20260630-121953-LAPTOP-R36BQBTE,2026-06-30T12:29:53.875Z,0,0.019720021506055202,False,0.085,Google Chrome,mouse_click,M1-A-3
ses_20260630-121953-LAPTOP-R36BQBTE,2026-06-30T12:29:56.035Z,0,0.24356165704647867,False,2.16,Google Chrome,app_switch,M1-A-3
ses_20260630-121953-LAPTOP-R36BQBTE,2026-06-30T12:29:56.048Z,0,0.1169930968324909,False,0.013,Google Chrome,screenshot_smart,M1-A-3
ses_20260630-121953-LAPTOP-R36BQBTE,2026-06-30T12:29:56.798Z,0,0.15233468878684076,False,0.75,Google Chrome,shortcut,M1-A-3
ses_20260630-121953-LAPTOP-R36BQBTE,2026-06-30T12:29:56.798Z,0,0.11362295307334871,False,0.0,Google Chrome,keystroke,M1-A-3
ses_20260630-121953-LAPTOP-R36BQBTE,2026-06-30T12:29:56.800Z,0,0.11094821698465741,False,0.002,Google Chrome,keystroke,M1-A-3
ses_20260630-121953-LAPTOP-R36BQBTE,2026-06-30T12:29:56.896Z,0,0.11205926718053927,False,0.096,Google Chrome,screenshot_smart,M1-A-3
ses_20260630-121953-LAPTOP-R36BQBTE,2026-06-30T12:29:57.392Z,0,0.12960643347245734,False,0.496,Google Chrome,shortcut,M1-A-3
ses_20260630-121953-LAPTOP-R36BQBTE,2026-06-30T12:29:57.392Z,0,0.10552930496098985,False,0.0,Google Chrome,keystroke,M1-A-3
ses_20260630-121953-LAPTOP-R36BQBTE,2026-06-30T12:29:57.393Z,0,0.10298473928615419,False,0.001,Google Chrome,keystroke,M1-A-3
ses_20260630-121953-LAPTOP-R36BQBTE,2026-06-30T12:29:57.433Z,0,0.10192425883484127,False,0.04,Google Chrome,screenshot_smart,M1-A-3
ses_20260630-121953-LAPTOP-R36BQBTE,2026-06-30T12:29:57.438Z,0,0.15621489511599518,False,0.005,Google Chrome,shortcut,M1-A-3
ses_20260630-121953-LAPTOP-R36BQBTE,2026-06-30T12:29:57.438Z,0,0.15233604551282726,False,0.0,Google Chrome,keystroke,M1-A-3
ses_20260630-121953-LAPTOP-R36BQBTE,2026-06-30T12:29:57.440Z,0,0.14890307949559545,False,0.002,Google Chrome,keystroke,M1-A-3
ses_20260630-121953-LAPTOP-R36BQBTE,2026-06-30T12:29:57.779Z,0,0.17429846769608268,False,0.339,Google Chrome,keystroke,M1-A-3
ses_20260630-121953-LAPTOP-R36BQBTE,2026-06-30T12:29:57.781Z,0,0.1615887276696029,False,0.002,Google Chrome,keystroke,M1-A-3
ses_20260630-121953-LAPTOP-R36BQBTE,2026-06-30T12:30:00.812Z,0,0.41451846368473944,False,3.031,Google Chrome,keystroke,M1-A-3
ses_20260630-121953-LAPTOP-R36BQBTE,2026-06-30T12:30:00.813Z,0,0.16435953580838977,False,0.001,Google Chrome,keystroke,M1-A-3
ses_20260630-121953-LAPTOP-R36BQBTE,2026-06-30T12:30:00.890Z,0,0.17561817033045488,False,0.077,Google Chrome,screenshot_smart,M1-A-3
ses_20260630-121953-LAPTOP-R36BQBTE,2026-06-30T12:30:01.371Z,0,0.21362979720716166,False,0.481,Google Chrome,shortcut,M1-A-3
ses_20260630-121953-LAPTOP-R36BQBTE,2026-06-30T12:30:01.371Z,0,0.18942825642919242,False,0.0,Google Chrome,keystroke,M1-A-3
ses_20260630-121953-LAPTOP-R36BQBTE,2026-06-30T12:30:01.373Z,0,0.08390509724962224,False,0.002,Google Chrome,keystroke,M1-A-3
ses_20260630-121953-LAPTOP-R36BQBTE,2026-06-30T12:30:01.427Z,0,0.08943614153924674,False,0.054,Google Chrome,screenshot_smart,M1-A-3
ses_20260630-121953-LAPTOP-R36BQBTE,2026-06-30T12:30:03.769Z,0,0.21446705130222662,False,2.342,Google Chrome,shortcut,M1-A-3
ses_20260630-121953-LAPTOP-R36BQBTE,2026-06-30T12:30:03.769Z,0,0.09390823051366794,False,0.0,Google Chrome,keystroke,M1-A-3
ses_20260630-121953-LAPTOP-R36BQBTE,2026-06-30T12:30:03.770Z,0,0.09394342816256615,False,0.001,Google Chrome,keystroke,M1-A-3
ses_20260630-121953-LAPTOP-R36BQBTE,2026-06-30T12:30:03.875Z,0,0.09766909525900543,False,0.105,Google Chrome,screenshot_smart,M1-A-3
ses_20260630-121953-LAPTOP-R36BQBTE,2026-06-30T12:30:03.924Z,0,0.009093820676113532,False,0.049,0,upload_started,M1-A-3
ses_20260630-121953-LAPTOP-R36BQBTE,2026-06-30T12:30:05.656Z,0,0.01857299805042973,False,1.732,Notepad,app_switch,M1-A-3
ses_20260630-121953-LAPTOP-R36BQBTE,2026-06-30T12:30:05.724Z,0,0.10125344091837593,False,0.068,Notepad,screenshot_smart,M1-A-3
ses_20260630-121953-LAPTOP-R36BQBTE,2026-06-30T12:30:06.341Z,0,0.12689963821540365,False,0.617,Notepad,shortcut,M1-A-3
ses_20260630-121953-LAPTOP-R36BQBTE,2026-06-30T12:30:06.341Z,0,0.10569890548587217,False,0.0,Notepad,keystroke,M1-A-3
ses_20260630-121953-LAPTOP-R36BQBTE,2026-06-30T12:30:06.343Z,0,0.10577712061455957,False,0.002,Notepad,keystroke,M1-A-3
ses_20260630-121953-LAPTOP-R36BQBTE,2026-06-30T12:30:06.460Z,0,0.10311260076072501,False,0.117,Notepad,screenshot_smart,M1-A-3
ses_20260630-121953-LAPTOP-R36BQBTE,2026-06-30T12:30:06.567Z,0,0.10530873051876811,False,0.107,Notepad,shortcut,M1-A-3
ses_20260630-121953-LAPTOP-R36BQBTE,2026-06-30T12:30:06.567Z,0,0.10121144291354894,False,0.0,Notepad,keystroke,M1-A-3
ses_20260630-121953-LAPTOP-R36BQBTE,2026-06-30T12:30:06.569Z,0,0.10128671349575545,False,0.002,Notepad,keystroke,M1-A-3
ses_20260630-121953-LAPTOP-R36BQBTE,2026-06-30T12:30:06.749Z,0,0.10106554359123911,False,0.18,Notepad,clipboard_change,M1-A-3
ses_20260630-121953-LAPTOP-R36BQBTE,2026-06-30T12:30:06.814Z,0,0.06708123712889852,False,0.065,Notepad,shortcut,M1-A-3
